nom,prix,website,source,date_scraped,category,promotion
"iPad 10.9-inch, 64GB Wi-Fi (10th Generation)",339.99,costco.com,https://www.costco.com/ipad.html,2024-12-29 19:11:32,,
"iPad 10.2-inch, 256GB, Wi-Fi (9th Generation)",449.99,costco.com,https://www.costco.com/ipad.html,2024-12-29 19:11:32,,
"iPad 10.9-inch, 256GB Wi-Fi (10th Generation)",489.99,costco.com,https://www.costco.com/ipad.html,2024-12-29 19:11:32,,
"iPad Air 11-inch, 128GB Wi-Fi (M2 chip) Built For Intelligence",569.99,costco.com,https://www.costco.com/ipad.html,2024-12-29 19:11:32,,
"iPad Air 11-inch, 256GB Wi-Fi (M2 chip) Built For Intelligence",669.99,costco.com,https://www.costco.com/ipad.html,2024-12-29 19:11:32,,
"iPad Pro 13-inch, 256GB Wi-Fi (M4 chip) Built For Intelligence",1149.99,costco.com,https://www.costco.com/ipad.html,2024-12-29 19:11:32,,
"iPad Air 13-inch, 128GB Wi-Fi, (M2 chip) Built For Intelligence",769.99,costco.com,https://www.costco.com/ipad.html,2024-12-29 19:11:32,,
"iPad Air 13-inch, 256GB Wi-Fi, (M2 chip) Built For Intelligence",869.99,costco.com,https://www.costco.com/ipad.html,2024-12-29 19:11:32,,
"iPad Pro 11-inch, 256GB Wi-Fi (M4 chip) Built For Intelligence",899.99,costco.com,https://www.costco.com/ipad.html,2024-12-29 19:11:32,,
"iPad Pro 12.9-inch, Wi-Fi (6th Generation) Built For Intelligence",799.99,costco.com,https://www.costco.com/ipad.html,2024-12-29 19:11:32,,
"iPad mini, 128GB, Wi-Fi (A17 Pro Chip)",489.99,costco.com,https://www.costco.com/ipad.html,2024-12-29 19:11:32,,
"iPad Air 13-inch, 512GB Wi-Fi + Cellular, (M2 chip) Built For Intelligence",999.97,costco.com,https://www.costco.com/ipad.html,2024-12-29 19:11:32,,
"iPad Pro 13-inch, 1TB Wi-Fi (M4 chip) Built For Intelligence",1749.99,costco.com,https://www.costco.com/ipad.html,2024-12-29 19:11:32,,
"iPad Pro 13-inch, 512GB Wi-Fi (M4 chip) Built For Intelligence",1349.99,costco.com,https://www.costco.com/ipad.html,2024-12-29 19:11:32,,
"iPad Pro 11-inch, 512GB Wi-Fi (M4 chip) Built For Intelligence",1099.99,costco.com,https://www.costco.com/ipad.html,2024-12-29 19:11:32,,
"iPad Air 13-inch, 256GB Wi-Fi + Cellular, (M2 chip) Built For Intelligence",899.97,costco.com,https://www.costco.com/ipad.html,2024-12-29 19:11:32,,
"iPad Air 10.9-inch, 64GB, Wi-Fi + Cellular (5th Generation) Built For Intelligence",499.97,costco.com,https://www.costco.com/ipad.html,2024-12-29 19:11:32,,
"iPad Air 11-inch, 512GB Wi-Fi (M2 chip) Built For Intelligence",869.99,costco.com,https://www.costco.com/ipad.html,2024-12-29 19:11:32,,
"iPad Air 13-inch,512GB Wi-Fi, (M2 chip) Built For Intelligence",1069.99,costco.com,https://www.costco.com/ipad.html,2024-12-29 19:11:32,,
"iPad Pro 11-inch, 1TB Wi-Fi (M4 chip) Built For Intelligence",1499.99,costco.com,https://www.costco.com/ipad.html,2024-12-29 19:11:32,,
"iPad mini, 256GB, Wi-Fi (A17 Pro Chip)",589.99,costco.com,https://www.costco.com/ipad.html,2024-12-29 19:11:32,,
"iPad Pro 13-inch, 2TB Wi-Fi (M4 chip) Built For Intelligence",2149.99,costco.com,https://www.costco.com/ipad.html,2024-12-29 19:11:32,,
"iPad Air 13-inch, 128GB Wi-Fi + Cellular, (M2 chip) Built For Intelligence",799.97,costco.com,https://www.costco.com/ipad.html,2024-12-29 19:11:32,,
"iPad Air 11-inch, 512GB Wi-Fi + Cellular (M2 chip) Built For Intelligence",899.97,costco.com,https://www.costco.com/ipad.html,2024-12-29 19:11:32,,
"iPad Pro 11-inch, 2TB Wi-Fi (M4 chip) Built For Intelligence",1899.99,costco.com,https://www.costco.com/ipad.html?pageSize=24&currentPage=2,2024-12-29 19:11:35,,
"iPad mini, 512GB, Wi-Fi (A17 Pro Chip)",789.99,costco.com,https://www.costco.com/ipad.html?pageSize=24&currentPage=2,2024-12-29 19:11:35,,
"Ipad 10.2 Inch Screen, 9th Gen, Silver, 64GB, Wi-Fi Only, Bundle. Bundle includes Beats or JBL headset, Case, Screen Protector, Stylus Pen and Charging Accessories",269.99,newegg.com,https://www.newegg.com/p/pl?N=100171661%2050001759&Submit=ENE&page=1,2024-12-29 19:11:39,,
"iPad (8th Generation) MYL92LL/A 32GB Flash Storage 10.2"" 2160 x 1620 Tablet PC (Wi-Fi Only) Space Gray",249.99,newegg.com,https://www.newegg.com/p/pl?N=100171661%2050001759&Submit=ENE&page=1,2024-12-29 19:11:39,,
"iPad 8th Generation Tablet, 32GB of Storage, 10.2-inch screen, Space Gray, Wi-Fi only (8th Gen, 2020, MYL92LL/A). Includes Charging Accessories.",259.99,newegg.com,https://www.newegg.com/p/pl?N=100171661%2050001759&Submit=ENE&page=1,2024-12-29 19:11:39,,
"iPad 6 128GB Space Gray (6th Gen, 2018, MR7C2LL/A) Cellular and Wi-Fi.  Includes Charging Accessories. Updates to latest iOS",219.99,newegg.com,https://www.newegg.com/p/pl?N=100171661%2050001759&Submit=ENE&page=1,2024-12-29 19:11:39,,
"iPad 10.2 Inch Screen, 9th Gen, Space Gray, 64GB, Wi-Fi Only",269.99,newegg.com,https://www.newegg.com/p/pl?N=100171661%2050001759&Submit=ENE&page=1,2024-12-29 19:11:39,,
"iPad 7 (2019) 32GB 10.2"" Display Wi-Fi Only Space Gray",139.99,newegg.com,https://www.newegg.com/p/pl?N=100171661%2050001759&Submit=ENE&page=1,2024-12-29 19:11:39,,
"2022 10.9-inch iPad (Wi-Fi, 256GB) - Pink (10th Generation)",554.95,newegg.com,https://www.newegg.com/p/pl?N=100171661%2050001759&Submit=ENE&page=1,2024-12-29 19:11:39,,
"iPad Pro 12.9"" (5th Gen) A2378 (WiFi) 128GB Space Gray (Grade A+)",614.24,newegg.com,https://www.newegg.com/p/pl?N=100171661%2050001759&Submit=ENE&page=1,2024-12-29 19:11:39,,
iPad 9th Gen A2602 (WiFi) 64GB Space Gray (Grade A),209.99,newegg.com,https://www.newegg.com/p/pl?N=100171661%2050001759&Submit=ENE&page=1,2024-12-29 19:11:39,,
iPad 9th Gen A2602 (WiFi) 256GB Silver (Grade A+),360.74,newegg.com,https://www.newegg.com/p/pl?N=100171661%2050001759&Submit=ENE&page=1,2024-12-29 19:11:39,,
iPad Mini 5 A2126 (WiFi + Cellular Unlocked) 64GB Space Gray (Grade B),199.87,newegg.com,https://www.newegg.com/p/pl?N=100171661%2050001759&Submit=ENE&page=1,2024-12-29 19:11:39,,
"iPad 7 (7th Gen) 32GB - Wi-Fi - 10.2"" - 2019 Space Gray",129.99,newegg.com,https://www.newegg.com/p/pl?N=100171661%2050001759&Submit=ENE&page=1,2024-12-29 19:11:39,,
iPad Pro 10.5 A1701 (WiFi) 64GB Silver (Grade A+),165.74,newegg.com,https://www.newegg.com/p/pl?N=100171661%2050001759&Submit=ENE&page=1,2024-12-29 19:11:39,,
"iPad 7th Generation 10.2"" 32GB Space Gray (WiFi) Grade A",139.99,newegg.com,https://www.newegg.com/p/pl?N=100171661%2050001759&Submit=ENE&page=1,2024-12-29 19:11:39,,
"iPad 7th Generation 10.2"" 32GB Space Gray (WiFi) Grade C A2197 MW742LL/A 2019",129.99,newegg.com,https://www.newegg.com/p/pl?N=100171661%2050001759&Submit=ENE&page=1,2024-12-29 19:11:39,,
"iPad Pro 5 (5th Gen) 512GB - Wi-Fi - 12.9"" - Space Gray - (2021)",849.97,newegg.com,https://www.newegg.com/p/pl?N=100171661%2050001759&Submit=ENE&page=1,2024-12-29 19:11:39,,
iPad (10th Gen) Wi-Fi - Blue,359.0,newegg.com,https://www.newegg.com/p/pl?N=100171661%2050001759&Submit=ENE&page=1,2024-12-29 19:11:39,,
"iPad Mini (A17 Pro): Intelligence, 8.3-inch Liquid Retina Display, 256GB, Wi-Fi 6E, 12MP Front/12MP Back Camera, Touch ID, All-Day Battery Life - Space Gray",709.95,newegg.com,https://www.newegg.com/p/pl?N=100171661%2050001759&Submit=ENE&page=1,2024-12-29 19:11:39,,
"12.9-inch iPad Pro (WiFi + Cellular, 2TB) - Space Gray (Renewed)",824.95,newegg.com,https://www.newegg.com/p/pl?N=100171661%2050001759&Submit=ENE&page=1,2024-12-29 19:11:39,,
iPad Pro 9.7 (1st Gen) A1673 (WiFi) 128GB Space Gray (Grade A+),129.99,newegg.com,https://www.newegg.com/p/pl?N=100171661%2050001759&Submit=ENE&page=1,2024-12-29 19:11:39,,
"iPad Pro 5 (5th Gen) 256GB - Wi-Fi - 12.9"" - Space Gray - (2021)",749.97,newegg.com,https://www.newegg.com/p/pl?N=100171661%2050001759&Submit=ENE&page=1,2024-12-29 19:11:39,,
iPad 5th Gen A1823 (WiFi + Cellular Unlocked) 128GB Space Gray,142.99,newegg.com,https://www.newegg.com/p/pl?N=100171661%2050001759&Submit=ENE&page=1,2024-12-29 19:11:39,,
"iPad Pro 5 (5th Gen) 256GB - Wi-Fi - 12.9"" - Silver - (2021)",679.97,newegg.com,https://www.newegg.com/p/pl?N=100171661%2050001759&Submit=ENE&page=1,2024-12-29 19:11:39,,
"iPad Pro (1st Gen) 64GB - Wi-Fi - 11"" - Space Gray - (2018)",339.97,newegg.com,https://www.newegg.com/p/pl?N=100171661%2050001759&Submit=ENE&page=1,2024-12-29 19:11:39,,
"iPad Pro 11-Inch (M4): Ultra Retina XDR Display - Nano-Texture Glass, 2TB, Landscape 12MP Front Camera/12MP Back Camera, LiDAR Scanner, Wi-Fi 6E, Face ID, All-Day Battery Life - Silver",2189.95,newegg.com,https://www.newegg.com/p/pl?N=100171661%2050001759&Submit=ENE&page=1,2024-12-29 19:11:39,,
"iPad Air 11-inch (M2): Liquid Retina Display, 128GB, Landscape 12MP Front Camera/12MP Back Camera, Wi-Fi 6E, Touch ID, All-Day Battery Life - Purple",664.95,newegg.com,https://www.newegg.com/p/pl?N=100171661%2050001759&Submit=ENE&page=1,2024-12-29 19:11:39,,
"iPad Mini (A17 Pro): Intelligence, 8.3-inch Liquid Retina Display, 128GB, Wi-Fi 6E, 12MP Front/12MP Back Camera, Touch ID, All-Day Battery Life - Starlight",504.95,newegg.com,https://www.newegg.com/p/pl?N=100171661%2050001759&Submit=ENE&page=1,2024-12-29 19:11:39,,
"iPad Air 4 (4th Gen) 64GB - Wi-Fi - 10.9"" - Sky Blue - (2020)",314.97,newegg.com,https://www.newegg.com/p/pl?N=100171661%2050001759&Submit=ENE&page=1,2024-12-29 19:11:39,,
"iPad Pro 12.9"" (5th Gen) A2379 (WiFi + Cellular Unlocked) 512GB Space Gray (Grade A+)",799.99,newegg.com,https://www.newegg.com/p/pl?N=100171661%2050001759&Submit=ENE&page=1,2024-12-29 19:11:39,,
"2022 10.9-inch iPad (Wi-Fi, 256GB) - Silver (10th Generation)",554.95,newegg.com,https://www.newegg.com/p/pl?N=100171661%2050001759&Submit=ENE&page=1,2024-12-29 19:11:39,,
"iPad Air 11-inch (M2): Liquid Retina display, 512GB, Landscape 12MP Front Camera/12MP Back Camera, Wi-Fi 6E, Touch ID, All-Day Battery Life  Space Gray",974.95,newegg.com,https://www.newegg.com/p/pl?N=100171661%2050001759&Submit=ENE&page=1,2024-12-29 19:11:39,,
"iPad Air 13-inch (M2): Liquid Retina Display, 128GB, Landscape 12MP Front Camera/12MP Back Camera, Wi-Fi 6E, Touch ID, All-Day Battery Life - Purple",869.95,newegg.com,https://www.newegg.com/p/pl?N=100171661%2050001759&Submit=ENE&page=1,2024-12-29 19:11:39,,
"iPad Pro 11-Inch (M4): Ultra Retina XDR Display, 256GB, Landscape 12MP Front Camera/12MP Back Camera, LiDAR Scanner, Wi-Fi 6E, Face ID, All-Day Battery Life - Silver",1069.95,newegg.com,https://www.newegg.com/p/pl?N=100171661%2050001759&Submit=ENE&page=1,2024-12-29 19:11:39,,
"iPad Mini (Wi-Fi, 64GB) - Starlight",441.74,newegg.com,https://www.newegg.com/p/pl?N=100171661%2050001759&Submit=ENE&page=1,2024-12-29 19:11:39,,
"iPad Air 11-inch (M2): Liquid Retina Display, 128GB, Landscape 12MP Front Camera/12MP Back Camera, Wi-Fi 6E, Touch ID, All-Day Battery Life - Blue",689.95,newegg.com,https://www.newegg.com/p/pl?N=100171661%2050001759&Submit=ENE&page=1,2024-12-29 19:11:39,,
"iPad 7th Gen A2200 (WiFi + Cellular Unlocked) 32GB Space Gray Bundle w/ Case, Box, Bluetooth Headset, Tempered Glass, Stylus, Charger",145.99,newegg.com,https://www.newegg.com/p/pl?N=100171661%2050001759&Submit=ENE&page=1,2024-12-29 19:11:39,,
"12.9-inch iPad Pro (WiFi + Cellular, 256GB) - Space Gray (Renewed)",669.95,newegg.com,https://www.newegg.com/p/pl?N=100171661%2050001759&Submit=ENE&page=2,2024-12-29 19:11:42,,
"iPad Air (3rd Generation) 256GB, Wi-Fi + 4G, 10.5in - Space Gray MV1D2LL/A A2153",209.99,newegg.com,https://www.newegg.com/p/pl?N=100171661%2050001759&Submit=ENE&page=2,2024-12-29 19:11:42,,
"iPad Air 11-inch (M2): Liquid Retina Display, 128GB, Landscape 12MP Front Camera/12MP Back Camera, Wi-Fi 6E, Touch ID, All-Day Battery Life - Starlight",689.95,newegg.com,https://www.newegg.com/p/pl?N=100171661%2050001759&Submit=ENE&page=2,2024-12-29 19:11:42,,
"iPad Mini (A17 Pro): Intelligence, 8.3-inch Liquid Retina Display, 256GB, Wi-Fi 6E, 12MP Front/12MP Back Camera, Touch ID, All-Day Battery Life - Purple",709.95,newegg.com,https://www.newegg.com/p/pl?N=100171661%2050001759&Submit=ENE&page=2,2024-12-29 19:11:42,,
"iPad 10.2"" 7th Generation 32GB Space Gray (WiFi) A2197 MW742LL/A",129.99,newegg.com,https://www.newegg.com/p/pl?N=100171661%2050001759&Submit=ENE&page=2,2024-12-29 19:11:42,,
iPad 7th Gen A2200 (WiFi   Cellular Unlocked) 32GB Space Gray,149.17,newegg.com,https://www.newegg.com/p/pl?N=100171661%2050001759&Submit=ENE&page=2,2024-12-29 19:11:42,,
"12.9-inch iPad Pro (WiFi + Cellular, 1TB) - Space Gray (Renewed)",744.95,newegg.com,https://www.newegg.com/p/pl?N=100171661%2050001759&Submit=ENE&page=2,2024-12-29 19:11:42,,
"12.9-inch iPad Pro (WiFi + Cellular, 512GB) - Space Gray (Renewed)",709.95,newegg.com,https://www.newegg.com/p/pl?N=100171661%2050001759&Submit=ENE&page=2,2024-12-29 19:11:42,,
"iPad Mini (A17 Pro): Intelligence, 8.3-inch Liquid Retina Display, 256GB, Wi-Fi 6E, 12MP Front/12MP Back Camera, Touch ID, All-Day Battery Life - Blue",709.95,newegg.com,https://www.newegg.com/p/pl?N=100171661%2050001759&Submit=ENE&page=2,2024-12-29 19:11:42,,
"iPad Pro 9.7"" (1st Gen) A1673 (WiFi + Cellular Unlocked) 32GB Rose Gold (Grade A+)",136.49,newegg.com,https://www.newegg.com/p/pl?N=100171661%2050001759&Submit=ENE&page=2,2024-12-29 19:11:42,,
"iPad Mini (A17 Pro): Intelligence, 8.3-inch Liquid Retina Display, 256GB, Wi-Fi 6E, 12MP Front/12MP Back Camera, Touch ID, All-Day Battery Life - Starlight",709.95,newegg.com,https://www.newegg.com/p/pl?N=100171661%2050001759&Submit=ENE&page=2,2024-12-29 19:11:42,,
"iPad 5 (5th Gen) 128GB - Wi-Fi - 9.7"" - Space Gray - (2017)",116.99,newegg.com,https://www.newegg.com/p/pl?N=100171661%2050001759&Submit=ENE&page=2,2024-12-29 19:11:42,,
iPad 8th Gen A2428 (WiFi + Cellular Unlocked) 32GB Space Gray (Grade A+),184.99,newegg.com,https://www.newegg.com/p/pl?N=100171661%2050001759&Submit=ENE&page=2,2024-12-29 19:11:42,,
"iPad 7 (7th Gen) 32GB - Wi-Fi + Cellular Unlocked - 10.2"" - Space Gray - (2019)",149.17,newegg.com,https://www.newegg.com/p/pl?N=100171661%2050001759&Submit=ENE&page=2,2024-12-29 19:11:42,,
"iPad Pro 9.7"" (1st Gen) A1673 (WiFi + Cellular Unlocked) 32GB Rose Gold (Grade B)",139.99,newegg.com,https://www.newegg.com/p/pl?N=100171661%2050001759&Submit=ENE&page=2,2024-12-29 19:11:42,,
"iPad 6th Gen MR7J2LL/A 9.7"" Tablet 128GB WiFi, Space Gray",214.49,newegg.com,https://www.newegg.com/p/pl?N=100171661%2050001759&Submit=ENE&page=2,2024-12-29 19:11:42,,
iPad Air 3 A2153 (WiFi + Cellular Unlocked) 64GB Space Gray (Grade A),169.99,newegg.com,https://www.newegg.com/p/pl?N=100171661%2050001759&Submit=ENE&page=2,2024-12-29 19:11:42,,
"iPad Pro 9.7"" (1st Gen) A1673 (WiFi + Cellular Unlocked) 32GB Space Gray (Grade A)",126.74,newegg.com,https://www.newegg.com/p/pl?N=100171661%2050001759&Submit=ENE&page=2,2024-12-29 19:11:42,,
iPad Mini 5-64GB - WiFi - Space Gray,260.89,newegg.com,https://www.newegg.com/p/pl?N=100171661%2050001759&Submit=ENE&page=2,2024-12-29 19:11:42,,
"iPad Pro 9.7"" (1st Gen) A1673 (WiFi + Cellular Unlocked) 128GB Space Gray",141.37,newegg.com,https://www.newegg.com/p/pl?N=100171661%2050001759&Submit=ENE&page=2,2024-12-29 19:11:42,,
iPad Pro 9.7 (1st Gen) A1673 (WiFi) 128GB Rose Gold (Grade A+),146.24,newegg.com,https://www.newegg.com/p/pl?N=100171661%2050001759&Submit=ENE&page=2,2024-12-29 19:11:42,,
"iPad Air 11-inch (M2): Liquid Retina Display, 256GB, Landscape 12MP Front Camera/12MP Back Camera, Wi-Fi 6E, Touch ID, All-Day Battery Life - Space Gray",759.95,newegg.com,https://www.newegg.com/p/pl?N=100171661%2050001759&Submit=ENE&page=2,2024-12-29 19:11:42,,
"iPad Air 11-inch (M2): Liquid Retina display, 128GB, Landscape 12MP Front Camera/12MP Back Camera, Wi-Fi 6E + 5G Cellular with eSIM, Touch ID, All-Day Battery Life - Space Gray",739.0,newegg.com,https://www.newegg.com/p/pl?N=100171661%2050001759&Submit=ENE&page=2,2024-12-29 19:11:42,,
"iPad Pro 11"" (2018) A1980 (WiFi) 64GB Space Gray (Grade A+)",329.99,newegg.com,https://www.newegg.com/p/pl?N=100171661%2050001759&Submit=ENE&page=2,2024-12-29 19:11:42,,
iPad 8th Gen A2428 (WiFi + Cellular Unlocked) 32GB Space Gray (Grade A+),214.49,newegg.com,https://www.newegg.com/p/pl?N=100171661%2050001759&Submit=ENE&page=2,2024-12-29 19:11:42,,
iPad 7th Gen A2200 (WiFi + Cellular Unlocked) 128GB Space Gray (Grade A+),190.12,newegg.com,https://www.newegg.com/p/pl?N=100171661%2050001759&Submit=ENE&page=2,2024-12-29 19:11:42,,
APPLE iPad mini Wi-Fi 64GB - Space Gray,361.96,newegg.com,https://www.newegg.com/p/pl?N=100171661%2050001759&Submit=ENE&page=2,2024-12-29 19:11:42,,
"iPad Pro 10.5"" A1709 (WiFi   Cellular Unlocked) 256GB Space Gray",239.99,newegg.com,https://www.newegg.com/p/pl?N=100171661%2050001759&Submit=ENE&page=2,2024-12-29 19:11:42,,
"iPad 7 (7th Gen) 32GB - Wi-Fi - 10.2"" - Space Gray - (2019)",129.99,newegg.com,https://www.newegg.com/p/pl?N=100171661%2050001759&Submit=ENE&page=2,2024-12-29 19:11:42,,
"iPad 10.2"" (Late 2019) 32GB, WiFi Only - Space Gray",168.79,newegg.com,https://www.newegg.com/p/pl?N=100171661%2050001759&Submit=ENE&page=2,2024-12-29 19:11:42,,
iPad Air 3 A2153 (WiFi + Cellular Unlocked) 256GB Space Gray (Grade A+),243.74,newegg.com,https://www.newegg.com/p/pl?N=100171661%2050001759&Submit=ENE&page=2,2024-12-29 19:11:42,,
iPad Mini 2nd Gen 16GB Space Gray ME276LL/A (Wi-Fi) Max iOS 12.5.5 Grade A,82.87,newegg.com,https://www.newegg.com/p/pl?N=100171661%2050001759&Submit=ENE&page=2,2024-12-29 19:11:42,,
"iPad 7th Gen A2197 (WiFi) 32GB Space Gray Bundle w/ Case, Box, Bluetooth Earbuds, Tempered Glass, Stylus, Stand, Charger",139.99,newegg.com,https://www.newegg.com/p/pl?N=100171661%2050001759&Submit=ENE&page=2,2024-12-29 19:11:42,,
"iPad Air 11-inch (M2): Liquid Retina Display, 256GB, Landscape 12MP Front Camera/12MP Back Camera, Wi-Fi 6E, Touch ID, All-Day Battery Life - Starlight",759.95,newegg.com,https://www.newegg.com/p/pl?N=100171661%2050001759&Submit=ENE&page=2,2024-12-29 19:11:42,,
"iPad 7th Gen A2200 (WiFi + Cellular Unlocked) 32GB Space Gray Bundle w/ Case, Tempered Glass, Stylus, Charger",145.99,newegg.com,https://www.newegg.com/p/pl?N=100171661%2050001759&Submit=ENE&page=2,2024-12-29 19:11:42,,
"iPad 7th Gen A2200 (WiFi + Cellular Unlocked) 32GB Space Gray Bundle w/ Case, Box, Bluetooth Earbuds, Tempered Glass, Stylus, Stand, Charger",145.99,newegg.com,https://www.newegg.com/p/pl?N=100171661%2050001759&Submit=ENE&page=2,2024-12-29 19:11:42,,
"iPad Air 11-inch (M2): Liquid Retina display, 128GB, Landscape 12MP Front Camera/12MP Back Camera, Wi-Fi 6E + 5G Cellular with eSIM, Touch ID, All-Day Battery Life - Purple",814.95,newegg.com,https://www.newegg.com/p/pl?N=100171661%2050001759&Submit=ENE&page=3,2024-12-29 19:11:45,,
iPad Air 3 A2153 (WiFi + Cellular Unlocked) 256GB Silver (Grade A+),229.99,newegg.com,https://www.newegg.com/p/pl?N=100171661%2050001759&Submit=ENE&page=3,2024-12-29 19:11:45,,
"iPad (7th Generation) MW742LL/A 32GB Flash Storage 10.2"" 2160 x 1620 Tablet PC (Wi-Fi Only) Space Gray",141.37,newegg.com,https://www.newegg.com/p/pl?N=100171661%2050001759&Submit=ENE&page=3,2024-12-29 19:11:45,,
"iPad Pro 11"" (2020) A2068 (WiFi + Cellular Unlocked) 256GB Space Gray (Grade A+)",511.87,newegg.com,https://www.newegg.com/p/pl?N=100171661%2050001759&Submit=ENE&page=3,2024-12-29 19:11:45,,
"iPad 7th Gen A2197 (WiFi) 32GB Space Gray Bundle w/ Case, Bluetooth Earbuds, Tempered Glass, Stylus, Charger",139.99,newegg.com,https://www.newegg.com/p/pl?N=100171661%2050001759&Submit=ENE&page=3,2024-12-29 19:11:45,,
iPad Pro 11 2020 A2068 WiFi + Unlocked 256GB Space Gray (Very Good),497.24,newegg.com,https://www.newegg.com/p/pl?N=100171661%2050001759&Submit=ENE&page=3,2024-12-29 19:11:45,,
iPad Pro 11 (2021) A2377 (WiFi) 128GB Space Gray (Grade A),545.99,newegg.com,https://www.newegg.com/p/pl?N=100171661%2050001759&Submit=ENE&page=3,2024-12-29 19:11:45,,
"iPad 7th Generation 10.2"" 32GB Space Gray MW742LL/A (Wi-Fi) iPadOS Grade A",139.99,newegg.com,https://www.newegg.com/p/pl?N=100171661%2050001759&Submit=ENE&page=3,2024-12-29 19:11:45,,
"Grade A Mint iPad 2 2nd Generation 16GB Wi-Fi 9.7"" Multitouch Black A1395",58.49,newegg.com,https://www.newegg.com/p/pl?N=100171661%2050001759&Submit=ENE&page=3,2024-12-29 19:11:45,,
iPad 5th Gen A1822 (WiFi) 128GB Space Gray (Grade A),116.99,newegg.com,https://www.newegg.com/p/pl?N=100171661%2050001759&Submit=ENE&page=3,2024-12-29 19:11:45,,
iPad 10th Gen A2757 (WiFi + Cellular Unlocked) 64GB Silver (Grade A+),349.99,newegg.com,https://www.newegg.com/p/pl?N=100171661%2050001759&Submit=ENE&page=3,2024-12-29 19:11:45,,
iPad 7th Gen 32GB Space Gray Wi-Fi 3F835LL/A (Latest Model),141.37,newegg.com,https://www.newegg.com/p/pl?N=100171661%2050001759&Submit=ENE&page=3,2024-12-29 19:11:45,,
iPad Mini 5 A2126 (WiFi + Cellular Unlocked) 64GB Space Gray (Grade A),209.62,newegg.com,https://www.newegg.com/p/pl?N=100171661%2050001759&Submit=ENE&page=3,2024-12-29 19:11:45,,
"iPad Pro 9.7"" (1st Gen) A1673 (WiFi + Cellular Unlocked) 32GB Space Gray (Grade A+)",139.99,newegg.com,https://www.newegg.com/p/pl?N=100171661%2050001759&Submit=ENE&page=3,2024-12-29 19:11:45,,
"iPad Pro 9.7"" (1st Gen) A1673 (WiFi) 32GB Silver (Grade A+)",121.87,newegg.com,https://www.newegg.com/p/pl?N=100171661%2050001759&Submit=ENE&page=3,2024-12-29 19:11:45,,
"iPad Pro 12.9"" (1st Gen) A1584 (WiFi) 32GB Silver (Grade B)",229.99,newegg.com,https://www.newegg.com/p/pl?N=100171661%2050001759&Submit=ENE&page=3,2024-12-29 19:11:45,,
"iPad Pro 9.7"" (1st Gen) A1673 (WiFi + Cellular Unlocked) 32GB Gold (Grade A+)",136.49,newegg.com,https://www.newegg.com/p/pl?N=100171661%2050001759&Submit=ENE&page=3,2024-12-29 19:11:45,,
iPad Mini 5 (2019) Wi-Fi + Cellular 3GB/64GB - Space Gray,209.62,newegg.com,https://www.newegg.com/p/pl?N=100171661%2050001759&Submit=ENE&page=3,2024-12-29 19:11:45,,
"iPad Air 11-inch (M2): Liquid Retina Display, 512GB, Landscape 12MP Front Camera/12MP Back Camera, Wi-Fi 6E, Touch ID, All-Day Battery Life - Starlight",974.95,newegg.com,https://www.newegg.com/p/pl?N=100171661%2050001759&Submit=ENE&page=3,2024-12-29 19:11:45,,
"iPad 7th Gen A2197 (WiFi) 32GB Space Gray Bundle w/ Case, Box, Bluetooth Neckband Earbuds, Tempered Glass, Stylus, Charger",139.99,newegg.com,https://www.newegg.com/p/pl?N=100171661%2050001759&Submit=ENE&page=3,2024-12-29 19:11:45,,
"iPad 7th Gen A2197 (WiFi) 32GB Space Gray Bundle w/ Case, Box, Tempered Glass, Stylus, Charger",139.99,newegg.com,https://www.newegg.com/p/pl?N=100171661%2050001759&Submit=ENE&page=3,2024-12-29 19:11:45,,
iPad 10.2 7th Gen (2019) 32GB (Wi-Fi + Cellular) Space Gray (Good),149.17,newegg.com,https://www.newegg.com/p/pl?N=100171661%2050001759&Submit=ENE&page=3,2024-12-29 19:11:45,,
"iPad Pro 12.9"" (3rd Gen) A2014 (WiFi + Cellular Unlocked) 64GB Space Gray (Grade A+)",429.99,newegg.com,https://www.newegg.com/p/pl?N=100171661%2050001759&Submit=ENE&page=3,2024-12-29 19:11:45,,
iPad Mini 5 A2126 (WiFi + Cellular Unlocked) 64GB Silver (Grade A+),243.74,newegg.com,https://www.newegg.com/p/pl?N=100171661%2050001759&Submit=ENE&page=3,2024-12-29 19:11:45,,
iPad Mini 5 A2126 (WiFi + Cellular Unlocked) 64GB Space Gray (Grade A+),224.24,newegg.com,https://www.newegg.com/p/pl?N=100171661%2050001759&Submit=ENE&page=3,2024-12-29 19:11:45,,
"iPad 7th Gen A2197 (WiFi) 32GB Space Gray Bundle w/ Case, Bluetooth Neckband Earbuds, Tempered Glass, Stylus, Charger",139.99,newegg.com,https://www.newegg.com/p/pl?N=100171661%2050001759&Submit=ENE&page=3,2024-12-29 19:11:45,,
"iPad 7th Gen A2197 (WiFi) 32GB Space Gray Bundle w/ Case, Tempered Glass, Stylus, Charger",139.99,newegg.com,https://www.newegg.com/p/pl?N=100171661%2050001759&Submit=ENE&page=3,2024-12-29 19:11:45,,
"iPad Air 4 (4th Gen) 64GB - Wi-Fi - 10.9"" - Rose Gold - (2020)",326.62,newegg.com,https://www.newegg.com/p/pl?N=100171661%2050001759&Submit=ENE&page=3,2024-12-29 19:11:45,,
iPad Air 4 A2324 (WiFi + Cellular Unlocked) 64GB Green (Grade A),334.99,newegg.com,https://www.newegg.com/p/pl?N=100171661%2050001759&Submit=ENE&page=3,2024-12-29 19:11:45,,
iPad 5th Gen A1823 (WiFi + Cellular Unlocked) 128GB Space Gray,126.74,newegg.com,https://www.newegg.com/p/pl?N=100171661%2050001759&Submit=ENE&page=3,2024-12-29 19:11:45,,
iPad Air 3 A2153 (WiFi + Cellular Unlocked) 64GB Space Gray (Grade A+),175.49,newegg.com,https://www.newegg.com/p/pl?N=100171661%2050001759&Submit=ENE&page=3,2024-12-29 19:11:45,,
"iPad 8 (8th Gen) 128GB - Wi-Fi - 10.2"" 2020 Silver",224.24,newegg.com,https://www.newegg.com/p/pl?N=100171661%2050001759&Submit=ENE&page=3,2024-12-29 19:11:45,,
"iPad Pro 13-Inch (M4): Ultra Retina XDR Display, 512GB, Landscape 12MP Front Camera/12MP Back Camera, LiDAR Scanner, Wi-Fi 6E, Face ID, All-Day Battery Life - Silver",1584.95,newegg.com,https://www.newegg.com/p/pl?N=100171661%2050001759&Submit=ENE&page=3,2024-12-29 19:11:45,,
"iPad Pro 11"" (2020) A2068 (WiFi + Cellular Unlocked) 128GB Space Gray (Grade A)",477.74,newegg.com,https://www.newegg.com/p/pl?N=100171661%2050001759&Submit=ENE&page=3,2024-12-29 19:11:45,,
iPad Air 4 A2324 WiFi + Cellular Unlocked 64GB Rose Gold (Very Good),326.62,newegg.com,https://www.newegg.com/p/pl?N=100171661%2050001759&Submit=ENE&page=3,2024-12-29 19:11:45,,
"iPad Pro 10.5"" A1709 (WiFi + Cellular Unlocked) 64GB Space Gray",175.49,newegg.com,https://www.newegg.com/p/pl?N=100171661%2050001759&Submit=ENE&page=3,2024-12-29 19:11:45,,
iPad Air 4 A2324 WiFi + Cellular Unlocked 64GB Rose Gold (Very Good),326.62,newegg.com,https://www.newegg.com/p/pl?N=100171661%2050001759&Submit=ENE&page=4,2024-12-29 19:11:47,,
"iPad Pro 11"" (2021) A2377 (WiFi) 128GB Space Gray (Grade A+)",555.74,newegg.com,https://www.newegg.com/p/pl?N=100171661%2050001759&Submit=ENE&page=4,2024-12-29 19:11:47,,
iPad Air 4 A2324 (WiFi + Cellular Unlocked) 64GB Space Gray (Grade A+),344.99,newegg.com,https://www.newegg.com/p/pl?N=100171661%2050001759&Submit=ENE&page=4,2024-12-29 19:11:47,,
"iPad Pro 12.9"" (2nd Gen) A1671 (WiFi + Cellular Unlocked) 256GB Space Gray",341.24,newegg.com,https://www.newegg.com/p/pl?N=100171661%2050001759&Submit=ENE&page=4,2024-12-29 19:11:47,,
iPad Air 4 A2324 (WiFi + Cellular Unlocked) 64GB Space Gray (Grade A+),395.99,newegg.com,https://www.newegg.com/p/pl?N=100171661%2050001759&Submit=ENE&page=4,2024-12-29 19:11:47,,
"iPad Pro 12.9"" (2nd Gen) A1671 (WiFi + Cellular Unlocked) 256GB Space Gray",350.99,newegg.com,https://www.newegg.com/p/pl?N=100171661%2050001759&Submit=ENE&page=4,2024-12-29 19:11:47,,
iPad Air 4 A2324 (WiFi + Cellular Unlocked) 64GB Space Gray (Grade B),379.99,newegg.com,https://www.newegg.com/p/pl?N=100171661%2050001759&Submit=ENE&page=4,2024-12-29 19:11:47,,
"iPad Pro 12.9"" (4th Gen) A2229 (WiFi) 128GB Silver (Grade A)",506.99,newegg.com,https://www.newegg.com/p/pl?N=100171661%2050001759&Submit=ENE&page=4,2024-12-29 19:11:47,,
"iPad Pro MLQ52LL/A 9.7"" Tablet 128GB WiFi + 4G LTE Fully , Gold",218.99,newegg.com,https://www.newegg.com/p/pl?N=100171661%2050001759&Submit=ENE&page=4,2024-12-29 19:11:47,,
"iPad Pro 12.9"" (5th Gen) A2379 (WiFi + Cellular Unlocked) 128GB Space Gray (Grade A)",623.99,newegg.com,https://www.newegg.com/p/pl?N=100171661%2050001759&Submit=ENE&page=4,2024-12-29 19:11:47,,
"iPad Pro 12.9"" (5th Gen) A2379 (WiFi + Cellular Unlocked) 256GB Space Gray (Grade A)",653.24,newegg.com,https://www.newegg.com/p/pl?N=100171661%2050001759&Submit=ENE&page=4,2024-12-29 19:11:47,,
iPad 9th Gen A2602 (WiFi) 64GB Silver (Grade A+),204.74,newegg.com,https://www.newegg.com/p/pl?N=100171661%2050001759&Submit=ENE&page=4,2024-12-29 19:11:47,,
iPad 5th Gen A1822 (WiFi) 128GB Silver (Grade A+),121.87,newegg.com,https://www.newegg.com/p/pl?N=100171661%2050001759&Submit=ENE&page=4,2024-12-29 19:11:47,,
iPad 9th Gen A2602 (WiFi) 64GB Silver (Grade A),199.87,newegg.com,https://www.newegg.com/p/pl?N=100171661%2050001759&Submit=ENE&page=4,2024-12-29 19:11:47,,
"iPad Pro 11"" (2020) A2068 (WiFi + Cellular Unlocked) 128GB Space Gray",487.49,newegg.com,https://www.newegg.com/p/pl?N=100171661%2050001759&Submit=ENE&page=4,2024-12-29 19:11:47,,
"iPad Pro 11"" (2020) A2068 (WiFi + Cellular Unlocked) 128GB Space Gray (Excellent)",487.49,newegg.com,https://www.newegg.com/p/pl?N=100171661%2050001759&Submit=ENE&page=4,2024-12-29 19:11:47,,
"iPad Pro 12.9"" (6th Gen) A2764 (WiFi + Cellular Unlocked) 128GB Space Gray (Grade B)",749.99,newegg.com,https://www.newegg.com/p/pl?N=100171661%2050001759&Submit=ENE&page=4,2024-12-29 19:11:47,,
iPad Air 3 A2152 (WiFi) 256GB Space Gray,209.99,newegg.com,https://www.newegg.com/p/pl?N=100171661%2050001759&Submit=ENE&page=4,2024-12-29 19:11:47,,
"iPad Pro 11-Inch (M4): Ultra Retina XDR Display, 256GB, Landscape 12MP Front Camera/12MP Back Camera, LiDAR Scanner, Wi-Fi 6E, Face ID, All-Day Battery Life  Space Black",1069.95,newegg.com,https://www.newegg.com/p/pl?N=100171661%2050001759&Submit=ENE&page=4,2024-12-29 19:11:47,,
iPad 8th Gen A2428 (WiFi + Cellular Unlocked) 128GB Gold (Grade A+),233.99,newegg.com,https://www.newegg.com/p/pl?N=100171661%2050001759&Submit=ENE&page=4,2024-12-29 19:11:47,,
iPad 7th Gen A2197 (WiFi) 128GB Space Gray (Grade B),160.87,newegg.com,https://www.newegg.com/p/pl?N=100171661%2050001759&Submit=ENE&page=4,2024-12-29 19:11:47,,
iPad 7th Gen A2200 (WiFi + Cellular Unlocked) 32GB Gold (Grade A),155.99,newegg.com,https://www.newegg.com/p/pl?N=100171661%2050001759&Submit=ENE&page=4,2024-12-29 19:11:47,,
"iPad Pro 12.9"" (4th Gen) A2229 (WiFi) 256GB Silver (Grade A+)",594.74,newegg.com,https://www.newegg.com/p/pl?N=100171661%2050001759&Submit=ENE&page=4,2024-12-29 19:11:47,,
"iPad Pro 12.9"" (5th Gen) A2379 (WiFi + Cellular Unlocked) 128GB Silver (Grade A)",604.49,newegg.com,https://www.newegg.com/p/pl?N=100171661%2050001759&Submit=ENE&page=4,2024-12-29 19:11:47,,
iPad 7th Gen A2197 (WiFi) 128GB Gold (Grade B),175.49,newegg.com,https://www.newegg.com/p/pl?N=100171661%2050001759&Submit=ENE&page=4,2024-12-29 19:11:47,,
"iPad Pro 9.7"" (1st Gen) A1673 (WiFi) 32GB Space Gray",129.99,newegg.com,https://www.newegg.com/p/pl?N=100171661%2050001759&Submit=ENE&page=4,2024-12-29 19:11:47,,
"iPad Air 11-inch (M2): Liquid Retina Display, 1TB, Landscape 12MP Front Camera/12MP Back Camera, Wi-Fi 6E, Touch ID, All-Day Battery Life - Blue",1174.95,newegg.com,https://www.newegg.com/p/pl?N=100171661%2050001759&Submit=ENE&page=4,2024-12-29 19:11:47,,
"iPad Pro 11"" (2022) A2759 (WiFi) 128GB Space Gray (Grade A)",643.49,newegg.com,https://www.newegg.com/p/pl?N=100171661%2050001759&Submit=ENE&page=4,2024-12-29 19:11:47,,
iPad Mini 5 (2019) Wi-Fi Only 3GB/64GB - Silver,214.49,newegg.com,https://www.newegg.com/p/pl?N=100171661%2050001759&Submit=ENE&page=4,2024-12-29 19:11:47,,
iPad Mini 5 (2019) Wi-Fi Only 3GB/64GB - Silver,214.49,newegg.com,https://www.newegg.com/p/pl?N=100171661%2050001759&Submit=ENE&page=4,2024-12-29 19:11:47,,
iPad Mini 5 64GB Wi-Fi - Silver,214.49,newegg.com,https://www.newegg.com/p/pl?N=100171661%2050001759&Submit=ENE&page=4,2024-12-29 19:11:47,,
"iPad Pro 11"" (2022) A2435 (WiFi + Cellular Unlocked) 128GB Space Gray (Grade A+)",682.49,newegg.com,https://www.newegg.com/p/pl?N=100171661%2050001759&Submit=ENE&page=4,2024-12-29 19:11:47,,
"iPad Pro 11"" 2018 A1980 WiFi 512GB Space Gray (Excellent)",559.99,newegg.com,https://www.newegg.com/p/pl?N=100171661%2050001759&Submit=ENE&page=4,2024-12-29 19:11:47,,
iPad Pro 12.9 (1st Gen.) 32GB Space Gray (WiFi) Grade A,233.99,newegg.com,https://www.newegg.com/p/pl?N=100171661%2050001759&Submit=ENE&page=4,2024-12-29 19:11:47,,
iPad 9 (2021) Wi-Fi Only 3GB/256GB - Silver,360.74,newegg.com,https://www.newegg.com/p/pl?N=100171661%2050001759&Submit=ENE&page=4,2024-12-29 19:11:47,,
iPad 9 (2021) Wi-Fi Only 3GB/256GB - Silver,360.74,newegg.com,https://www.newegg.com/p/pl?N=100171661%2050001759&Submit=ENE&page=4,2024-12-29 19:11:47,,
iPad Mini 5 A2133 (WiFi) 64GB Silver (Grade A+),214.49,newegg.com,https://www.newegg.com/p/pl?N=100171661%2050001759&Submit=ENE&page=5,2024-12-29 19:11:50,,
"iPad Pro 12.9"" (5th Gen) A2379 (WiFi + Cellular Unlocked) 128GB Silver (Grade A+)",614.24,newegg.com,https://www.newegg.com/p/pl?N=100171661%2050001759&Submit=ENE&page=5,2024-12-29 19:11:50,,
iPad Pro 12.9 (5th Gen) A2379 (WiFi/Cellular) 128GB Space Gray (Excellent),614.24,newegg.com,https://www.newegg.com/p/pl?N=100171661%2050001759&Submit=ENE&page=5,2024-12-29 19:11:50,,
"iPad Pro 12.9"" (5th Gen) A2379 (WiFi + Cellular Unlocked) 512GB Space Gray (Grade A)",760.49,newegg.com,https://www.newegg.com/p/pl?N=100171661%2050001759&Submit=ENE&page=5,2024-12-29 19:11:50,,
"iPad Pro 12.9"" (5th Gen) A2379 (WiFi + Cellular Unlocked) 256GB Silver (Grade A+)",643.49,newegg.com,https://www.newegg.com/p/pl?N=100171661%2050001759&Submit=ENE&page=5,2024-12-29 19:11:50,,
iPad 7th Gen A2197 (WiFi) 128GB Space Gray (Grade A+),170.62,newegg.com,https://www.newegg.com/p/pl?N=100171661%2050001759&Submit=ENE&page=5,2024-12-29 19:11:50,,
iPad Mini 2 A1489 (WiFi) 16GB Space Gray,93.49,newegg.com,https://www.newegg.com/p/pl?N=100171661%2050001759&Submit=ENE&page=5,2024-12-29 19:11:50,,
iPad Air 3 A2152 (WiFi) 256GB Space Gray (Grade B),199.99,newegg.com,https://www.newegg.com/p/pl?N=100171661%2050001759&Submit=ENE&page=5,2024-12-29 19:11:50,,
"iPad Pro 12.9"" (5th Gen) A2379 (WiFi + Cellular Unlocked) 256GB Silver (Grade A)",633.74,newegg.com,https://www.newegg.com/p/pl?N=100171661%2050001759&Submit=ENE&page=5,2024-12-29 19:11:50,,
iPad 7th Gen A2197 (WiFi) 128GB Space Gray (Grade A+),208.99,newegg.com,https://www.newegg.com/p/pl?N=100171661%2050001759&Submit=ENE&page=5,2024-12-29 19:11:50,,
iPad Air 3 A2152 (WiFi) 256GB Silver (Grade A),209.99,newegg.com,https://www.newegg.com/p/pl?N=100171661%2050001759&Submit=ENE&page=5,2024-12-29 19:11:50,,
iPad 7th Gen A2197 (WiFi) 128GB Gold (Grade A+),185.24,newegg.com,https://www.newegg.com/p/pl?N=100171661%2050001759&Submit=ENE&page=5,2024-12-29 19:11:50,,
iPad 5th Gen A1822 (WiFi) 32GB Silver (Grade A+),102.37,newegg.com,https://www.newegg.com/p/pl?N=100171661%2050001759&Submit=ENE&page=5,2024-12-29 19:11:50,,
"iPad Pro 10.5"" A1701 (WiFi) 64GB Space Gray",189.99,newegg.com,https://www.newegg.com/p/pl?N=100171661%2050001759&Submit=ENE&page=5,2024-12-29 19:11:50,,
"iPad Air 13-inch (M2): Liquid Retina display, 128GB, Landscape 12MP Front Camera/12MP Back Camera, Wi-Fi 6E + 5G Cellular with eSIM, Touch ID, All-Day Battery Life - Space Gray",1024.95,newegg.com,https://www.newegg.com/p/pl?N=100171661%2050001759&Submit=ENE&page=5,2024-12-29 19:11:50,,
iPad 7 (2019) Wi-Fi Only 3GB/32GB - Space Gray,129.99,newegg.com,https://www.newegg.com/p/pl?N=100171661%2050001759&Submit=ENE&page=5,2024-12-29 19:11:50,,
"iPad Pro 13-Inch (M4): Ultra Retina XDR Display, 256GB, Landscape 12MP Front Camera/12MP Back Camera, LiDAR Scanner, Wi-Fi 6E, Face ID, All-Day Battery Life - Silver",1429.95,newegg.com,https://www.newegg.com/p/pl?N=100171661%2050001759&Submit=ENE&page=5,2024-12-29 19:11:50,,
iPad 7 (2019) Wi-Fi Only 3GB/128GB - Space Gray,160.87,newegg.com,https://www.newegg.com/p/pl?N=100171661%2050001759&Submit=ENE&page=5,2024-12-29 19:11:50,,
iPad Mini 6 A2567 (WiFi) 256GB Space Gray (Grade A),458.24,newegg.com,https://www.newegg.com/p/pl?N=100171661%2050001759&Submit=ENE&page=5,2024-12-29 19:11:50,,
iPad 7th Gen A2197 (WiFi) 128GB Space Gray (Grade A),160.87,newegg.com,https://www.newegg.com/p/pl?N=100171661%2050001759&Submit=ENE&page=5,2024-12-29 19:11:50,,
"10.5"" iPad Pro (256GB, Wi-Fi + 4G LTE, Space Gray)",239.99,newegg.com,https://www.newegg.com/p/pl?N=100171661%2050001759&Submit=ENE&page=5,2024-12-29 19:11:50,,
"iPad Pro 12.9"" (5th Gen) A2379 (WiFi + Cellular Unlocked) 128GB Silver (Grade B)",759.99,newegg.com,https://www.newegg.com/p/pl?N=100171661%2050001759&Submit=ENE&page=5,2024-12-29 19:11:50,,
"iPad Pro 64GB Wi-Fi, 10.5 - Space Gray",189.99,newegg.com,https://www.newegg.com/p/pl?N=100171661%2050001759&Submit=ENE&page=5,2024-12-29 19:11:50,,
"iPad 7th Gen 128GB Wi-Fi, 10.2"" - Space Gray",155.99,newegg.com,https://www.newegg.com/p/pl?N=100171661%2050001759&Submit=ENE&page=5,2024-12-29 19:11:50,,
iPad Air 4 A2316 (WiFi) 64GB Green (Grade A+),324.99,newegg.com,https://www.newegg.com/p/pl?N=100171661%2050001759&Submit=ENE&page=5,2024-12-29 19:11:50,,
iPad Air 3 A2152 (WiFi) 256GB Space Gray (Grade A+),224.24,newegg.com,https://www.newegg.com/p/pl?N=100171661%2050001759&Submit=ENE&page=5,2024-12-29 19:11:50,,
iPad Pro 11 2nd Gen (2020) Wi-Fi + Cellular 6GB/128GB - Space Gray,487.49,newegg.com,https://www.newegg.com/p/pl?N=100171661%2050001759&Submit=ENE&page=5,2024-12-29 19:11:50,,
"iPad Air 13-inch (M2): Liquid Retina Display, 256GB, Landscape 12MP Front Camera/12MP Back Camera, Wi-Fi 6E, Touch ID, All-Day Battery Life - Blue",984.95,newegg.com,https://www.newegg.com/p/pl?N=100171661%2050001759&Submit=ENE&page=5,2024-12-29 19:11:50,,
"iPad Pro 2nd Gen 256GB Wi-Fi + 4G LTE Unlocked, 12.9"" - Silver",336.02,newegg.com,https://www.newegg.com/p/pl?N=100171661%2050001759&Submit=ENE&page=5,2024-12-29 19:11:50,,
"iPad Pro 12.9"" (5th Gen) A2379 (WiFi + Cellular Unlocked) 256GB Silver (Grade B)",779.99,newegg.com,https://www.newegg.com/p/pl?N=100171661%2050001759&Submit=ENE&page=5,2024-12-29 19:11:50,,
iPad Mini 5 256GB Wi-Fi - Space Gray,243.74,newegg.com,https://www.newegg.com/p/pl?N=100171661%2050001759&Submit=ENE&page=5,2024-12-29 19:11:50,,
iPad 7 (2019) Wi-Fi Only 3GB/32GB - Space Gray,129.99,newegg.com,https://www.newegg.com/p/pl?N=100171661%2050001759&Submit=ENE&page=5,2024-12-29 19:11:50,,
iPad 7 (2019) Wi-Fi Only 3GB/32GB - Space Gray,139.99,newegg.com,https://www.newegg.com/p/pl?N=100171661%2050001759&Submit=ENE&page=5,2024-12-29 19:11:50,,
iPad Mini 5 (2019)  Wi-Fi Only 3GB/256GB - Space Gray,243.74,newegg.com,https://www.newegg.com/p/pl?N=100171661%2050001759&Submit=ENE&page=5,2024-12-29 19:11:50,,
iPad Mini 5 (2019) Wi-Fi Only 3GB/256GB - Space Gray,243.74,newegg.com,https://www.newegg.com/p/pl?N=100171661%2050001759&Submit=ENE&page=5,2024-12-29 19:11:50,,
"iPad 7th Gen 10.2"" 32GB Space Gray (WiFi + Cellular) Grade B-",149.17,newegg.com,https://www.newegg.com/p/pl?N=100171661%2050001759&Submit=ENE&page=5,2024-12-29 19:11:50,,
iPad Mini 5 (2019) Wi-Fi Only 3GB/256GB - Space Gray,243.74,newegg.com,https://www.newegg.com/p/pl?N=100171661%2050001759&Submit=ENE&page=6,2024-12-29 19:11:53,,
iPad Mini 5 (2019)  Wi-Fi Only 3GB/256GB - Space Gray,243.74,newegg.com,https://www.newegg.com/p/pl?N=100171661%2050001759&Submit=ENE&page=6,2024-12-29 19:11:53,,
"iPad 7th Gen 10.2"" 32GB Space Gray (WiFi + Cellular) Grade B-",149.17,newegg.com,https://www.newegg.com/p/pl?N=100171661%2050001759&Submit=ENE&page=6,2024-12-29 19:11:53,,
"iPad mini 5 (5th Gen) 64GB - Wi-Fi + Cellular - 7.9"" - Space Gray - (2019)",234.97,newegg.com,https://www.newegg.com/p/pl?N=100171661%2050001759&Submit=ENE&page=6,2024-12-29 19:11:53,,
iPad Air 4 A2316 (WiFi) 64GB Space Gray (Grade A+),329.99,newegg.com,https://www.newegg.com/p/pl?N=100171661%2050001759&Submit=ENE&page=6,2024-12-29 19:11:53,,
iPad 10th Gen A2696 (WiFi) 256GB Blue (Grade A+),458.24,newegg.com,https://www.newegg.com/p/pl?N=100171661%2050001759&Submit=ENE&page=6,2024-12-29 19:11:53,,
"iPad Pro 11-Inch (M4): Ultra Retina XDR Display, 512GB, Landscape 12MP Front Camera/12MP Back Camera, LiDAR Scanner, Wi-Fi 6E, Face ID, All-Day Battery Life - Space Black",1294.95,newegg.com,https://www.newegg.com/p/pl?N=100171661%2050001759&Submit=ENE&page=6,2024-12-29 19:11:53,,
"iPad Pro 9.7"" (1st Gen) A1673 (WiFi) 32GB Rose Gold",149.99,newegg.com,https://www.newegg.com/p/pl?N=100171661%2050001759&Submit=ENE&page=6,2024-12-29 19:11:53,,
iPad Mini 5 A2133 (WiFi) 64GB Gold (Grade A+),230.99,newegg.com,https://www.newegg.com/p/pl?N=100171661%2050001759&Submit=ENE&page=6,2024-12-29 19:11:53,,
iPad Mini 5 A2133 (WiFi) 64GB Gold (Grade B),194.99,newegg.com,https://www.newegg.com/p/pl?N=100171661%2050001759&Submit=ENE&page=6,2024-12-29 19:11:53,,
"iPad Pro 13-Inch (M4): Ultra Retina XDR Display, 512GB, Landscape 12MP Front Camera/12MP Back Camera, LiDAR Scanner, Wi-Fi 6E, Face ID, All-Day Battery Life - Space Black",1584.95,newegg.com,https://www.newegg.com/p/pl?N=100171661%2050001759&Submit=ENE&page=6,2024-12-29 19:11:53,,
"iPad Pro (1st Gen) 128GB - Wi-Fi - 9.7"" - Silver - (2016)",149.97,newegg.com,https://www.newegg.com/p/pl?N=100171661%2050001759&Submit=ENE&page=6,2024-12-29 19:11:53,,
iPad Mini 5 (2019)  Wi-Fi Only 3GB/256GB - Space Gray,243.74,newegg.com,https://www.newegg.com/p/pl?N=100171661%2050001759&Submit=ENE&page=6,2024-12-29 19:11:53,,
iPad 7th Gen A2197 (WiFi) 32GB Space Gray (Grade C),169.99,newegg.com,https://www.newegg.com/p/pl?N=100171661%2050001759&Submit=ENE&page=6,2024-12-29 19:11:53,,
"iPad Pro 3 (3rd Gen) 256GB - Wi-Fi - 12.9"" - Silver - (2018)",419.97,newegg.com,https://www.newegg.com/p/pl?N=100171661%2050001759&Submit=ENE&page=6,2024-12-29 19:11:53,,
iPad Mini 5 A2133 (WiFi) 256GB Silver (Grade A+),253.49,newegg.com,https://www.newegg.com/p/pl?N=100171661%2050001759&Submit=ENE&page=6,2024-12-29 19:11:53,,
iPad Mini 5 A2133 (WiFi) 256GB Space Gray (Grade A),243.74,newegg.com,https://www.newegg.com/p/pl?N=100171661%2050001759&Submit=ENE&page=6,2024-12-29 19:11:53,,
iPad Mini 5 A2133 (WiFi) 64GB Space Gray (Grade A+),214.49,newegg.com,https://www.newegg.com/p/pl?N=100171661%2050001759&Submit=ENE&page=6,2024-12-29 19:11:53,,
iPad Mini 5 A2133 (WiFi) 64GB Gold (Grade A+),204.74,newegg.com,https://www.newegg.com/p/pl?N=100171661%2050001759&Submit=ENE&page=6,2024-12-29 19:11:53,,
iPad 7th Gen A2197 (WiFi) 32GB Space Gray,141.37,newegg.com,https://www.newegg.com/p/pl?N=100171661%2050001759&Submit=ENE&page=6,2024-12-29 19:11:53,,
iPad 7th Gen A2197 (WiFi) 32GB Space Gray,159.49,newegg.com,https://www.newegg.com/p/pl?N=100171661%2050001759&Submit=ENE&page=6,2024-12-29 19:11:53,,
iPad 10th Gen A2696 (WiFi) 64GB Yellow (Grade A+),316.87,newegg.com,https://www.newegg.com/p/pl?N=100171661%2050001759&Submit=ENE&page=6,2024-12-29 19:11:53,,
iPad Mini 5 A2133 (WiFi) 64GB Space Gray (Grade A+),241.99,newegg.com,https://www.newegg.com/p/pl?N=100171661%2050001759&Submit=ENE&page=6,2024-12-29 19:11:53,,
"iPad Pro 10.5"" A1701 (WiFi) 256GB Space Gray",218.49,newegg.com,https://www.newegg.com/p/pl?N=100171661%2050001759&Submit=ENE&page=6,2024-12-29 19:11:53,,
"iPad Air 4 (4th Gen) 64GB - Wi-Fi - 10.9"" - Sky Blue - (2020)",334.97,newegg.com,https://www.newegg.com/p/pl?N=100171661%2050001759&Submit=ENE&page=6,2024-12-29 19:11:53,,
"iPad Pro 12.9"" (6th Gen) A2764 (WiFi + Cellular Unlocked) 256GB Space Gray (Grade B)",949.99,newegg.com,https://www.newegg.com/p/pl?N=100171661%2050001759&Submit=ENE&page=6,2024-12-29 19:11:53,,
iPad 7th Gen A2197 (WiFi) 32GB Space Gray,129.99,newegg.com,https://www.newegg.com/p/pl?N=100171661%2050001759&Submit=ENE&page=6,2024-12-29 19:11:53,,
iPad Mini 5 A2133 (WiFi) 256GB Space Gray (Grade A+),263.24,newegg.com,https://www.newegg.com/p/pl?N=100171661%2050001759&Submit=ENE&page=6,2024-12-29 19:11:53,,
"iPad Pro MLMP2LL/A 9.7"" Tablet 32GB WiFi , Silver",168.99,newegg.com,https://www.newegg.com/p/pl?N=100171661%2050001759&Submit=ENE&page=6,2024-12-29 19:11:53,,
iPad Mini 5 A2133 (WiFi) 256GB Gold (Grade A+),263.24,newegg.com,https://www.newegg.com/p/pl?N=100171661%2050001759&Submit=ENE&page=6,2024-12-29 19:11:53,,
iPad 2 A1395 (WiFi) 16GB Black,58.49,newegg.com,https://www.newegg.com/p/pl?N=100171661%2050001759&Submit=ENE&page=6,2024-12-29 19:11:53,,
iPad 2 A1395 (WiFi) 16GB Black,65.99,newegg.com,https://www.newegg.com/p/pl?N=100171661%2050001759&Submit=ENE&page=6,2024-12-29 19:11:53,,
"iPad Air 13-inch (M2): Liquid Retina Display, 512GB, Landscape 12MP Front Camera/12MP Back Camera, Wi-Fi 6E, Touch ID, All-Day Battery Life - Space Gray",1164.95,newegg.com,https://www.newegg.com/p/pl?N=100171661%2050001759&Submit=ENE&page=6,2024-12-29 19:11:53,,
iPad Pro 12.9 5th Gen (2021) Wi-Fi+Cellular 8GB/128GB - Space Gray,609.99,newegg.com,https://www.newegg.com/p/pl?N=100171661%2050001759&Submit=ENE&page=6,2024-12-29 19:11:53,,
iPad Air 4 A2316 (WiFi) 64GB Sky Blue (Grade A),297.37,newegg.com,https://www.newegg.com/p/pl?N=100171661%2050001759&Submit=ENE&page=6,2024-12-29 19:11:53,,
iPad Air 4 A2316 (WiFi) 64GB Silver (Grade A+),319.99,newegg.com,https://www.newegg.com/p/pl?N=100171661%2050001759&Submit=ENE&page=6,2024-12-29 19:11:53,,
"iPad Pro 11-Inch (M4): Ultra Retina XDR Display, 512GB, Landscape 12MP Front Camera/12MP Back Camera, LiDAR Scanner, Wi-Fi 6E, Face ID, All-Day Battery Life - Space Silver",1269.95,newegg.com,https://www.newegg.com/p/pl?N=100171661%2050001759&Submit=ENE&page=7,2024-12-29 19:11:56,,
"iPad Air 2 (2nd Gen) 64GB - Wi-Fi - 9.7"" - Gold - (2014)",164.97,newegg.com,https://www.newegg.com/p/pl?N=100171661%2050001759&Submit=ENE&page=7,2024-12-29 19:11:56,,
"iPad mini 2 (2nd Gen) 16GB - Wi-Fi - 7.9"" - Silver - (2013)",84.97,newegg.com,https://www.newegg.com/p/pl?N=100171661%2050001759&Submit=ENE&page=7,2024-12-29 19:11:56,,
"iPad Pro 3 (3rd Gen) 128GB - Wi-Fi - 11"" - Space Gray - (2021)",549.97,newegg.com,https://www.newegg.com/p/pl?N=100171661%2050001759&Submit=ENE&page=7,2024-12-29 19:11:56,,
"iPad Air MD787LL/A 9.7"" Tablet 64GB WiFi, Space Gray",129.99,newegg.com,https://www.newegg.com/p/pl?N=100171661%2050001759&Submit=ENE&page=7,2024-12-29 19:11:56,,
"iPad Air 13-inch (M2): Liquid Retina Display, 512GB, Landscape 12MP Front Camera/12MP Back Camera, Wi-Fi 6E, Touch ID, All-Day Battery Life - Blue",1164.95,newegg.com,https://www.newegg.com/p/pl?N=100171661%2050001759&Submit=ENE&page=7,2024-12-29 19:11:56,,
"iPad 9th Gen 10.2"" (2021) Tablet 64GB WiFi, Silver",254.99,newegg.com,https://www.newegg.com/p/pl?N=100171661%2050001759&Submit=ENE&page=7,2024-12-29 19:11:56,,
"iPad Air 13-inch (M2): Liquid Retina Display, 512GB, Landscape 12MP Front Camera/12MP Back Camera, Wi-Fi 6E, Touch ID, All-Day Battery Life - Starlight",1164.95,newegg.com,https://www.newegg.com/p/pl?N=100171661%2050001759&Submit=ENE&page=7,2024-12-29 19:11:56,,
iPad 7 (2019) Wi-Fi + Cellular 3GB/32GB - Space Gray,149.17,newegg.com,https://www.newegg.com/p/pl?N=100171661%2050001759&Submit=ENE&page=7,2024-12-29 19:11:56,,
"iPad Mini MK6K2LL/A 7.9"" Tablet 16GB WiFi, Silver",192.99,newegg.com,https://www.newegg.com/p/pl?N=100171661%2050001759&Submit=ENE&page=7,2024-12-29 19:11:56,,
"iPad Pro (1st Gen) 256GB - Wi-Fi + Cellular - 11"" - Space Gray - (2018)",399.97,newegg.com,https://www.newegg.com/p/pl?N=100171661%2050001759&Submit=ENE&page=7,2024-12-29 19:11:56,,
"iPad Air 11-inch (M2): Liquid Retina Display, 1TB, Landscape 12MP Front Camera/12MP Back Camera, Wi-Fi 6E, Touch ID, All-Day Battery Life - Starlight",1174.95,newegg.com,https://www.newegg.com/p/pl?N=100171661%2050001759&Submit=ENE&page=7,2024-12-29 19:11:56,,
"iPad Pro 4 (4th Gen) 256GB - Wi-Fi - 12.9"" - Space Gray - (2020)",579.97,newegg.com,https://www.newegg.com/p/pl?N=100171661%2050001759&Submit=ENE&page=7,2024-12-29 19:11:56,,
"iPad Pro 11-Inch (M4): Ultra Retina XDR Display, 512GB, Landscape 12MP Front Camera/12MP Back Camera, LiDAR Scanner, Wi-Fi 6E + 5G Cellular with eSIM, All-Day Battery Life - Space Black",1504.95,newegg.com,https://www.newegg.com/p/pl?N=100171661%2050001759&Submit=ENE&page=7,2024-12-29 19:11:56,,
"iPad Pro (1st Gen) 256GB - Wi-Fi - 11"" - Space Gray - (2018)",379.97,newegg.com,https://www.newegg.com/p/pl?N=100171661%2050001759&Submit=ENE&page=7,2024-12-29 19:11:56,,
iPad 5 (2017) Wi-Fi Only 2GB/128GB - Space Gray,116.99,newegg.com,https://www.newegg.com/p/pl?N=100171661%2050001759&Submit=ENE&page=7,2024-12-29 19:11:56,,
iPad 5 (2017) Wi-Fi Only 2GB/128GB - Space Gray,116.99,newegg.com,https://www.newegg.com/p/pl?N=100171661%2050001759&Submit=ENE&page=7,2024-12-29 19:11:56,,
"iPad Air 5 (5th Gen) 64GB - Wi-Fi + Cellular - 10.9"" - Blue - (2022)",474.97,newegg.com,https://www.newegg.com/p/pl?N=100171661%2050001759&Submit=ENE&page=7,2024-12-29 19:11:56,,
"iPad Air 4 (4th Gen) 64GB - Wi-Fi + Cellular - 10.9"" - Space Gray - (2020)",334.97,newegg.com,https://www.newegg.com/p/pl?N=100171661%2050001759&Submit=ENE&page=7,2024-12-29 19:11:56,,
"iPad mini 2 (2nd Gen) 16GB - Wi-Fi - 7.9"" - Silver - (2013)",84.97,newegg.com,https://www.newegg.com/p/pl?N=100171661%2050001759&Submit=ENE&page=7,2024-12-29 19:11:56,,
iPad 5 (2017) Wi-Fi Only 2GB/128GB - Space Gray,116.99,newegg.com,https://www.newegg.com/p/pl?N=100171661%2050001759&Submit=ENE&page=7,2024-12-29 19:11:56,,
iPad 5 (2017) Wi-Fi Only 2GB/128GB - Space Gray,116.99,newegg.com,https://www.newegg.com/p/pl?N=100171661%2050001759&Submit=ENE&page=7,2024-12-29 19:11:56,,
"iPad Air 13-inch (M2): Liquid Retina Display, 512GB, Landscape 12MP Front Camera/12MP Back Camera, Wi-Fi 6E + 5G Cellular with eSIM, Touch ID, All-Day Battery Life - Blue",1344.95,newegg.com,https://www.newegg.com/p/pl?N=100171661%2050001759&Submit=ENE&page=7,2024-12-29 19:11:56,,
"iPad Pro (1st Gen) 64GB - Wi-Fi - 11"" - Silver - (2018)",364.97,newegg.com,https://www.newegg.com/p/pl?N=100171661%2050001759&Submit=ENE&page=7,2024-12-29 19:11:56,,
"iPad Pro (1st Gen) 64GB - Wi-Fi - 11"" - Silver - (2018)",364.97,newegg.com,https://www.newegg.com/p/pl?N=100171661%2050001759&Submit=ENE&page=7,2024-12-29 19:11:56,,
"iPad Air 13-inch (M2): Liquid Retina display, 1TB, Landscape 12MP Front Camera/12MP Back Camera, Wi-Fi 6E + 5G Cellular with eSIM, Touch ID, All-Day Battery Life - Space Gray",1504.95,newegg.com,https://www.newegg.com/p/pl?N=100171661%2050001759&Submit=ENE&page=7,2024-12-29 19:11:56,,
"iPad Air 4 (4th Gen) 64GB - Wi-Fi + Cellular - 10.9"" - Sky Blue - (2020)",359.97,newegg.com,https://www.newegg.com/p/pl?N=100171661%2050001759&Submit=ENE&page=7,2024-12-29 19:11:56,,
"iPad Air 4 (4th Gen) 64GB - Wi-Fi + Cellular - 10.9"" - Sky Blue - (2020)",359.97,newegg.com,https://www.newegg.com/p/pl?N=100171661%2050001759&Submit=ENE&page=7,2024-12-29 19:11:56,,
"iPad Air 13-inch (M2): Liquid Retina display, 1TB, Landscape 12MP Front Camera/12MP Back Camera, Wi-Fi 6E + 5G Cellular with eSIM, Touch ID, All-Day Battery Life - Starlight",1559.95,newegg.com,https://www.newegg.com/p/pl?N=100171661%2050001759&Submit=ENE&page=7,2024-12-29 19:11:56,,
"iPad Pro 5 (5th Gen) 128GB - Wi-Fi + Cellular - 12.9"" - Space Gray - (2021)",744.97,newegg.com,https://www.newegg.com/p/pl?N=100171661%2050001759&Submit=ENE&page=7,2024-12-29 19:11:56,,
"iPad Air 5 (5th Gen) 64GB - Wi-Fi + Cellular - 10.9"" - Purple - (2022)",469.97,newegg.com,https://www.newegg.com/p/pl?N=100171661%2050001759&Submit=ENE&page=7,2024-12-29 19:11:56,,
"iPad Air 5 (5th Gen) 64GB - Wi-Fi + Cellular - 10.9"" - Blue - (2022)",474.97,newegg.com,https://www.newegg.com/p/pl?N=100171661%2050001759&Submit=ENE&page=7,2024-12-29 19:11:56,,
"iPad Pro 3 (3rd Gen) 256GB - Wi-Fi + Cellular - 12.9"" - Space Gray - (2018)",469.97,newegg.com,https://www.newegg.com/p/pl?N=100171661%2050001759&Submit=ENE&page=7,2024-12-29 19:11:56,,
"iPad Pro 3 (3rd Gen) 256GB - Wi-Fi + Cellular - 12.9"" - Space Gray - (2018)",469.97,newegg.com,https://www.newegg.com/p/pl?N=100171661%2050001759&Submit=ENE&page=7,2024-12-29 19:11:56,,
"iPad Pro 11-Inch (M4): Ultra Retina XDR Display, 2TB, Landscape 12MP Front Camera/12MP Back Camera, LiDAR Scanner, Wi-Fi 6E, Face ID, All-Day Battery Life - Space Black",2039.95,newegg.com,https://www.newegg.com/p/pl?N=100171661%2050001759&Submit=ENE&page=7,2024-12-29 19:11:56,,
"iPad Pro 11-Inch (M4): Ultra Retina XDR Display - Nano-Texture Glass, 1TB, Landscape 12MP Front Camera/12MP Back Camera, LiDAR Scanner, Wi-Fi 6E, Face ID, All-Day Battery Life - Silver",1804.95,newegg.com,https://www.newegg.com/p/pl?N=100171661%2050001759&Submit=ENE&page=7,2024-12-29 19:11:56,,
"iPad 10.9"", 10th Generation 2022 Latest Model with Wi-Fi and Capacity",339.0,samsclub.com,https://www.samsclub.com/b/apple-ipad/11260108,2024-12-29 19:12:04,,
"iPad Pro 13"" Wi-Fi with M4, Latest Model 2024 and Size",1199.0,samsclub.com,https://www.samsclub.com/b/apple-ipad/11260108,2024-12-29 19:12:04,,
iPad Air 11-inch WIFI with M2 (Latest Model 2024 Choose Color and Size),549.0,samsclub.com,https://www.samsclub.com/b/apple-ipad/11260108,2024-12-29 19:12:04,,
iPad Pro 11-inch WIFI with M4 (Latest Model 2024 Choose Color and Size),929.0,samsclub.com,https://www.samsclub.com/b/apple-ipad/11260108,2024-12-29 19:12:04,,
iPad Air 13-inch WIFI with M2 (Latest Model 2024 Choose Color and Size),749.0,samsclub.com,https://www.samsclub.com/b/apple-ipad/11260108,2024-12-29 19:12:04,,
"iPad Pro 11"" -  with Wi-Fi - Choose Color and Capacity",749.0,samsclub.com,https://www.samsclub.com/b/apple-ipad/11260108,2024-12-29 19:12:04,,
"iPad 10.2"" 64GB, 9th Generation with Wi-Fi",319.0,samsclub.com,https://www.samsclub.com/b/apple-ipad/11260108,2024-12-29 19:12:04,,
"iPad Air 10.9"" 64GB with Wi-Fi  w/M1 Chip",559.0,samsclub.com,https://www.samsclub.com/b/apple-ipad/11260108,2024-12-29 19:12:04,,
"iPad Pro 12.9"" with Wi-Fi and Capacity",1049.0,samsclub.com,https://www.samsclub.com/b/apple-ipad/11260108,2024-12-29 19:12:04,,
"iPad Air 13"" 128GB with M2 Chip + iPad Pencil Pro (Choose Color)",869.0,samsclub.com,https://www.samsclub.com/b/apple-ipad/11260108,2024-12-29 19:12:04,,
Pencil Pro (2024),119.0,samsclub.com,https://www.samsclub.com/b/apple-ipad/11260108,2024-12-29 19:12:04,,
iPad Pro 13-inch WIFI with M4 and Nano Glass (Latest Model 2024 Choose Color and Size),1849.0,samsclub.com,https://www.samsclub.com/b/apple-ipad/11260108,2024-12-29 19:12:04,,
"iPad Air 10.9"" 256GB with Wi-Fi w/M1 Chip",719.0,samsclub.com,https://www.samsclub.com/b/apple-ipad/11260108,2024-12-29 19:12:04,,
iPad Air 11-inch Cellular with M2 (Latest Model 2024 Choose Color and Size),979.0,samsclub.com,https://www.samsclub.com/b/apple-ipad/11260108,2024-12-29 19:12:04,,
"iPad Pro 11"" with Wi-Fi + Cellular and Capacity",1249.0,samsclub.com,https://www.samsclub.com/b/apple-ipad/11260108,2024-12-29 19:12:04,,
iPad Pro 11-inch WIFI with M4 and Nano Glass (Latest Model 2024 Choose Color and Size),1599.0,samsclub.com,https://www.samsclub.com/b/apple-ipad/11260108,2024-12-29 19:12:04,,
"iPad 10.2"" 256GB, 9th Generation with Wi-Fi + Cellular",579.0,samsclub.com,https://www.samsclub.com/b/apple-ipad/11260108,2024-12-29 19:12:04,,
"iPad Air 10.9"" 256GB with Wi-Fi + Cellular w/M1 Chip",869.0,samsclub.com,https://www.samsclub.com/b/apple-ipad/11260108,2024-12-29 19:12:04,,
"iPad 10.2"" 64GB, 9th Generation with Wi-Fi + Cellular",449.0,samsclub.com,https://www.samsclub.com/b/apple-ipad/11260108,2024-12-29 19:12:04,,
"iPad mini, 6th Gen Latest Model 256GB with Wi-Fi + Cellular",659.91,samsclub.com,https://www.samsclub.com/b/apple-ipad/11260108,2024-12-29 19:12:04,,
"iPad mini, 6th Gen 64GB with Wi-Fi + Cellular",519.91,samsclub.com,https://www.samsclub.com/b/apple-ipad/11260108,2024-12-29 19:12:04,,
"iPad Air 10.9"" 64GB with Wi-Fi + Cellular w/M1 Chip",719.0,samsclub.com,https://www.samsclub.com/b/apple-ipad/11260108,2024-12-29 19:12:04,,
iPad mini 7th Gen Wi-Fi and Capacity,489.0,samsclub.com,https://www.samsclub.com/b/apple-ipad/11260108,2024-12-29 19:12:04,,
iPad Mini 7th Gen 128GB Wi-Fi Space Gray & AirTag Bundle,486.0,samsclub.com,https://www.samsclub.com/b/apple-ipad/11260108,2024-12-29 19:12:04,,
"iPad Pro 11"" 512GB WiFi Silver & 4-Pack Airtag Bundle",1208.0,samsclub.com,https://www.samsclub.com/b/apple-ipad/11260108,2024-12-29 19:12:04,,
"iPad Pro 11"" 128GB, Model with Wi-Fi",749.0,samsclub.com,https://www.samsclub.com/b/apple-ipad/11260108,2024-12-29 19:12:04,,
"iPad Pro 11"" 256GB, Model with Wi-Fi",849.0,samsclub.com,https://www.samsclub.com/b/apple-ipad/11260108,2024-12-29 19:12:04,,
"iPad Pro 11"" 512GB WiFi Black & 4-Pack Airtag Bundle",1208.0,samsclub.com,https://www.samsclub.com/b/apple-ipad/11260108,2024-12-29 19:12:04,,
"iPad 10.2"" 256GB, 9th Generation with Wi-Fi",379.0,samsclub.com,https://www.samsclub.com/b/apple-ipad/11260108,2024-12-29 19:12:04,,
"iPad 10.9"", 10th Generation 2022 Latest Model with Wi-Fi + Cellular and Size",489.0,samsclub.com,https://www.samsclub.com/b/apple-ipad/11260108,2024-12-29 19:12:04,,
"iPad Pro 12.9"" with Wi-Fi + Cellular and Capacity",1249.0,samsclub.com,https://www.samsclub.com/b/apple-ipad/11260108,2024-12-29 19:12:04,,
"iPad mini, 6th Gen 64GB with Wi-Fi",379.91,samsclub.com,https://www.samsclub.com/b/apple-ipad/11260108,2024-12-29 19:12:04,,
iPad Air 13-inch Cellular with M2 (Latest Model 2024 Choose Color and Size),899.0,samsclub.com,https://www.samsclub.com/b/apple-ipad/11260108,2024-12-29 19:12:04,,
"iPad mini, 6th Gen 256GB with Wi-Fi",519.91,samsclub.com,https://www.samsclub.com/b/apple-ipad/11260108,2024-12-29 19:12:04,,
iPad Pro 11-inch Cellular with M4 and Nano Glass (Latest Model 2024 Choose Color and Size),2149.0,samsclub.com,https://www.samsclub.com/b/apple-ipad/11260108,2024-12-29 19:12:04,,
iPad Pro 11-inch Cellular with M4 (Latest Model 2024 Choose Color and Size),1129.0,samsclub.com,https://www.samsclub.com/b/apple-ipad/11260108,2024-12-29 19:12:04,,
iPad Pro 13-inch Cellular with M4 (Latest Model 2024 Choose Color and Size),1399.0,samsclub.com,https://www.samsclub.com/b/apple-ipad/11260108,2024-12-29 19:12:04,,
"iPad 10.9-inch, 64GB Wi-Fi (10th Generation)",339.99,costco.com,https://www.costco.com/ipad.html,2024-12-29 19:14:56,,
"iPad 10.2-inch, 256GB, Wi-Fi (9th Generation)",449.99,costco.com,https://www.costco.com/ipad.html,2024-12-29 19:14:56,,
"iPad 10.9-inch, 256GB Wi-Fi (10th Generation)",489.99,costco.com,https://www.costco.com/ipad.html,2024-12-29 19:14:56,,
"iPad Air 11-inch, 128GB Wi-Fi (M2 chip) Built For Intelligence",569.99,costco.com,https://www.costco.com/ipad.html,2024-12-29 19:14:56,,
"iPad Air 11-inch, 256GB Wi-Fi (M2 chip) Built For Intelligence",669.99,costco.com,https://www.costco.com/ipad.html,2024-12-29 19:14:56,,
"iPad Pro 13-inch, 256GB Wi-Fi (M4 chip) Built For Intelligence",1149.99,costco.com,https://www.costco.com/ipad.html,2024-12-29 19:14:56,,
"iPad Air 13-inch, 128GB Wi-Fi, (M2 chip) Built For Intelligence",769.99,costco.com,https://www.costco.com/ipad.html,2024-12-29 19:14:56,,
"iPad Air 13-inch, 256GB Wi-Fi, (M2 chip) Built For Intelligence",869.99,costco.com,https://www.costco.com/ipad.html,2024-12-29 19:14:56,,
"iPad Pro 11-inch, 256GB Wi-Fi (M4 chip) Built For Intelligence",899.99,costco.com,https://www.costco.com/ipad.html,2024-12-29 19:14:56,,
"iPad Pro 12.9-inch, Wi-Fi (6th Generation) Built For Intelligence",799.99,costco.com,https://www.costco.com/ipad.html,2024-12-29 19:14:56,,
"iPad mini, 128GB, Wi-Fi (A17 Pro Chip)",489.99,costco.com,https://www.costco.com/ipad.html,2024-12-29 19:14:56,,
"iPad Air 13-inch, 512GB Wi-Fi + Cellular, (M2 chip) Built For Intelligence",999.97,costco.com,https://www.costco.com/ipad.html,2024-12-29 19:14:56,,
"iPad Pro 13-inch, 1TB Wi-Fi (M4 chip) Built For Intelligence",1749.99,costco.com,https://www.costco.com/ipad.html,2024-12-29 19:14:56,,
"iPad Pro 13-inch, 512GB Wi-Fi (M4 chip) Built For Intelligence",1349.99,costco.com,https://www.costco.com/ipad.html,2024-12-29 19:14:56,,
"iPad Pro 11-inch, 512GB Wi-Fi (M4 chip) Built For Intelligence",1099.99,costco.com,https://www.costco.com/ipad.html,2024-12-29 19:14:56,,
"iPad Air 13-inch, 256GB Wi-Fi + Cellular, (M2 chip) Built For Intelligence",899.97,costco.com,https://www.costco.com/ipad.html,2024-12-29 19:14:56,,
"iPad Air 10.9-inch, 64GB, Wi-Fi + Cellular (5th Generation) Built For Intelligence",499.97,costco.com,https://www.costco.com/ipad.html,2024-12-29 19:14:56,,
"iPad Air 11-inch, 512GB Wi-Fi (M2 chip) Built For Intelligence",869.99,costco.com,https://www.costco.com/ipad.html,2024-12-29 19:14:56,,
"iPad Air 13-inch,512GB Wi-Fi, (M2 chip) Built For Intelligence",1069.99,costco.com,https://www.costco.com/ipad.html,2024-12-29 19:14:56,,
"iPad Pro 11-inch, 1TB Wi-Fi (M4 chip) Built For Intelligence",1499.99,costco.com,https://www.costco.com/ipad.html,2024-12-29 19:14:56,,
"iPad mini, 256GB, Wi-Fi (A17 Pro Chip)",589.99,costco.com,https://www.costco.com/ipad.html,2024-12-29 19:14:56,,
"iPad Pro 13-inch, 2TB Wi-Fi (M4 chip) Built For Intelligence",2149.99,costco.com,https://www.costco.com/ipad.html,2024-12-29 19:14:56,,
"iPad Air 13-inch, 128GB Wi-Fi + Cellular, (M2 chip) Built For Intelligence",799.97,costco.com,https://www.costco.com/ipad.html,2024-12-29 19:14:56,,
"iPad Air 11-inch, 512GB Wi-Fi + Cellular (M2 chip) Built For Intelligence",899.97,costco.com,https://www.costco.com/ipad.html,2024-12-29 19:14:56,,
"iPad Pro 11-inch, 2TB Wi-Fi (M4 chip) Built For Intelligence",1899.99,costco.com,https://www.costco.com/ipad.html?pageSize=24&currentPage=2,2024-12-29 19:14:58,,
"iPad mini, 512GB, Wi-Fi (A17 Pro Chip)",789.99,costco.com,https://www.costco.com/ipad.html?pageSize=24&currentPage=2,2024-12-29 19:14:58,,
iPad Pro 12.9 (1st Gen.) 32GB Space Gray (WiFi) Grade A,233.99,newegg.com,https://www.newegg.com/p/pl?N=100171661%2050001759&Submit=ENE&page=5,2024-12-29 19:15:12,,
iPad 9 (2021) Wi-Fi Only 3GB/256GB - Silver,360.74,newegg.com,https://www.newegg.com/p/pl?N=100171661%2050001759&Submit=ENE&page=5,2024-12-29 19:15:12,,
iPad 9 (2021) Wi-Fi Only 3GB/256GB - Silver,360.74,newegg.com,https://www.newegg.com/p/pl?N=100171661%2050001759&Submit=ENE&page=5,2024-12-29 19:15:12,,
iPad 9 (2021) Wi-Fi Only 3GB/256GB - Silver,360.74,newegg.com,https://www.newegg.com/p/pl?N=100171661%2050001759&Submit=ENE&page=5,2024-12-29 19:15:12,,
iPad Mini 5 A2133 (WiFi) 64GB Silver (Grade A+),214.49,newegg.com,https://www.newegg.com/p/pl?N=100171661%2050001759&Submit=ENE&page=5,2024-12-29 19:15:12,,
"iPad Pro 12.9"" (5th Gen) A2379 (WiFi + Cellular Unlocked) 128GB Silver (Grade A+)",614.24,newegg.com,https://www.newegg.com/p/pl?N=100171661%2050001759&Submit=ENE&page=5,2024-12-29 19:15:12,,
iPad Pro 12.9 (5th Gen) A2379 (WiFi/Cellular) 128GB Space Gray (Excellent),614.24,newegg.com,https://www.newegg.com/p/pl?N=100171661%2050001759&Submit=ENE&page=5,2024-12-29 19:15:12,,
"iPad Pro 12.9"" (5th Gen) A2379 (WiFi + Cellular Unlocked) 512GB Space Gray (Grade A)",760.49,newegg.com,https://www.newegg.com/p/pl?N=100171661%2050001759&Submit=ENE&page=5,2024-12-29 19:15:12,,
"iPad Pro 12.9"" (5th Gen) A2379 (WiFi + Cellular Unlocked) 256GB Silver (Grade A+)",643.49,newegg.com,https://www.newegg.com/p/pl?N=100171661%2050001759&Submit=ENE&page=5,2024-12-29 19:15:12,,
iPad 7th Gen A2197 (WiFi) 128GB Space Gray (Grade A+),170.62,newegg.com,https://www.newegg.com/p/pl?N=100171661%2050001759&Submit=ENE&page=5,2024-12-29 19:15:12,,
iPad Mini 2 A1489 (WiFi) 16GB Space Gray,93.49,newegg.com,https://www.newegg.com/p/pl?N=100171661%2050001759&Submit=ENE&page=5,2024-12-29 19:15:12,,
iPad Air 3 A2152 (WiFi) 256GB Space Gray (Grade B),199.99,newegg.com,https://www.newegg.com/p/pl?N=100171661%2050001759&Submit=ENE&page=5,2024-12-29 19:15:12,,
"iPad Pro 12.9"" (5th Gen) A2379 (WiFi + Cellular Unlocked) 256GB Silver (Grade A)",633.74,newegg.com,https://www.newegg.com/p/pl?N=100171661%2050001759&Submit=ENE&page=5,2024-12-29 19:15:12,,
iPad 7th Gen A2197 (WiFi) 128GB Space Gray (Grade A+),208.99,newegg.com,https://www.newegg.com/p/pl?N=100171661%2050001759&Submit=ENE&page=5,2024-12-29 19:15:12,,
iPad Air 3 A2152 (WiFi) 256GB Silver (Grade A),209.99,newegg.com,https://www.newegg.com/p/pl?N=100171661%2050001759&Submit=ENE&page=5,2024-12-29 19:15:12,,
iPad 7th Gen A2197 (WiFi) 128GB Gold (Grade A+),185.24,newegg.com,https://www.newegg.com/p/pl?N=100171661%2050001759&Submit=ENE&page=5,2024-12-29 19:15:12,,
iPad 5th Gen A1822 (WiFi) 32GB Silver (Grade A+),102.37,newegg.com,https://www.newegg.com/p/pl?N=100171661%2050001759&Submit=ENE&page=5,2024-12-29 19:15:12,,
"iPad Pro 10.5"" A1701 (WiFi) 64GB Space Gray",189.99,newegg.com,https://www.newegg.com/p/pl?N=100171661%2050001759&Submit=ENE&page=5,2024-12-29 19:15:12,,
"iPad Air 13-inch (M2): Liquid Retina display, 128GB, Landscape 12MP Front Camera/12MP Back Camera, Wi-Fi 6E + 5G Cellular with eSIM, Touch ID, All-Day Battery Life - Space Gray",1024.95,newegg.com,https://www.newegg.com/p/pl?N=100171661%2050001759&Submit=ENE&page=5,2024-12-29 19:15:12,,
iPad 7 (2019) Wi-Fi Only 3GB/32GB - Space Gray,129.99,newegg.com,https://www.newegg.com/p/pl?N=100171661%2050001759&Submit=ENE&page=5,2024-12-29 19:15:12,,
"iPad Pro 13-Inch (M4): Ultra Retina XDR Display, 256GB, Landscape 12MP Front Camera/12MP Back Camera, LiDAR Scanner, Wi-Fi 6E, Face ID, All-Day Battery Life - Silver",1429.95,newegg.com,https://www.newegg.com/p/pl?N=100171661%2050001759&Submit=ENE&page=5,2024-12-29 19:15:12,,
iPad 7 (2019) Wi-Fi Only 3GB/128GB - Space Gray,160.87,newegg.com,https://www.newegg.com/p/pl?N=100171661%2050001759&Submit=ENE&page=5,2024-12-29 19:15:12,,
iPad Mini 6 A2567 (WiFi) 256GB Space Gray (Grade A),458.24,newegg.com,https://www.newegg.com/p/pl?N=100171661%2050001759&Submit=ENE&page=5,2024-12-29 19:15:12,,
iPad 7th Gen A2197 (WiFi) 128GB Space Gray (Grade A),160.87,newegg.com,https://www.newegg.com/p/pl?N=100171661%2050001759&Submit=ENE&page=5,2024-12-29 19:15:12,,
"10.5"" iPad Pro (256GB, Wi-Fi + 4G LTE, Space Gray)",239.99,newegg.com,https://www.newegg.com/p/pl?N=100171661%2050001759&Submit=ENE&page=5,2024-12-29 19:15:12,,
"iPad Pro 12.9"" (5th Gen) A2379 (WiFi + Cellular Unlocked) 128GB Silver (Grade B)",759.99,newegg.com,https://www.newegg.com/p/pl?N=100171661%2050001759&Submit=ENE&page=5,2024-12-29 19:15:12,,
"iPad Pro 64GB Wi-Fi, 10.5 - Space Gray",189.99,newegg.com,https://www.newegg.com/p/pl?N=100171661%2050001759&Submit=ENE&page=5,2024-12-29 19:15:12,,
"iPad 7th Gen 128GB Wi-Fi, 10.2"" - Space Gray",155.99,newegg.com,https://www.newegg.com/p/pl?N=100171661%2050001759&Submit=ENE&page=5,2024-12-29 19:15:12,,
iPad Air 4 A2316 (WiFi) 64GB Green (Grade A+),324.99,newegg.com,https://www.newegg.com/p/pl?N=100171661%2050001759&Submit=ENE&page=5,2024-12-29 19:15:12,,
iPad Air 3 A2152 (WiFi) 256GB Space Gray (Grade A+),224.24,newegg.com,https://www.newegg.com/p/pl?N=100171661%2050001759&Submit=ENE&page=5,2024-12-29 19:15:12,,
iPad Pro 11 2nd Gen (2020) Wi-Fi + Cellular 6GB/128GB - Space Gray,487.49,newegg.com,https://www.newegg.com/p/pl?N=100171661%2050001759&Submit=ENE&page=5,2024-12-29 19:15:12,,
"iPad Air 13-inch (M2): Liquid Retina Display, 256GB, Landscape 12MP Front Camera/12MP Back Camera, Wi-Fi 6E, Touch ID, All-Day Battery Life - Blue",984.95,newegg.com,https://www.newegg.com/p/pl?N=100171661%2050001759&Submit=ENE&page=5,2024-12-29 19:15:12,,
"iPad Pro 2nd Gen 256GB Wi-Fi + 4G LTE Unlocked, 12.9"" - Silver",336.02,newegg.com,https://www.newegg.com/p/pl?N=100171661%2050001759&Submit=ENE&page=5,2024-12-29 19:15:12,,
iPad 5th Gen A1822 (WiFi) 32GB Gold (Grade A+),102.37,newegg.com,https://www.newegg.com/p/pl?N=100171661%2050001759&Submit=ENE&page=5,2024-12-29 19:15:12,,
iPad 8th Gen A2270 (WiFi) 128GB Space Gray (Grade A),184.99,newegg.com,https://www.newegg.com/p/pl?N=100171661%2050001759&Submit=ENE&page=5,2024-12-29 19:15:12,,
iPad 8th Gen A2270 (WiFi) 128GB Space Gray (Grade A+),189.99,newegg.com,https://www.newegg.com/p/pl?N=100171661%2050001759&Submit=ENE&page=5,2024-12-29 19:15:12,,
"iPad Pro 12.9"" (5th Gen) A2379 (WiFi + Cellular Unlocked) 256GB Silver (Grade B)",779.99,newegg.com,https://www.newegg.com/p/pl?N=100171661%2050001759&Submit=ENE&page=6,2024-12-29 19:15:15,,
iPad Mini 5 256GB Wi-Fi - Space Gray,243.74,newegg.com,https://www.newegg.com/p/pl?N=100171661%2050001759&Submit=ENE&page=6,2024-12-29 19:15:15,,
iPad 7 (2019) Wi-Fi Only 3GB/32GB - Space Gray,129.99,newegg.com,https://www.newegg.com/p/pl?N=100171661%2050001759&Submit=ENE&page=6,2024-12-29 19:15:15,,
iPad 7 (2019) Wi-Fi Only 3GB/32GB - Space Gray,139.99,newegg.com,https://www.newegg.com/p/pl?N=100171661%2050001759&Submit=ENE&page=6,2024-12-29 19:15:15,,
iPad Mini 5 (2019) Wi-Fi Only 3GB/256GB - Space Gray,243.74,newegg.com,https://www.newegg.com/p/pl?N=100171661%2050001759&Submit=ENE&page=6,2024-12-29 19:15:15,,
iPad Mini 5 (2019)  Wi-Fi Only 3GB/256GB - Space Gray,243.74,newegg.com,https://www.newegg.com/p/pl?N=100171661%2050001759&Submit=ENE&page=6,2024-12-29 19:15:15,,
"iPad 7th Gen 10.2"" 32GB Space Gray (WiFi + Cellular) Grade B-",149.17,newegg.com,https://www.newegg.com/p/pl?N=100171661%2050001759&Submit=ENE&page=6,2024-12-29 19:15:15,,
"iPad mini 5 (5th Gen) 64GB - Wi-Fi + Cellular - 7.9"" - Space Gray - (2019)",234.97,newegg.com,https://www.newegg.com/p/pl?N=100171661%2050001759&Submit=ENE&page=6,2024-12-29 19:15:15,,
iPad Air 4 A2316 (WiFi) 64GB Space Gray (Grade A+),329.99,newegg.com,https://www.newegg.com/p/pl?N=100171661%2050001759&Submit=ENE&page=6,2024-12-29 19:15:15,,
iPad 10th Gen A2696 (WiFi) 256GB Blue (Grade A+),458.24,newegg.com,https://www.newegg.com/p/pl?N=100171661%2050001759&Submit=ENE&page=6,2024-12-29 19:15:15,,
"iPad Pro 11-Inch (M4): Ultra Retina XDR Display, 512GB, Landscape 12MP Front Camera/12MP Back Camera, LiDAR Scanner, Wi-Fi 6E, Face ID, All-Day Battery Life - Space Black",1294.95,newegg.com,https://www.newegg.com/p/pl?N=100171661%2050001759&Submit=ENE&page=6,2024-12-29 19:15:15,,
"iPad Pro 9.7"" (1st Gen) A1673 (WiFi) 32GB Rose Gold",149.99,newegg.com,https://www.newegg.com/p/pl?N=100171661%2050001759&Submit=ENE&page=6,2024-12-29 19:15:15,,
iPad Mini 5 A2133 (WiFi) 64GB Gold (Grade A+),230.99,newegg.com,https://www.newegg.com/p/pl?N=100171661%2050001759&Submit=ENE&page=6,2024-12-29 19:15:15,,
iPad Mini 5 A2133 (WiFi) 64GB Gold (Grade B),194.99,newegg.com,https://www.newegg.com/p/pl?N=100171661%2050001759&Submit=ENE&page=6,2024-12-29 19:15:15,,
"iPad Pro 13-Inch (M4): Ultra Retina XDR Display, 512GB, Landscape 12MP Front Camera/12MP Back Camera, LiDAR Scanner, Wi-Fi 6E, Face ID, All-Day Battery Life - Space Black",1584.95,newegg.com,https://www.newegg.com/p/pl?N=100171661%2050001759&Submit=ENE&page=6,2024-12-29 19:15:15,,
"iPad Pro (1st Gen) 128GB - Wi-Fi - 9.7"" - Silver - (2016)",149.97,newegg.com,https://www.newegg.com/p/pl?N=100171661%2050001759&Submit=ENE&page=6,2024-12-29 19:15:15,,
iPad Mini 5 (2019)  Wi-Fi Only 3GB/256GB - Space Gray,243.74,newegg.com,https://www.newegg.com/p/pl?N=100171661%2050001759&Submit=ENE&page=6,2024-12-29 19:15:15,,
iPad 7th Gen A2197 (WiFi) 32GB Space Gray (Grade C),169.99,newegg.com,https://www.newegg.com/p/pl?N=100171661%2050001759&Submit=ENE&page=6,2024-12-29 19:15:15,,
"iPad Pro 3 (3rd Gen) 256GB - Wi-Fi - 12.9"" - Silver - (2018)",419.97,newegg.com,https://www.newegg.com/p/pl?N=100171661%2050001759&Submit=ENE&page=6,2024-12-29 19:15:15,,
iPad Mini 5 A2133 (WiFi) 256GB Silver (Grade A+),253.49,newegg.com,https://www.newegg.com/p/pl?N=100171661%2050001759&Submit=ENE&page=6,2024-12-29 19:15:15,,
iPad Mini 5 A2133 (WiFi) 256GB Space Gray (Grade A),243.74,newegg.com,https://www.newegg.com/p/pl?N=100171661%2050001759&Submit=ENE&page=6,2024-12-29 19:15:15,,
iPad Mini 5 A2133 (WiFi) 64GB Space Gray (Grade A+),214.49,newegg.com,https://www.newegg.com/p/pl?N=100171661%2050001759&Submit=ENE&page=6,2024-12-29 19:15:15,,
iPad Mini 5 A2133 (WiFi) 64GB Gold (Grade A+),204.74,newegg.com,https://www.newegg.com/p/pl?N=100171661%2050001759&Submit=ENE&page=6,2024-12-29 19:15:15,,
iPad 7th Gen A2197 (WiFi) 32GB Space Gray,159.49,newegg.com,https://www.newegg.com/p/pl?N=100171661%2050001759&Submit=ENE&page=6,2024-12-29 19:15:15,,
iPad 7th Gen A2197 (WiFi) 32GB Space Gray,141.37,newegg.com,https://www.newegg.com/p/pl?N=100171661%2050001759&Submit=ENE&page=6,2024-12-29 19:15:15,,
iPad 10th Gen A2696 (WiFi) 64GB Yellow (Grade A+),316.87,newegg.com,https://www.newegg.com/p/pl?N=100171661%2050001759&Submit=ENE&page=6,2024-12-29 19:15:15,,
iPad Mini 5 A2133 (WiFi) 64GB Space Gray (Grade A+),241.99,newegg.com,https://www.newegg.com/p/pl?N=100171661%2050001759&Submit=ENE&page=6,2024-12-29 19:15:15,,
"iPad Pro 10.5"" A1701 (WiFi) 256GB Space Gray",218.49,newegg.com,https://www.newegg.com/p/pl?N=100171661%2050001759&Submit=ENE&page=6,2024-12-29 19:15:15,,
"iPad Air 4 (4th Gen) 64GB - Wi-Fi - 10.9"" - Sky Blue - (2020)",334.97,newegg.com,https://www.newegg.com/p/pl?N=100171661%2050001759&Submit=ENE&page=6,2024-12-29 19:15:15,,
"iPad Pro 12.9"" (6th Gen) A2764 (WiFi + Cellular Unlocked) 256GB Space Gray (Grade B)",949.99,newegg.com,https://www.newegg.com/p/pl?N=100171661%2050001759&Submit=ENE&page=6,2024-12-29 19:15:15,,
iPad 7th Gen A2197 (WiFi) 32GB Space Gray,129.99,newegg.com,https://www.newegg.com/p/pl?N=100171661%2050001759&Submit=ENE&page=6,2024-12-29 19:15:15,,
iPad Mini 5 A2133 (WiFi) 256GB Space Gray (Grade A+),263.24,newegg.com,https://www.newegg.com/p/pl?N=100171661%2050001759&Submit=ENE&page=6,2024-12-29 19:15:15,,
"iPad Pro MLMP2LL/A 9.7"" Tablet 32GB WiFi , Silver",168.99,newegg.com,https://www.newegg.com/p/pl?N=100171661%2050001759&Submit=ENE&page=6,2024-12-29 19:15:15,,
iPad Mini 5 A2133 (WiFi) 256GB Gold (Grade A+),263.24,newegg.com,https://www.newegg.com/p/pl?N=100171661%2050001759&Submit=ENE&page=6,2024-12-29 19:15:15,,
iPad 2 A1395 (WiFi) 16GB Black,58.49,newegg.com,https://www.newegg.com/p/pl?N=100171661%2050001759&Submit=ENE&page=6,2024-12-29 19:15:15,,
iPad 2 A1395 (WiFi) 16GB Black,65.99,newegg.com,https://www.newegg.com/p/pl?N=100171661%2050001759&Submit=ENE&page=6,2024-12-29 19:15:15,,
"iPad Pro 11-Inch (M4): Ultra Retina XDR Display, 512GB, Landscape 12MP Front Camera/12MP Back Camera, LiDAR Scanner, Wi-Fi 6E, Face ID, All-Day Battery Life - Space Silver",1269.95,newegg.com,https://www.newegg.com/p/pl?N=100171661%2050001759&Submit=ENE&page=7,2024-12-29 19:15:17,,
"iPad Air 2 (2nd Gen) 64GB - Wi-Fi - 9.7"" - Gold - (2014)",164.97,newegg.com,https://www.newegg.com/p/pl?N=100171661%2050001759&Submit=ENE&page=7,2024-12-29 19:15:17,,
"iPad mini 2 (2nd Gen) 16GB - Wi-Fi - 7.9"" - Silver - (2013)",84.97,newegg.com,https://www.newegg.com/p/pl?N=100171661%2050001759&Submit=ENE&page=7,2024-12-29 19:15:17,,
"iPad Pro 3 (3rd Gen) 128GB - Wi-Fi - 11"" - Space Gray - (2021)",549.97,newegg.com,https://www.newegg.com/p/pl?N=100171661%2050001759&Submit=ENE&page=7,2024-12-29 19:15:17,,
"iPad Air MD787LL/A 9.7"" Tablet 64GB WiFi, Space Gray",129.99,newegg.com,https://www.newegg.com/p/pl?N=100171661%2050001759&Submit=ENE&page=7,2024-12-29 19:15:17,,
"iPad Air 13-inch (M2): Liquid Retina Display, 512GB, Landscape 12MP Front Camera/12MP Back Camera, Wi-Fi 6E, Touch ID, All-Day Battery Life - Blue",1164.95,newegg.com,https://www.newegg.com/p/pl?N=100171661%2050001759&Submit=ENE&page=7,2024-12-29 19:15:17,,
"iPad 9th Gen 10.2"" (2021) Tablet 64GB WiFi, Silver",254.99,newegg.com,https://www.newegg.com/p/pl?N=100171661%2050001759&Submit=ENE&page=7,2024-12-29 19:15:17,,
"iPad Air 13-inch (M2): Liquid Retina Display, 512GB, Landscape 12MP Front Camera/12MP Back Camera, Wi-Fi 6E, Touch ID, All-Day Battery Life - Starlight",1164.95,newegg.com,https://www.newegg.com/p/pl?N=100171661%2050001759&Submit=ENE&page=7,2024-12-29 19:15:17,,
iPad 7 (2019) Wi-Fi + Cellular 3GB/32GB - Space Gray,149.17,newegg.com,https://www.newegg.com/p/pl?N=100171661%2050001759&Submit=ENE&page=7,2024-12-29 19:15:17,,
"iPad Pro (1st Gen) 256GB - Wi-Fi + Cellular - 11"" - Space Gray - (2018)",399.97,newegg.com,https://www.newegg.com/p/pl?N=100171661%2050001759&Submit=ENE&page=7,2024-12-29 19:15:17,,
"iPad Air 11-inch (M2): Liquid Retina Display, 1TB, Landscape 12MP Front Camera/12MP Back Camera, Wi-Fi 6E, Touch ID, All-Day Battery Life - Starlight",1174.95,newegg.com,https://www.newegg.com/p/pl?N=100171661%2050001759&Submit=ENE&page=7,2024-12-29 19:15:17,,
"iPad Pro 4 (4th Gen) 256GB - Wi-Fi - 12.9"" - Space Gray - (2020)",579.97,newegg.com,https://www.newegg.com/p/pl?N=100171661%2050001759&Submit=ENE&page=7,2024-12-29 19:15:17,,
"iPad Pro 11-Inch (M4): Ultra Retina XDR Display, 512GB, Landscape 12MP Front Camera/12MP Back Camera, LiDAR Scanner, Wi-Fi 6E + 5G Cellular with eSIM, All-Day Battery Life - Space Black",1504.95,newegg.com,https://www.newegg.com/p/pl?N=100171661%2050001759&Submit=ENE&page=7,2024-12-29 19:15:17,,
"iPad Pro (1st Gen) 256GB - Wi-Fi - 11"" - Space Gray - (2018)",379.97,newegg.com,https://www.newegg.com/p/pl?N=100171661%2050001759&Submit=ENE&page=7,2024-12-29 19:15:17,,
iPad 5 (2017) Wi-Fi Only 2GB/128GB - Space Gray,116.99,newegg.com,https://www.newegg.com/p/pl?N=100171661%2050001759&Submit=ENE&page=7,2024-12-29 19:15:17,,
iPad 5 (2017) Wi-Fi Only 2GB/128GB - Space Gray,116.99,newegg.com,https://www.newegg.com/p/pl?N=100171661%2050001759&Submit=ENE&page=7,2024-12-29 19:15:17,,
"iPad Air 5 (5th Gen) 64GB - Wi-Fi + Cellular - 10.9"" - Blue - (2022)",474.97,newegg.com,https://www.newegg.com/p/pl?N=100171661%2050001759&Submit=ENE&page=7,2024-12-29 19:15:17,,
"iPad Air 4 (4th Gen) 64GB - Wi-Fi + Cellular - 10.9"" - Space Gray - (2020)",334.97,newegg.com,https://www.newegg.com/p/pl?N=100171661%2050001759&Submit=ENE&page=7,2024-12-29 19:15:17,,
"iPad mini 2 (2nd Gen) 16GB - Wi-Fi - 7.9"" - Silver - (2013)",84.97,newegg.com,https://www.newegg.com/p/pl?N=100171661%2050001759&Submit=ENE&page=7,2024-12-29 19:15:17,,
iPad 5 (2017) Wi-Fi Only 2GB/128GB - Space Gray,116.99,newegg.com,https://www.newegg.com/p/pl?N=100171661%2050001759&Submit=ENE&page=7,2024-12-29 19:15:17,,
iPad 5 (2017) Wi-Fi Only 2GB/128GB - Space Gray,116.99,newegg.com,https://www.newegg.com/p/pl?N=100171661%2050001759&Submit=ENE&page=7,2024-12-29 19:15:17,,
"iPad Air 13-inch (M2): Liquid Retina Display, 512GB, Landscape 12MP Front Camera/12MP Back Camera, Wi-Fi 6E + 5G Cellular with eSIM, Touch ID, All-Day Battery Life - Blue",1344.95,newegg.com,https://www.newegg.com/p/pl?N=100171661%2050001759&Submit=ENE&page=7,2024-12-29 19:15:17,,
"iPad Pro (1st Gen) 64GB - Wi-Fi - 11"" - Silver - (2018)",364.97,newegg.com,https://www.newegg.com/p/pl?N=100171661%2050001759&Submit=ENE&page=7,2024-12-29 19:15:17,,
"iPad Pro (1st Gen) 64GB - Wi-Fi - 11"" - Silver - (2018)",364.97,newegg.com,https://www.newegg.com/p/pl?N=100171661%2050001759&Submit=ENE&page=7,2024-12-29 19:15:17,,
"iPad Air 13-inch (M2): Liquid Retina display, 1TB, Landscape 12MP Front Camera/12MP Back Camera, Wi-Fi 6E + 5G Cellular with eSIM, Touch ID, All-Day Battery Life - Space Gray",1504.95,newegg.com,https://www.newegg.com/p/pl?N=100171661%2050001759&Submit=ENE&page=7,2024-12-29 19:15:17,,
"iPad Air 4 (4th Gen) 64GB - Wi-Fi + Cellular - 10.9"" - Sky Blue - (2020)",359.97,newegg.com,https://www.newegg.com/p/pl?N=100171661%2050001759&Submit=ENE&page=7,2024-12-29 19:15:17,,
"iPad Air 4 (4th Gen) 64GB - Wi-Fi + Cellular - 10.9"" - Sky Blue - (2020)",359.97,newegg.com,https://www.newegg.com/p/pl?N=100171661%2050001759&Submit=ENE&page=7,2024-12-29 19:15:17,,
"iPad Air 13-inch (M2): Liquid Retina display, 1TB, Landscape 12MP Front Camera/12MP Back Camera, Wi-Fi 6E + 5G Cellular with eSIM, Touch ID, All-Day Battery Life - Starlight",1559.95,newegg.com,https://www.newegg.com/p/pl?N=100171661%2050001759&Submit=ENE&page=7,2024-12-29 19:15:17,,
"iPad Pro 5 (5th Gen) 128GB - Wi-Fi + Cellular - 12.9"" - Space Gray - (2021)",744.97,newegg.com,https://www.newegg.com/p/pl?N=100171661%2050001759&Submit=ENE&page=7,2024-12-29 19:15:17,,
"iPad Air 5 (5th Gen) 64GB - Wi-Fi + Cellular - 10.9"" - Purple - (2022)",469.97,newegg.com,https://www.newegg.com/p/pl?N=100171661%2050001759&Submit=ENE&page=7,2024-12-29 19:15:17,,
"iPad Air 5 (5th Gen) 64GB - Wi-Fi + Cellular - 10.9"" - Blue - (2022)",474.97,newegg.com,https://www.newegg.com/p/pl?N=100171661%2050001759&Submit=ENE&page=7,2024-12-29 19:15:17,,
"iPad Pro 3 (3rd Gen) 256GB - Wi-Fi + Cellular - 12.9"" - Space Gray - (2018)",469.97,newegg.com,https://www.newegg.com/p/pl?N=100171661%2050001759&Submit=ENE&page=7,2024-12-29 19:15:17,,
"iPad Pro 3 (3rd Gen) 256GB - Wi-Fi + Cellular - 12.9"" - Space Gray - (2018)",469.97,newegg.com,https://www.newegg.com/p/pl?N=100171661%2050001759&Submit=ENE&page=7,2024-12-29 19:15:17,,
"iPad Pro 11-Inch (M4): Ultra Retina XDR Display, 2TB, Landscape 12MP Front Camera/12MP Back Camera, LiDAR Scanner, Wi-Fi 6E, Face ID, All-Day Battery Life - Space Black",2039.95,newegg.com,https://www.newegg.com/p/pl?N=100171661%2050001759&Submit=ENE&page=7,2024-12-29 19:15:17,,
"iPad Pro 11-Inch (M4): Ultra Retina XDR Display - Nano-Texture Glass, 1TB, Landscape 12MP Front Camera/12MP Back Camera, LiDAR Scanner, Wi-Fi 6E, Face ID, All-Day Battery Life - Silver",1804.95,newegg.com,https://www.newegg.com/p/pl?N=100171661%2050001759&Submit=ENE&page=7,2024-12-29 19:15:17,,
"iPad Mini MK6K2LL/A 7.9"" Tablet 16GB WiFi, Silver",192.99,newegg.com,https://www.newegg.com/p/pl?N=100171661%2050001759&Submit=ENE&page=7,2024-12-29 19:15:17,,
"iPad 10.9"", 10th Generation 2022 Latest Model with Wi-Fi and Capacity",339.0,samsclub.com,https://www.samsclub.com/b/apple-ipad/11260108,2024-12-29 19:15:21,,
"iPad Pro 13"" Wi-Fi with M4, Latest Model 2024 and Size",1199.0,samsclub.com,https://www.samsclub.com/b/apple-ipad/11260108,2024-12-29 19:15:21,,
iPad Air 11-inch WIFI with M2 (Latest Model 2024 Choose Color and Size),549.0,samsclub.com,https://www.samsclub.com/b/apple-ipad/11260108,2024-12-29 19:15:21,,
iPad Pro 11-inch WIFI with M4 (Latest Model 2024 Choose Color and Size),929.0,samsclub.com,https://www.samsclub.com/b/apple-ipad/11260108,2024-12-29 19:15:21,,
iPad Air 13-inch WIFI with M2 (Latest Model 2024 Choose Color and Size),749.0,samsclub.com,https://www.samsclub.com/b/apple-ipad/11260108,2024-12-29 19:15:21,,
"iPad Pro 11"" -  with Wi-Fi - Choose Color and Capacity",749.0,samsclub.com,https://www.samsclub.com/b/apple-ipad/11260108,2024-12-29 19:15:21,,
"iPad 10.2"" 64GB, 9th Generation with Wi-Fi",319.0,samsclub.com,https://www.samsclub.com/b/apple-ipad/11260108,2024-12-29 19:15:21,,
"iPad Air 10.9"" 64GB with Wi-Fi  w/M1 Chip",559.0,samsclub.com,https://www.samsclub.com/b/apple-ipad/11260108,2024-12-29 19:15:21,,
"iPad Pro 12.9"" with Wi-Fi and Capacity",1049.0,samsclub.com,https://www.samsclub.com/b/apple-ipad/11260108,2024-12-29 19:15:21,,
"iPad Air 13"" 128GB with M2 Chip + iPad Pencil Pro (Choose Color)",869.0,samsclub.com,https://www.samsclub.com/b/apple-ipad/11260108,2024-12-29 19:15:21,,
Pencil Pro (2024),119.0,samsclub.com,https://www.samsclub.com/b/apple-ipad/11260108,2024-12-29 19:15:21,,
iPad Pro 13-inch WIFI with M4 and Nano Glass (Latest Model 2024 Choose Color and Size),1849.0,samsclub.com,https://www.samsclub.com/b/apple-ipad/11260108,2024-12-29 19:15:21,,
"iPad Air 10.9"" 256GB with Wi-Fi w/M1 Chip",719.0,samsclub.com,https://www.samsclub.com/b/apple-ipad/11260108,2024-12-29 19:15:21,,
iPad Air 11-inch Cellular with M2 (Latest Model 2024 Choose Color and Size),979.0,samsclub.com,https://www.samsclub.com/b/apple-ipad/11260108,2024-12-29 19:15:21,,
"iPad Pro 11"" with Wi-Fi + Cellular and Capacity",1249.0,samsclub.com,https://www.samsclub.com/b/apple-ipad/11260108,2024-12-29 19:15:21,,
iPad Pro 11-inch WIFI with M4 and Nano Glass (Latest Model 2024 Choose Color and Size),1599.0,samsclub.com,https://www.samsclub.com/b/apple-ipad/11260108,2024-12-29 19:15:21,,
"iPad 10.2"" 256GB, 9th Generation with Wi-Fi + Cellular",579.0,samsclub.com,https://www.samsclub.com/b/apple-ipad/11260108,2024-12-29 19:15:21,,
"iPad Air 10.9"" 256GB with Wi-Fi + Cellular w/M1 Chip",869.0,samsclub.com,https://www.samsclub.com/b/apple-ipad/11260108,2024-12-29 19:15:21,,
"iPad 10.2"" 64GB, 9th Generation with Wi-Fi + Cellular",449.0,samsclub.com,https://www.samsclub.com/b/apple-ipad/11260108,2024-12-29 19:15:21,,
"iPad mini, 6th Gen Latest Model 256GB with Wi-Fi + Cellular",659.91,samsclub.com,https://www.samsclub.com/b/apple-ipad/11260108,2024-12-29 19:15:21,,
"iPad mini, 6th Gen 64GB with Wi-Fi + Cellular",519.91,samsclub.com,https://www.samsclub.com/b/apple-ipad/11260108,2024-12-29 19:15:21,,
"iPad Air 10.9"" 64GB with Wi-Fi + Cellular w/M1 Chip",719.0,samsclub.com,https://www.samsclub.com/b/apple-ipad/11260108,2024-12-29 19:15:21,,
iPad mini 7th Gen Wi-Fi and Capacity,489.0,samsclub.com,https://www.samsclub.com/b/apple-ipad/11260108,2024-12-29 19:15:21,,
iPad Mini 7th Gen 128GB Wi-Fi Space Gray & AirTag Bundle,486.0,samsclub.com,https://www.samsclub.com/b/apple-ipad/11260108,2024-12-29 19:15:21,,
"iPad Pro 11"" 512GB WiFi Silver & 4-Pack Airtag Bundle",1208.0,samsclub.com,https://www.samsclub.com/b/apple-ipad/11260108,2024-12-29 19:15:21,,
"iPad Pro 11"" 128GB, Model with Wi-Fi",749.0,samsclub.com,https://www.samsclub.com/b/apple-ipad/11260108,2024-12-29 19:15:21,,
"iPad Pro 11"" 256GB, Model with Wi-Fi",849.0,samsclub.com,https://www.samsclub.com/b/apple-ipad/11260108,2024-12-29 19:15:21,,
"iPad Pro 11"" 512GB WiFi Black & 4-Pack Airtag Bundle",1208.0,samsclub.com,https://www.samsclub.com/b/apple-ipad/11260108,2024-12-29 19:15:21,,
"iPad 10.2"" 256GB, 9th Generation with Wi-Fi",379.0,samsclub.com,https://www.samsclub.com/b/apple-ipad/11260108,2024-12-29 19:15:21,,
"iPad 10.9"", 10th Generation 2022 Latest Model with Wi-Fi + Cellular and Size",489.0,samsclub.com,https://www.samsclub.com/b/apple-ipad/11260108,2024-12-29 19:15:21,,
"iPad Pro 12.9"" with Wi-Fi + Cellular and Capacity",1249.0,samsclub.com,https://www.samsclub.com/b/apple-ipad/11260108,2024-12-29 19:15:21,,
"iPad mini, 6th Gen 64GB with Wi-Fi",379.91,samsclub.com,https://www.samsclub.com/b/apple-ipad/11260108,2024-12-29 19:15:21,,
iPad Air 13-inch Cellular with M2 (Latest Model 2024 Choose Color and Size),899.0,samsclub.com,https://www.samsclub.com/b/apple-ipad/11260108,2024-12-29 19:15:21,,
"iPad mini, 6th Gen 256GB with Wi-Fi",519.91,samsclub.com,https://www.samsclub.com/b/apple-ipad/11260108,2024-12-29 19:15:21,,
iPad Pro 11-inch Cellular with M4 and Nano Glass (Latest Model 2024 Choose Color and Size),2149.0,samsclub.com,https://www.samsclub.com/b/apple-ipad/11260108,2024-12-29 19:15:21,,
iPad Pro 11-inch Cellular with M4 (Latest Model 2024 Choose Color and Size),1129.0,samsclub.com,https://www.samsclub.com/b/apple-ipad/11260108,2024-12-29 19:15:21,,
iPad Pro 13-inch Cellular with M4 (Latest Model 2024 Choose Color and Size),1399.0,samsclub.com,https://www.samsclub.com/b/apple-ipad/11260108,2024-12-29 19:15:21,,
"iPad 10.9-inch, 64GB Wi-Fi (10th Generation)",339.99,costco.com,https://www.costco.com/ipad.html,2024-12-29 20:53:00,,
"iPad 10.2-inch, 256GB, Wi-Fi (9th Generation)",449.99,costco.com,https://www.costco.com/ipad.html,2024-12-29 20:53:00,,
"iPad 10.9-inch, 256GB Wi-Fi (10th Generation)",489.99,costco.com,https://www.costco.com/ipad.html,2024-12-29 20:53:00,,
"iPad Air 11-inch, 128GB Wi-Fi (M2 chip) Built For Intelligence",569.99,costco.com,https://www.costco.com/ipad.html,2024-12-29 20:53:00,,
"iPad Air 11-inch, 256GB Wi-Fi (M2 chip) Built For Intelligence",669.99,costco.com,https://www.costco.com/ipad.html,2024-12-29 20:53:00,,
"iPad Pro 13-inch, 256GB Wi-Fi (M4 chip) Built For Intelligence",1149.99,costco.com,https://www.costco.com/ipad.html,2024-12-29 20:53:00,,
"iPad Air 13-inch, 128GB Wi-Fi, (M2 chip) Built For Intelligence",769.99,costco.com,https://www.costco.com/ipad.html,2024-12-29 20:53:00,,
"iPad Air 13-inch, 256GB Wi-Fi, (M2 chip) Built For Intelligence",869.99,costco.com,https://www.costco.com/ipad.html,2024-12-29 20:53:00,,
"iPad Pro 11-inch, 256GB Wi-Fi (M4 chip) Built For Intelligence",899.99,costco.com,https://www.costco.com/ipad.html,2024-12-29 20:53:00,,
"iPad Pro 12.9-inch, Wi-Fi (6th Generation) Built For Intelligence",799.99,costco.com,https://www.costco.com/ipad.html,2024-12-29 20:53:00,,
"iPad mini, 128GB, Wi-Fi (A17 Pro Chip)",489.99,costco.com,https://www.costco.com/ipad.html,2024-12-29 20:53:00,,
"iPad Air 13-inch, 512GB Wi-Fi + Cellular, (M2 chip) Built For Intelligence",999.97,costco.com,https://www.costco.com/ipad.html,2024-12-29 20:53:00,,
"iPad Pro 13-inch, 1TB Wi-Fi (M4 chip) Built For Intelligence",1749.99,costco.com,https://www.costco.com/ipad.html,2024-12-29 20:53:00,,
"iPad Pro 13-inch, 512GB Wi-Fi (M4 chip) Built For Intelligence",1349.99,costco.com,https://www.costco.com/ipad.html,2024-12-29 20:53:00,,
"iPad Pro 11-inch, 512GB Wi-Fi (M4 chip) Built For Intelligence",1099.99,costco.com,https://www.costco.com/ipad.html,2024-12-29 20:53:00,,
"iPad Air 13-inch, 256GB Wi-Fi + Cellular, (M2 chip) Built For Intelligence",899.97,costco.com,https://www.costco.com/ipad.html,2024-12-29 20:53:00,,
"iPad Air 10.9-inch, 64GB, Wi-Fi + Cellular (5th Generation) Built For Intelligence",499.97,costco.com,https://www.costco.com/ipad.html,2024-12-29 20:53:00,,
"iPad Air 11-inch, 512GB Wi-Fi (M2 chip) Built For Intelligence",869.99,costco.com,https://www.costco.com/ipad.html,2024-12-29 20:53:00,,
"iPad Air 13-inch,512GB Wi-Fi, (M2 chip) Built For Intelligence",1069.99,costco.com,https://www.costco.com/ipad.html,2024-12-29 20:53:00,,
"iPad Pro 11-inch, 1TB Wi-Fi (M4 chip) Built For Intelligence",1499.99,costco.com,https://www.costco.com/ipad.html,2024-12-29 20:53:00,,
"iPad mini, 256GB, Wi-Fi (A17 Pro Chip)",589.99,costco.com,https://www.costco.com/ipad.html,2024-12-29 20:53:00,,
"iPad Pro 13-inch, 2TB Wi-Fi (M4 chip) Built For Intelligence",2149.99,costco.com,https://www.costco.com/ipad.html,2024-12-29 20:53:00,,
"iPad Air 13-inch, 128GB Wi-Fi + Cellular, (M2 chip) Built For Intelligence",799.97,costco.com,https://www.costco.com/ipad.html,2024-12-29 20:53:00,,
"iPad Air 11-inch, 512GB Wi-Fi + Cellular (M2 chip) Built For Intelligence",899.97,costco.com,https://www.costco.com/ipad.html,2024-12-29 20:53:00,,
"iPad Pro 11-inch, 2TB Wi-Fi (M4 chip) Built For Intelligence",1899.99,costco.com,https://www.costco.com/ipad.html?pageSize=24&currentPage=2,2024-12-29 20:53:03,,
"iPad mini, 512GB, Wi-Fi (A17 Pro Chip)",789.99,costco.com,https://www.costco.com/ipad.html?pageSize=24&currentPage=2,2024-12-29 20:53:03,,
"Ipad 10.2 Inch Screen, 9th Gen, Silver, 64GB, Wi-Fi Only, Bundle. Bundle includes Beats or JBL headset, Case, Screen Protector, Stylus Pen and Charging Accessories",269.99,newegg.com,https://www.newegg.com/p/pl?N=100171661%2050001759&Submit=ENE&page=1,2024-12-29 20:53:07,,
"iPad (8th Generation) MYL92LL/A 32GB Flash Storage 10.2"" 2160 x 1620 Tablet PC (Wi-Fi Only) Space Gray",249.99,newegg.com,https://www.newegg.com/p/pl?N=100171661%2050001759&Submit=ENE&page=1,2024-12-29 20:53:07,,
"iPad 8th Generation Tablet, 32GB of Storage, 10.2-inch screen, Space Gray, Wi-Fi only (8th Gen, 2020, MYL92LL/A). Includes Charging Accessories.",259.99,newegg.com,https://www.newegg.com/p/pl?N=100171661%2050001759&Submit=ENE&page=1,2024-12-29 20:53:07,,
"iPad 6 128GB Space Gray (6th Gen, 2018, MR7C2LL/A) Cellular and Wi-Fi.  Includes Charging Accessories. Updates to latest iOS",219.99,newegg.com,https://www.newegg.com/p/pl?N=100171661%2050001759&Submit=ENE&page=1,2024-12-29 20:53:07,,
"iPad 10.2 Inch Screen, 9th Gen, Space Gray, 64GB, Wi-Fi Only",269.99,newegg.com,https://www.newegg.com/p/pl?N=100171661%2050001759&Submit=ENE&page=1,2024-12-29 20:53:07,,
"iPad 7 (2019) 32GB 10.2"" Display Wi-Fi Only Space Gray",139.99,newegg.com,https://www.newegg.com/p/pl?N=100171661%2050001759&Submit=ENE&page=1,2024-12-29 20:53:07,,
"2022 10.9-inch iPad (Wi-Fi, 256GB) - Pink (10th Generation)",554.95,newegg.com,https://www.newegg.com/p/pl?N=100171661%2050001759&Submit=ENE&page=1,2024-12-29 20:53:07,,
"iPad Pro 12.9"" (5th Gen) A2378 (WiFi) 128GB Space Gray (Grade A+)",614.24,newegg.com,https://www.newegg.com/p/pl?N=100171661%2050001759&Submit=ENE&page=1,2024-12-29 20:53:07,,
iPad 9th Gen A2602 (WiFi) 64GB Space Gray (Grade A),209.99,newegg.com,https://www.newegg.com/p/pl?N=100171661%2050001759&Submit=ENE&page=1,2024-12-29 20:53:07,,
iPad 9th Gen A2602 (WiFi) 256GB Silver (Grade A+),360.74,newegg.com,https://www.newegg.com/p/pl?N=100171661%2050001759&Submit=ENE&page=1,2024-12-29 20:53:07,,
iPad Mini 5 A2126 (WiFi + Cellular Unlocked) 64GB Space Gray (Grade B),199.87,newegg.com,https://www.newegg.com/p/pl?N=100171661%2050001759&Submit=ENE&page=1,2024-12-29 20:53:07,,
"iPad 7 (7th Gen) 32GB - Wi-Fi - 10.2"" - 2019 Space Gray",129.99,newegg.com,https://www.newegg.com/p/pl?N=100171661%2050001759&Submit=ENE&page=1,2024-12-29 20:53:07,,
iPad Pro 10.5 A1701 (WiFi) 64GB Silver (Grade A+),165.74,newegg.com,https://www.newegg.com/p/pl?N=100171661%2050001759&Submit=ENE&page=1,2024-12-29 20:53:07,,
"iPad 7th Generation 10.2"" 32GB Space Gray (WiFi) Grade A",139.99,newegg.com,https://www.newegg.com/p/pl?N=100171661%2050001759&Submit=ENE&page=1,2024-12-29 20:53:07,,
"iPad 7th Generation 10.2"" 32GB Space Gray (WiFi) Grade C A2197 MW742LL/A 2019",129.99,newegg.com,https://www.newegg.com/p/pl?N=100171661%2050001759&Submit=ENE&page=1,2024-12-29 20:53:07,,
"iPad Pro 5 (5th Gen) 512GB - Wi-Fi - 12.9"" - Space Gray - (2021)",849.97,newegg.com,https://www.newegg.com/p/pl?N=100171661%2050001759&Submit=ENE&page=1,2024-12-29 20:53:07,,
iPad (10th Gen) Wi-Fi - Blue,359.0,newegg.com,https://www.newegg.com/p/pl?N=100171661%2050001759&Submit=ENE&page=1,2024-12-29 20:53:07,,
"iPad Mini (A17 Pro): Intelligence, 8.3-inch Liquid Retina Display, 256GB, Wi-Fi 6E, 12MP Front/12MP Back Camera, Touch ID, All-Day Battery Life - Space Gray",709.95,newegg.com,https://www.newegg.com/p/pl?N=100171661%2050001759&Submit=ENE&page=1,2024-12-29 20:53:07,,
"12.9-inch iPad Pro (WiFi + Cellular, 2TB) - Space Gray (Renewed)",824.95,newegg.com,https://www.newegg.com/p/pl?N=100171661%2050001759&Submit=ENE&page=1,2024-12-29 20:53:07,,
iPad Pro 9.7 (1st Gen) A1673 (WiFi) 128GB Space Gray (Grade A+),129.99,newegg.com,https://www.newegg.com/p/pl?N=100171661%2050001759&Submit=ENE&page=1,2024-12-29 20:53:07,,
"iPad Pro 5 (5th Gen) 256GB - Wi-Fi - 12.9"" - Space Gray - (2021)",749.97,newegg.com,https://www.newegg.com/p/pl?N=100171661%2050001759&Submit=ENE&page=1,2024-12-29 20:53:07,,
iPad 5th Gen A1823 (WiFi + Cellular Unlocked) 128GB Space Gray,142.99,newegg.com,https://www.newegg.com/p/pl?N=100171661%2050001759&Submit=ENE&page=1,2024-12-29 20:53:07,,
"iPad Pro 5 (5th Gen) 256GB - Wi-Fi - 12.9"" - Silver - (2021)",679.97,newegg.com,https://www.newegg.com/p/pl?N=100171661%2050001759&Submit=ENE&page=1,2024-12-29 20:53:07,,
"iPad Pro (1st Gen) 64GB - Wi-Fi - 11"" - Space Gray - (2018)",339.97,newegg.com,https://www.newegg.com/p/pl?N=100171661%2050001759&Submit=ENE&page=1,2024-12-29 20:53:07,,
"iPad Pro 11-Inch (M4): Ultra Retina XDR Display - Nano-Texture Glass, 2TB, Landscape 12MP Front Camera/12MP Back Camera, LiDAR Scanner, Wi-Fi 6E, Face ID, All-Day Battery Life - Silver",2189.95,newegg.com,https://www.newegg.com/p/pl?N=100171661%2050001759&Submit=ENE&page=1,2024-12-29 20:53:07,,
"iPad Air 11-inch (M2): Liquid Retina Display, 128GB, Landscape 12MP Front Camera/12MP Back Camera, Wi-Fi 6E, Touch ID, All-Day Battery Life - Purple",664.95,newegg.com,https://www.newegg.com/p/pl?N=100171661%2050001759&Submit=ENE&page=1,2024-12-29 20:53:07,,
"iPad Mini (A17 Pro): Intelligence, 8.3-inch Liquid Retina Display, 128GB, Wi-Fi 6E, 12MP Front/12MP Back Camera, Touch ID, All-Day Battery Life - Starlight",504.95,newegg.com,https://www.newegg.com/p/pl?N=100171661%2050001759&Submit=ENE&page=1,2024-12-29 20:53:07,,
"iPad Air 4 (4th Gen) 64GB - Wi-Fi - 10.9"" - Sky Blue - (2020)",314.97,newegg.com,https://www.newegg.com/p/pl?N=100171661%2050001759&Submit=ENE&page=1,2024-12-29 20:53:07,,
"iPad Pro 12.9"" (5th Gen) A2379 (WiFi + Cellular Unlocked) 512GB Space Gray (Grade A+)",799.99,newegg.com,https://www.newegg.com/p/pl?N=100171661%2050001759&Submit=ENE&page=1,2024-12-29 20:53:07,,
"2022 10.9-inch iPad (Wi-Fi, 256GB) - Silver (10th Generation)",554.95,newegg.com,https://www.newegg.com/p/pl?N=100171661%2050001759&Submit=ENE&page=1,2024-12-29 20:53:07,,
"iPad Air 11-inch (M2): Liquid Retina display, 512GB, Landscape 12MP Front Camera/12MP Back Camera, Wi-Fi 6E, Touch ID, All-Day Battery Life  Space Gray",974.95,newegg.com,https://www.newegg.com/p/pl?N=100171661%2050001759&Submit=ENE&page=1,2024-12-29 20:53:07,,
"iPad Air 13-inch (M2): Liquid Retina Display, 128GB, Landscape 12MP Front Camera/12MP Back Camera, Wi-Fi 6E, Touch ID, All-Day Battery Life - Purple",869.95,newegg.com,https://www.newegg.com/p/pl?N=100171661%2050001759&Submit=ENE&page=1,2024-12-29 20:53:07,,
"iPad Pro 11-Inch (M4): Ultra Retina XDR Display, 256GB, Landscape 12MP Front Camera/12MP Back Camera, LiDAR Scanner, Wi-Fi 6E, Face ID, All-Day Battery Life - Silver",1069.95,newegg.com,https://www.newegg.com/p/pl?N=100171661%2050001759&Submit=ENE&page=1,2024-12-29 20:53:07,,
"iPad Mini (Wi-Fi, 64GB) - Starlight",441.74,newegg.com,https://www.newegg.com/p/pl?N=100171661%2050001759&Submit=ENE&page=1,2024-12-29 20:53:07,,
"iPad Air 11-inch (M2): Liquid Retina Display, 128GB, Landscape 12MP Front Camera/12MP Back Camera, Wi-Fi 6E, Touch ID, All-Day Battery Life - Blue",689.95,newegg.com,https://www.newegg.com/p/pl?N=100171661%2050001759&Submit=ENE&page=1,2024-12-29 20:53:07,,
"iPad 7th Gen A2200 (WiFi + Cellular Unlocked) 32GB Space Gray Bundle w/ Case, Box, Bluetooth Headset, Tempered Glass, Stylus, Charger",145.99,newegg.com,https://www.newegg.com/p/pl?N=100171661%2050001759&Submit=ENE&page=1,2024-12-29 20:53:07,,
"12.9-inch iPad Pro (WiFi + Cellular, 256GB) - Space Gray (Renewed)",669.95,newegg.com,https://www.newegg.com/p/pl?N=100171661%2050001759&Submit=ENE&page=2,2024-12-29 20:53:11,,
"iPad Air (3rd Generation) 256GB, Wi-Fi + 4G, 10.5in - Space Gray MV1D2LL/A A2153",209.99,newegg.com,https://www.newegg.com/p/pl?N=100171661%2050001759&Submit=ENE&page=2,2024-12-29 20:53:11,,
"iPad Air 11-inch (M2): Liquid Retina Display, 128GB, Landscape 12MP Front Camera/12MP Back Camera, Wi-Fi 6E, Touch ID, All-Day Battery Life - Starlight",689.95,newegg.com,https://www.newegg.com/p/pl?N=100171661%2050001759&Submit=ENE&page=2,2024-12-29 20:53:11,,
"iPad Mini (A17 Pro): Intelligence, 8.3-inch Liquid Retina Display, 256GB, Wi-Fi 6E, 12MP Front/12MP Back Camera, Touch ID, All-Day Battery Life - Purple",709.95,newegg.com,https://www.newegg.com/p/pl?N=100171661%2050001759&Submit=ENE&page=2,2024-12-29 20:53:11,,
"iPad 10.2"" 7th Generation 32GB Space Gray (WiFi) A2197 MW742LL/A",129.99,newegg.com,https://www.newegg.com/p/pl?N=100171661%2050001759&Submit=ENE&page=2,2024-12-29 20:53:11,,
iPad 7th Gen A2200 (WiFi   Cellular Unlocked) 32GB Space Gray,149.17,newegg.com,https://www.newegg.com/p/pl?N=100171661%2050001759&Submit=ENE&page=2,2024-12-29 20:53:11,,
"12.9-inch iPad Pro (WiFi + Cellular, 1TB) - Space Gray (Renewed)",744.95,newegg.com,https://www.newegg.com/p/pl?N=100171661%2050001759&Submit=ENE&page=2,2024-12-29 20:53:11,,
"12.9-inch iPad Pro (WiFi + Cellular, 512GB) - Space Gray (Renewed)",709.95,newegg.com,https://www.newegg.com/p/pl?N=100171661%2050001759&Submit=ENE&page=2,2024-12-29 20:53:11,,
"iPad Mini (A17 Pro): Intelligence, 8.3-inch Liquid Retina Display, 256GB, Wi-Fi 6E, 12MP Front/12MP Back Camera, Touch ID, All-Day Battery Life - Blue",709.95,newegg.com,https://www.newegg.com/p/pl?N=100171661%2050001759&Submit=ENE&page=2,2024-12-29 20:53:11,,
"iPad Pro 9.7"" (1st Gen) A1673 (WiFi + Cellular Unlocked) 32GB Rose Gold (Grade A+)",136.49,newegg.com,https://www.newegg.com/p/pl?N=100171661%2050001759&Submit=ENE&page=2,2024-12-29 20:53:11,,
"iPad Mini (A17 Pro): Intelligence, 8.3-inch Liquid Retina Display, 256GB, Wi-Fi 6E, 12MP Front/12MP Back Camera, Touch ID, All-Day Battery Life - Starlight",709.95,newegg.com,https://www.newegg.com/p/pl?N=100171661%2050001759&Submit=ENE&page=2,2024-12-29 20:53:11,,
"iPad 5 (5th Gen) 128GB - Wi-Fi - 9.7"" - Space Gray - (2017)",116.99,newegg.com,https://www.newegg.com/p/pl?N=100171661%2050001759&Submit=ENE&page=2,2024-12-29 20:53:11,,
iPad 8th Gen A2428 (WiFi + Cellular Unlocked) 32GB Space Gray (Grade A+),184.99,newegg.com,https://www.newegg.com/p/pl?N=100171661%2050001759&Submit=ENE&page=2,2024-12-29 20:53:11,,
"iPad 7 (7th Gen) 32GB - Wi-Fi + Cellular Unlocked - 10.2"" - Space Gray - (2019)",149.17,newegg.com,https://www.newegg.com/p/pl?N=100171661%2050001759&Submit=ENE&page=2,2024-12-29 20:53:11,,
"iPad Pro 9.7"" (1st Gen) A1673 (WiFi + Cellular Unlocked) 32GB Rose Gold (Grade B)",139.99,newegg.com,https://www.newegg.com/p/pl?N=100171661%2050001759&Submit=ENE&page=2,2024-12-29 20:53:11,,
"iPad 6th Gen MR7J2LL/A 9.7"" Tablet 128GB WiFi, Space Gray",214.49,newegg.com,https://www.newegg.com/p/pl?N=100171661%2050001759&Submit=ENE&page=2,2024-12-29 20:53:11,,
iPad Air 3 A2153 (WiFi + Cellular Unlocked) 64GB Space Gray (Grade A),169.99,newegg.com,https://www.newegg.com/p/pl?N=100171661%2050001759&Submit=ENE&page=2,2024-12-29 20:53:11,,
"iPad Pro 9.7"" (1st Gen) A1673 (WiFi + Cellular Unlocked) 32GB Space Gray (Grade A)",126.74,newegg.com,https://www.newegg.com/p/pl?N=100171661%2050001759&Submit=ENE&page=2,2024-12-29 20:53:11,,
iPad Mini 5-64GB - WiFi - Space Gray,260.89,newegg.com,https://www.newegg.com/p/pl?N=100171661%2050001759&Submit=ENE&page=2,2024-12-29 20:53:11,,
"iPad Pro 9.7"" (1st Gen) A1673 (WiFi + Cellular Unlocked) 128GB Space Gray",141.37,newegg.com,https://www.newegg.com/p/pl?N=100171661%2050001759&Submit=ENE&page=2,2024-12-29 20:53:11,,
iPad Pro 9.7 (1st Gen) A1673 (WiFi) 128GB Rose Gold (Grade A+),146.24,newegg.com,https://www.newegg.com/p/pl?N=100171661%2050001759&Submit=ENE&page=2,2024-12-29 20:53:11,,
"iPad Air 11-inch (M2): Liquid Retina Display, 256GB, Landscape 12MP Front Camera/12MP Back Camera, Wi-Fi 6E, Touch ID, All-Day Battery Life - Space Gray",759.95,newegg.com,https://www.newegg.com/p/pl?N=100171661%2050001759&Submit=ENE&page=2,2024-12-29 20:53:11,,
"iPad Air 11-inch (M2): Liquid Retina display, 128GB, Landscape 12MP Front Camera/12MP Back Camera, Wi-Fi 6E + 5G Cellular with eSIM, Touch ID, All-Day Battery Life - Space Gray",739.0,newegg.com,https://www.newegg.com/p/pl?N=100171661%2050001759&Submit=ENE&page=2,2024-12-29 20:53:11,,
"iPad Pro 11"" (2018) A1980 (WiFi) 64GB Space Gray (Grade A+)",329.99,newegg.com,https://www.newegg.com/p/pl?N=100171661%2050001759&Submit=ENE&page=2,2024-12-29 20:53:11,,
iPad 8th Gen A2428 (WiFi + Cellular Unlocked) 32GB Space Gray (Grade A+),214.49,newegg.com,https://www.newegg.com/p/pl?N=100171661%2050001759&Submit=ENE&page=2,2024-12-29 20:53:11,,
iPad 7th Gen A2200 (WiFi + Cellular Unlocked) 128GB Space Gray (Grade A+),190.12,newegg.com,https://www.newegg.com/p/pl?N=100171661%2050001759&Submit=ENE&page=2,2024-12-29 20:53:11,,
APPLE iPad mini Wi-Fi 64GB - Space Gray,361.96,newegg.com,https://www.newegg.com/p/pl?N=100171661%2050001759&Submit=ENE&page=2,2024-12-29 20:53:11,,
"iPad Pro 10.5"" A1709 (WiFi   Cellular Unlocked) 256GB Space Gray",239.99,newegg.com,https://www.newegg.com/p/pl?N=100171661%2050001759&Submit=ENE&page=2,2024-12-29 20:53:11,,
"iPad 7 (7th Gen) 32GB - Wi-Fi - 10.2"" - Space Gray - (2019)",129.99,newegg.com,https://www.newegg.com/p/pl?N=100171661%2050001759&Submit=ENE&page=2,2024-12-29 20:53:11,,
"iPad 10.2"" (Late 2019) 32GB, WiFi Only - Space Gray",168.79,newegg.com,https://www.newegg.com/p/pl?N=100171661%2050001759&Submit=ENE&page=2,2024-12-29 20:53:11,,
iPad Air 3 A2153 (WiFi + Cellular Unlocked) 256GB Space Gray (Grade A+),243.74,newegg.com,https://www.newegg.com/p/pl?N=100171661%2050001759&Submit=ENE&page=2,2024-12-29 20:53:11,,
iPad Mini 2nd Gen 16GB Space Gray ME276LL/A (Wi-Fi) Max iOS 12.5.5 Grade A,82.87,newegg.com,https://www.newegg.com/p/pl?N=100171661%2050001759&Submit=ENE&page=2,2024-12-29 20:53:11,,
"iPad 7th Gen A2197 (WiFi) 32GB Space Gray Bundle w/ Case, Box, Bluetooth Earbuds, Tempered Glass, Stylus, Stand, Charger",139.99,newegg.com,https://www.newegg.com/p/pl?N=100171661%2050001759&Submit=ENE&page=2,2024-12-29 20:53:11,,
"iPad Air 11-inch (M2): Liquid Retina Display, 256GB, Landscape 12MP Front Camera/12MP Back Camera, Wi-Fi 6E, Touch ID, All-Day Battery Life - Starlight",759.95,newegg.com,https://www.newegg.com/p/pl?N=100171661%2050001759&Submit=ENE&page=2,2024-12-29 20:53:11,,
"iPad 7th Gen A2200 (WiFi + Cellular Unlocked) 32GB Space Gray Bundle w/ Case, Tempered Glass, Stylus, Charger",145.99,newegg.com,https://www.newegg.com/p/pl?N=100171661%2050001759&Submit=ENE&page=2,2024-12-29 20:53:11,,
"iPad 7th Gen A2200 (WiFi + Cellular Unlocked) 32GB Space Gray Bundle w/ Case, Box, Bluetooth Earbuds, Tempered Glass, Stylus, Stand, Charger",145.99,newegg.com,https://www.newegg.com/p/pl?N=100171661%2050001759&Submit=ENE&page=2,2024-12-29 20:53:11,,
"iPad Air 11-inch (M2): Liquid Retina display, 128GB, Landscape 12MP Front Camera/12MP Back Camera, Wi-Fi 6E + 5G Cellular with eSIM, Touch ID, All-Day Battery Life - Purple",814.95,newegg.com,https://www.newegg.com/p/pl?N=100171661%2050001759&Submit=ENE&page=3,2024-12-29 20:53:16,,
iPad Air 3 A2153 (WiFi + Cellular Unlocked) 256GB Silver (Grade A+),229.99,newegg.com,https://www.newegg.com/p/pl?N=100171661%2050001759&Submit=ENE&page=3,2024-12-29 20:53:16,,
"iPad (7th Generation) MW742LL/A 32GB Flash Storage 10.2"" 2160 x 1620 Tablet PC (Wi-Fi Only) Space Gray",141.37,newegg.com,https://www.newegg.com/p/pl?N=100171661%2050001759&Submit=ENE&page=3,2024-12-29 20:53:16,,
"iPad Pro 11"" (2020) A2068 (WiFi + Cellular Unlocked) 256GB Space Gray (Grade A+)",511.87,newegg.com,https://www.newegg.com/p/pl?N=100171661%2050001759&Submit=ENE&page=3,2024-12-29 20:53:16,,
"iPad 7th Gen A2197 (WiFi) 32GB Space Gray Bundle w/ Case, Bluetooth Earbuds, Tempered Glass, Stylus, Charger",139.99,newegg.com,https://www.newegg.com/p/pl?N=100171661%2050001759&Submit=ENE&page=3,2024-12-29 20:53:16,,
iPad Pro 11 2020 A2068 WiFi + Unlocked 256GB Space Gray (Very Good),497.24,newegg.com,https://www.newegg.com/p/pl?N=100171661%2050001759&Submit=ENE&page=3,2024-12-29 20:53:16,,
iPad Pro 11 (2021) A2377 (WiFi) 128GB Space Gray (Grade A),545.99,newegg.com,https://www.newegg.com/p/pl?N=100171661%2050001759&Submit=ENE&page=3,2024-12-29 20:53:16,,
"iPad 7th Generation 10.2"" 32GB Space Gray MW742LL/A (Wi-Fi) iPadOS Grade A",139.99,newegg.com,https://www.newegg.com/p/pl?N=100171661%2050001759&Submit=ENE&page=3,2024-12-29 20:53:16,,
"Grade A Mint iPad 2 2nd Generation 16GB Wi-Fi 9.7"" Multitouch Black A1395",58.49,newegg.com,https://www.newegg.com/p/pl?N=100171661%2050001759&Submit=ENE&page=3,2024-12-29 20:53:16,,
iPad 5th Gen A1822 (WiFi) 128GB Space Gray (Grade A),116.99,newegg.com,https://www.newegg.com/p/pl?N=100171661%2050001759&Submit=ENE&page=3,2024-12-29 20:53:16,,
iPad 10th Gen A2757 (WiFi + Cellular Unlocked) 64GB Silver (Grade A+),349.99,newegg.com,https://www.newegg.com/p/pl?N=100171661%2050001759&Submit=ENE&page=3,2024-12-29 20:53:16,,
iPad 7th Gen 32GB Space Gray Wi-Fi 3F835LL/A (Latest Model),141.37,newegg.com,https://www.newegg.com/p/pl?N=100171661%2050001759&Submit=ENE&page=3,2024-12-29 20:53:16,,
iPad Mini 5 A2126 (WiFi + Cellular Unlocked) 64GB Space Gray (Grade A),209.62,newegg.com,https://www.newegg.com/p/pl?N=100171661%2050001759&Submit=ENE&page=3,2024-12-29 20:53:16,,
"iPad Pro 9.7"" (1st Gen) A1673 (WiFi + Cellular Unlocked) 32GB Space Gray (Grade A+)",139.99,newegg.com,https://www.newegg.com/p/pl?N=100171661%2050001759&Submit=ENE&page=3,2024-12-29 20:53:16,,
"iPad Pro 9.7"" (1st Gen) A1673 (WiFi) 32GB Silver (Grade A+)",121.87,newegg.com,https://www.newegg.com/p/pl?N=100171661%2050001759&Submit=ENE&page=3,2024-12-29 20:53:16,,
"iPad Pro 12.9"" (1st Gen) A1584 (WiFi) 32GB Silver (Grade B)",229.99,newegg.com,https://www.newegg.com/p/pl?N=100171661%2050001759&Submit=ENE&page=3,2024-12-29 20:53:16,,
"iPad Pro 9.7"" (1st Gen) A1673 (WiFi + Cellular Unlocked) 32GB Gold (Grade A+)",136.49,newegg.com,https://www.newegg.com/p/pl?N=100171661%2050001759&Submit=ENE&page=3,2024-12-29 20:53:16,,
iPad Mini 5 (2019) Wi-Fi + Cellular 3GB/64GB - Space Gray,209.62,newegg.com,https://www.newegg.com/p/pl?N=100171661%2050001759&Submit=ENE&page=3,2024-12-29 20:53:16,,
"iPad Air 11-inch (M2): Liquid Retina Display, 512GB, Landscape 12MP Front Camera/12MP Back Camera, Wi-Fi 6E, Touch ID, All-Day Battery Life - Starlight",974.95,newegg.com,https://www.newegg.com/p/pl?N=100171661%2050001759&Submit=ENE&page=3,2024-12-29 20:53:16,,
"iPad 7th Gen A2197 (WiFi) 32GB Space Gray Bundle w/ Case, Box, Tempered Glass, Stylus, Charger",139.99,newegg.com,https://www.newegg.com/p/pl?N=100171661%2050001759&Submit=ENE&page=3,2024-12-29 20:53:16,,
"iPad 7th Gen A2197 (WiFi) 32GB Space Gray Bundle w/ Case, Box, Bluetooth Neckband Earbuds, Tempered Glass, Stylus, Charger",139.99,newegg.com,https://www.newegg.com/p/pl?N=100171661%2050001759&Submit=ENE&page=3,2024-12-29 20:53:16,,
iPad 10.2 7th Gen (2019) 32GB (Wi-Fi + Cellular) Space Gray (Good),149.17,newegg.com,https://www.newegg.com/p/pl?N=100171661%2050001759&Submit=ENE&page=3,2024-12-29 20:53:16,,
"iPad Pro 12.9"" (3rd Gen) A2014 (WiFi + Cellular Unlocked) 64GB Space Gray (Grade A+)",429.99,newegg.com,https://www.newegg.com/p/pl?N=100171661%2050001759&Submit=ENE&page=3,2024-12-29 20:53:16,,
iPad Mini 5 A2126 (WiFi + Cellular Unlocked) 64GB Silver (Grade A+),243.74,newegg.com,https://www.newegg.com/p/pl?N=100171661%2050001759&Submit=ENE&page=3,2024-12-29 20:53:16,,
iPad Mini 5 A2126 (WiFi + Cellular Unlocked) 64GB Space Gray (Grade A+),224.24,newegg.com,https://www.newegg.com/p/pl?N=100171661%2050001759&Submit=ENE&page=3,2024-12-29 20:53:16,,
"iPad 7th Gen A2197 (WiFi) 32GB Space Gray Bundle w/ Case, Bluetooth Neckband Earbuds, Tempered Glass, Stylus, Charger",139.99,newegg.com,https://www.newegg.com/p/pl?N=100171661%2050001759&Submit=ENE&page=3,2024-12-29 20:53:16,,
"iPad 7th Gen A2197 (WiFi) 32GB Space Gray Bundle w/ Case, Tempered Glass, Stylus, Charger",139.99,newegg.com,https://www.newegg.com/p/pl?N=100171661%2050001759&Submit=ENE&page=3,2024-12-29 20:53:16,,
"iPad Air 4 (4th Gen) 64GB - Wi-Fi - 10.9"" - Rose Gold - (2020)",326.62,newegg.com,https://www.newegg.com/p/pl?N=100171661%2050001759&Submit=ENE&page=3,2024-12-29 20:53:16,,
iPad Air 4 A2324 (WiFi + Cellular Unlocked) 64GB Green (Grade A),334.99,newegg.com,https://www.newegg.com/p/pl?N=100171661%2050001759&Submit=ENE&page=3,2024-12-29 20:53:16,,
iPad 5th Gen A1823 (WiFi + Cellular Unlocked) 128GB Space Gray,126.74,newegg.com,https://www.newegg.com/p/pl?N=100171661%2050001759&Submit=ENE&page=3,2024-12-29 20:53:16,,
iPad Air 3 A2153 (WiFi + Cellular Unlocked) 64GB Space Gray (Grade A+),175.49,newegg.com,https://www.newegg.com/p/pl?N=100171661%2050001759&Submit=ENE&page=3,2024-12-29 20:53:16,,
"iPad 8 (8th Gen) 128GB - Wi-Fi - 10.2"" 2020 Silver",224.24,newegg.com,https://www.newegg.com/p/pl?N=100171661%2050001759&Submit=ENE&page=3,2024-12-29 20:53:16,,
"iPad Pro 13-Inch (M4): Ultra Retina XDR Display, 512GB, Landscape 12MP Front Camera/12MP Back Camera, LiDAR Scanner, Wi-Fi 6E, Face ID, All-Day Battery Life - Silver",1584.95,newegg.com,https://www.newegg.com/p/pl?N=100171661%2050001759&Submit=ENE&page=3,2024-12-29 20:53:16,,
"iPad Pro 11"" (2020) A2068 (WiFi + Cellular Unlocked) 128GB Space Gray (Grade A)",477.74,newegg.com,https://www.newegg.com/p/pl?N=100171661%2050001759&Submit=ENE&page=3,2024-12-29 20:53:16,,
iPad Air 4 A2324 WiFi + Cellular Unlocked 64GB Rose Gold (Very Good),326.62,newegg.com,https://www.newegg.com/p/pl?N=100171661%2050001759&Submit=ENE&page=3,2024-12-29 20:53:16,,
"iPad Pro 10.5"" A1709 (WiFi + Cellular Unlocked) 64GB Space Gray",175.49,newegg.com,https://www.newegg.com/p/pl?N=100171661%2050001759&Submit=ENE&page=3,2024-12-29 20:53:16,,
"iPad Pro 11"" (2021) A2377 (WiFi) 128GB Space Gray (Grade A+)",555.74,newegg.com,https://www.newegg.com/p/pl?N=100171661%2050001759&Submit=ENE&page=4,2024-12-29 20:53:19,,
iPad Air 4 A2324 (WiFi + Cellular Unlocked) 64GB Space Gray (Grade A+),344.99,newegg.com,https://www.newegg.com/p/pl?N=100171661%2050001759&Submit=ENE&page=4,2024-12-29 20:53:19,,
"iPad Pro 12.9"" (2nd Gen) A1671 (WiFi + Cellular Unlocked) 256GB Space Gray",341.24,newegg.com,https://www.newegg.com/p/pl?N=100171661%2050001759&Submit=ENE&page=4,2024-12-29 20:53:19,,
iPad Air 4 A2324 (WiFi + Cellular Unlocked) 64GB Space Gray (Grade A+),395.99,newegg.com,https://www.newegg.com/p/pl?N=100171661%2050001759&Submit=ENE&page=4,2024-12-29 20:53:19,,
"iPad Pro 12.9"" (2nd Gen) A1671 (WiFi + Cellular Unlocked) 256GB Space Gray",350.99,newegg.com,https://www.newegg.com/p/pl?N=100171661%2050001759&Submit=ENE&page=4,2024-12-29 20:53:19,,
iPad Air 4 A2324 (WiFi + Cellular Unlocked) 64GB Space Gray (Grade B),379.99,newegg.com,https://www.newegg.com/p/pl?N=100171661%2050001759&Submit=ENE&page=4,2024-12-29 20:53:19,,
"iPad Pro 12.9"" (4th Gen) A2229 (WiFi) 128GB Silver (Grade A)",506.99,newegg.com,https://www.newegg.com/p/pl?N=100171661%2050001759&Submit=ENE&page=4,2024-12-29 20:53:19,,
"iPad Pro MLQ52LL/A 9.7"" Tablet 128GB WiFi + 4G LTE Fully , Gold",218.99,newegg.com,https://www.newegg.com/p/pl?N=100171661%2050001759&Submit=ENE&page=4,2024-12-29 20:53:19,,
"iPad Pro 12.9"" (5th Gen) A2379 (WiFi + Cellular Unlocked) 128GB Space Gray (Grade A)",623.99,newegg.com,https://www.newegg.com/p/pl?N=100171661%2050001759&Submit=ENE&page=4,2024-12-29 20:53:19,,
"iPad Pro 12.9"" (5th Gen) A2379 (WiFi + Cellular Unlocked) 256GB Space Gray (Grade A)",653.24,newegg.com,https://www.newegg.com/p/pl?N=100171661%2050001759&Submit=ENE&page=4,2024-12-29 20:53:19,,
iPad 9th Gen A2602 (WiFi) 64GB Silver (Grade A+),204.74,newegg.com,https://www.newegg.com/p/pl?N=100171661%2050001759&Submit=ENE&page=4,2024-12-29 20:53:19,,
iPad 5th Gen A1822 (WiFi) 128GB Silver (Grade A+),121.87,newegg.com,https://www.newegg.com/p/pl?N=100171661%2050001759&Submit=ENE&page=4,2024-12-29 20:53:19,,
iPad 9th Gen A2602 (WiFi) 64GB Silver (Grade A),199.87,newegg.com,https://www.newegg.com/p/pl?N=100171661%2050001759&Submit=ENE&page=4,2024-12-29 20:53:19,,
"iPad Pro 11"" (2020) A2068 (WiFi + Cellular Unlocked) 128GB Space Gray (Excellent)",487.49,newegg.com,https://www.newegg.com/p/pl?N=100171661%2050001759&Submit=ENE&page=4,2024-12-29 20:53:19,,
"iPad Pro 11"" (2020) A2068 (WiFi + Cellular Unlocked) 128GB Space Gray",487.49,newegg.com,https://www.newegg.com/p/pl?N=100171661%2050001759&Submit=ENE&page=4,2024-12-29 20:53:19,,
"iPad Pro 12.9"" (6th Gen) A2764 (WiFi + Cellular Unlocked) 128GB Space Gray (Grade B)",749.99,newegg.com,https://www.newegg.com/p/pl?N=100171661%2050001759&Submit=ENE&page=4,2024-12-29 20:53:19,,
iPad Air 3 A2152 (WiFi) 256GB Space Gray,209.99,newegg.com,https://www.newegg.com/p/pl?N=100171661%2050001759&Submit=ENE&page=4,2024-12-29 20:53:19,,
"iPad Pro 11-Inch (M4): Ultra Retina XDR Display, 256GB, Landscape 12MP Front Camera/12MP Back Camera, LiDAR Scanner, Wi-Fi 6E, Face ID, All-Day Battery Life  Space Black",1069.95,newegg.com,https://www.newegg.com/p/pl?N=100171661%2050001759&Submit=ENE&page=4,2024-12-29 20:53:19,,
iPad 8th Gen A2428 (WiFi + Cellular Unlocked) 128GB Gold (Grade A+),233.99,newegg.com,https://www.newegg.com/p/pl?N=100171661%2050001759&Submit=ENE&page=4,2024-12-29 20:53:19,,
iPad 7th Gen A2197 (WiFi) 128GB Space Gray (Grade B),160.87,newegg.com,https://www.newegg.com/p/pl?N=100171661%2050001759&Submit=ENE&page=4,2024-12-29 20:53:19,,
iPad 7th Gen A2200 (WiFi + Cellular Unlocked) 32GB Gold (Grade A),155.99,newegg.com,https://www.newegg.com/p/pl?N=100171661%2050001759&Submit=ENE&page=4,2024-12-29 20:53:19,,
"iPad Pro 12.9"" (4th Gen) A2229 (WiFi) 256GB Silver (Grade A+)",594.74,newegg.com,https://www.newegg.com/p/pl?N=100171661%2050001759&Submit=ENE&page=4,2024-12-29 20:53:19,,
"iPad Pro 12.9"" (5th Gen) A2379 (WiFi + Cellular Unlocked) 128GB Silver (Grade A)",604.49,newegg.com,https://www.newegg.com/p/pl?N=100171661%2050001759&Submit=ENE&page=4,2024-12-29 20:53:19,,
iPad 7th Gen A2197 (WiFi) 128GB Gold (Grade B),175.49,newegg.com,https://www.newegg.com/p/pl?N=100171661%2050001759&Submit=ENE&page=4,2024-12-29 20:53:19,,
"iPad Pro 9.7"" (1st Gen) A1673 (WiFi) 32GB Space Gray",129.99,newegg.com,https://www.newegg.com/p/pl?N=100171661%2050001759&Submit=ENE&page=4,2024-12-29 20:53:19,,
"iPad Air 11-inch (M2): Liquid Retina Display, 1TB, Landscape 12MP Front Camera/12MP Back Camera, Wi-Fi 6E, Touch ID, All-Day Battery Life - Blue",1174.95,newegg.com,https://www.newegg.com/p/pl?N=100171661%2050001759&Submit=ENE&page=4,2024-12-29 20:53:19,,
"iPad Pro 11"" (2022) A2759 (WiFi) 128GB Space Gray (Grade A)",643.49,newegg.com,https://www.newegg.com/p/pl?N=100171661%2050001759&Submit=ENE&page=4,2024-12-29 20:53:19,,
iPad Mini 5 (2019) Wi-Fi Only 3GB/64GB - Silver,214.49,newegg.com,https://www.newegg.com/p/pl?N=100171661%2050001759&Submit=ENE&page=4,2024-12-29 20:53:19,,
iPad Mini 5 64GB Wi-Fi - Silver,214.49,newegg.com,https://www.newegg.com/p/pl?N=100171661%2050001759&Submit=ENE&page=4,2024-12-29 20:53:19,,
iPad Mini 5 (2019) Wi-Fi Only 3GB/64GB - Silver,214.49,newegg.com,https://www.newegg.com/p/pl?N=100171661%2050001759&Submit=ENE&page=4,2024-12-29 20:53:19,,
"iPad Pro 11"" (2022) A2435 (WiFi + Cellular Unlocked) 128GB Space Gray (Grade A+)",682.49,newegg.com,https://www.newegg.com/p/pl?N=100171661%2050001759&Submit=ENE&page=4,2024-12-29 20:53:19,,
"iPad Pro 11"" 2018 A1980 WiFi 512GB Space Gray (Excellent)",559.99,newegg.com,https://www.newegg.com/p/pl?N=100171661%2050001759&Submit=ENE&page=4,2024-12-29 20:53:19,,
iPad Pro 12.9 (1st Gen.) 32GB Space Gray (WiFi) Grade A,233.99,newegg.com,https://www.newegg.com/p/pl?N=100171661%2050001759&Submit=ENE&page=4,2024-12-29 20:53:19,,
iPad 9 (2021) Wi-Fi Only 3GB/256GB - Silver,360.74,newegg.com,https://www.newegg.com/p/pl?N=100171661%2050001759&Submit=ENE&page=4,2024-12-29 20:53:19,,
iPad 9 (2021) Wi-Fi Only 3GB/256GB - Silver,360.74,newegg.com,https://www.newegg.com/p/pl?N=100171661%2050001759&Submit=ENE&page=4,2024-12-29 20:53:19,,
iPad 9 (2021) Wi-Fi Only 3GB/256GB - Silver,360.74,newegg.com,https://www.newegg.com/p/pl?N=100171661%2050001759&Submit=ENE&page=4,2024-12-29 20:53:19,,
iPad Mini 5 A2133 (WiFi) 64GB Silver (Grade A+),214.49,newegg.com,https://www.newegg.com/p/pl?N=100171661%2050001759&Submit=ENE&page=5,2024-12-29 20:53:22,,
"iPad Pro 12.9"" (5th Gen) A2379 (WiFi + Cellular Unlocked) 128GB Silver (Grade A+)",614.24,newegg.com,https://www.newegg.com/p/pl?N=100171661%2050001759&Submit=ENE&page=5,2024-12-29 20:53:22,,
iPad Pro 12.9 (5th Gen) A2379 (WiFi/Cellular) 128GB Space Gray (Excellent),614.24,newegg.com,https://www.newegg.com/p/pl?N=100171661%2050001759&Submit=ENE&page=5,2024-12-29 20:53:22,,
"iPad Pro 12.9"" (5th Gen) A2379 (WiFi + Cellular Unlocked) 512GB Space Gray (Grade A)",760.49,newegg.com,https://www.newegg.com/p/pl?N=100171661%2050001759&Submit=ENE&page=5,2024-12-29 20:53:22,,
"iPad Pro 12.9"" (5th Gen) A2379 (WiFi + Cellular Unlocked) 256GB Silver (Grade A+)",643.49,newegg.com,https://www.newegg.com/p/pl?N=100171661%2050001759&Submit=ENE&page=5,2024-12-29 20:53:22,,
iPad 7th Gen A2197 (WiFi) 128GB Space Gray (Grade A+),170.62,newegg.com,https://www.newegg.com/p/pl?N=100171661%2050001759&Submit=ENE&page=5,2024-12-29 20:53:22,,
iPad Mini 2 A1489 (WiFi) 16GB Space Gray,93.49,newegg.com,https://www.newegg.com/p/pl?N=100171661%2050001759&Submit=ENE&page=5,2024-12-29 20:53:22,,
iPad Air 3 A2152 (WiFi) 256GB Space Gray (Grade B),199.99,newegg.com,https://www.newegg.com/p/pl?N=100171661%2050001759&Submit=ENE&page=5,2024-12-29 20:53:22,,
"iPad Pro 12.9"" (5th Gen) A2379 (WiFi + Cellular Unlocked) 256GB Silver (Grade A)",633.74,newegg.com,https://www.newegg.com/p/pl?N=100171661%2050001759&Submit=ENE&page=5,2024-12-29 20:53:22,,
iPad 7th Gen A2197 (WiFi) 128GB Space Gray (Grade A+),208.99,newegg.com,https://www.newegg.com/p/pl?N=100171661%2050001759&Submit=ENE&page=5,2024-12-29 20:53:22,,
iPad Air 3 A2152 (WiFi) 256GB Silver (Grade A),209.99,newegg.com,https://www.newegg.com/p/pl?N=100171661%2050001759&Submit=ENE&page=5,2024-12-29 20:53:22,,
iPad 7th Gen A2197 (WiFi) 128GB Gold (Grade A+),185.24,newegg.com,https://www.newegg.com/p/pl?N=100171661%2050001759&Submit=ENE&page=5,2024-12-29 20:53:22,,
iPad 5th Gen A1822 (WiFi) 32GB Silver (Grade A+),102.37,newegg.com,https://www.newegg.com/p/pl?N=100171661%2050001759&Submit=ENE&page=5,2024-12-29 20:53:22,,
"iPad Pro 10.5"" A1701 (WiFi) 64GB Space Gray",189.99,newegg.com,https://www.newegg.com/p/pl?N=100171661%2050001759&Submit=ENE&page=5,2024-12-29 20:53:22,,
"iPad Air 13-inch (M2): Liquid Retina display, 128GB, Landscape 12MP Front Camera/12MP Back Camera, Wi-Fi 6E + 5G Cellular with eSIM, Touch ID, All-Day Battery Life - Space Gray",1024.95,newegg.com,https://www.newegg.com/p/pl?N=100171661%2050001759&Submit=ENE&page=5,2024-12-29 20:53:22,,
iPad 7 (2019) Wi-Fi Only 3GB/32GB - Space Gray,129.99,newegg.com,https://www.newegg.com/p/pl?N=100171661%2050001759&Submit=ENE&page=5,2024-12-29 20:53:22,,
"iPad Pro 13-Inch (M4): Ultra Retina XDR Display, 256GB, Landscape 12MP Front Camera/12MP Back Camera, LiDAR Scanner, Wi-Fi 6E, Face ID, All-Day Battery Life - Silver",1429.95,newegg.com,https://www.newegg.com/p/pl?N=100171661%2050001759&Submit=ENE&page=5,2024-12-29 20:53:22,,
iPad 7 (2019) Wi-Fi Only 3GB/128GB - Space Gray,160.87,newegg.com,https://www.newegg.com/p/pl?N=100171661%2050001759&Submit=ENE&page=5,2024-12-29 20:53:22,,
iPad Mini 6 A2567 (WiFi) 256GB Space Gray (Grade A),458.24,newegg.com,https://www.newegg.com/p/pl?N=100171661%2050001759&Submit=ENE&page=5,2024-12-29 20:53:22,,
iPad 7th Gen A2197 (WiFi) 128GB Space Gray (Grade A),160.87,newegg.com,https://www.newegg.com/p/pl?N=100171661%2050001759&Submit=ENE&page=5,2024-12-29 20:53:22,,
"10.5"" iPad Pro (256GB, Wi-Fi + 4G LTE, Space Gray)",239.99,newegg.com,https://www.newegg.com/p/pl?N=100171661%2050001759&Submit=ENE&page=5,2024-12-29 20:53:22,,
"iPad Pro 12.9"" (5th Gen) A2379 (WiFi + Cellular Unlocked) 128GB Silver (Grade B)",759.99,newegg.com,https://www.newegg.com/p/pl?N=100171661%2050001759&Submit=ENE&page=5,2024-12-29 20:53:22,,
"iPad Pro 64GB Wi-Fi, 10.5 - Space Gray",189.99,newegg.com,https://www.newegg.com/p/pl?N=100171661%2050001759&Submit=ENE&page=5,2024-12-29 20:53:22,,
"iPad 7th Gen 128GB Wi-Fi, 10.2"" - Space Gray",155.99,newegg.com,https://www.newegg.com/p/pl?N=100171661%2050001759&Submit=ENE&page=5,2024-12-29 20:53:22,,
iPad Air 4 A2316 (WiFi) 64GB Green (Grade A+),324.99,newegg.com,https://www.newegg.com/p/pl?N=100171661%2050001759&Submit=ENE&page=5,2024-12-29 20:53:22,,
iPad Air 3 A2152 (WiFi) 256GB Space Gray (Grade A+),224.24,newegg.com,https://www.newegg.com/p/pl?N=100171661%2050001759&Submit=ENE&page=5,2024-12-29 20:53:22,,
iPad Pro 11 2nd Gen (2020) Wi-Fi + Cellular 6GB/128GB - Space Gray,487.49,newegg.com,https://www.newegg.com/p/pl?N=100171661%2050001759&Submit=ENE&page=5,2024-12-29 20:53:22,,
"iPad Air 13-inch (M2): Liquid Retina Display, 256GB, Landscape 12MP Front Camera/12MP Back Camera, Wi-Fi 6E, Touch ID, All-Day Battery Life - Blue",984.95,newegg.com,https://www.newegg.com/p/pl?N=100171661%2050001759&Submit=ENE&page=5,2024-12-29 20:53:22,,
"iPad Pro 2nd Gen 256GB Wi-Fi + 4G LTE Unlocked, 12.9"" - Silver",336.02,newegg.com,https://www.newegg.com/p/pl?N=100171661%2050001759&Submit=ENE&page=5,2024-12-29 20:53:22,,
"iPad Pro 12.9"" (5th Gen) A2379 (WiFi + Cellular Unlocked) 256GB Silver (Grade B)",779.99,newegg.com,https://www.newegg.com/p/pl?N=100171661%2050001759&Submit=ENE&page=5,2024-12-29 20:53:22,,
iPad Mini 5 256GB Wi-Fi - Space Gray,243.74,newegg.com,https://www.newegg.com/p/pl?N=100171661%2050001759&Submit=ENE&page=5,2024-12-29 20:53:22,,
iPad 7 (2019) Wi-Fi Only 3GB/32GB - Space Gray,129.99,newegg.com,https://www.newegg.com/p/pl?N=100171661%2050001759&Submit=ENE&page=5,2024-12-29 20:53:22,,
iPad 7 (2019) Wi-Fi Only 3GB/32GB - Space Gray,139.99,newegg.com,https://www.newegg.com/p/pl?N=100171661%2050001759&Submit=ENE&page=5,2024-12-29 20:53:22,,
iPad Mini 5 (2019)  Wi-Fi Only 3GB/256GB - Space Gray,243.74,newegg.com,https://www.newegg.com/p/pl?N=100171661%2050001759&Submit=ENE&page=5,2024-12-29 20:53:22,,
iPad Mini 5 (2019) Wi-Fi Only 3GB/256GB - Space Gray,243.74,newegg.com,https://www.newegg.com/p/pl?N=100171661%2050001759&Submit=ENE&page=5,2024-12-29 20:53:22,,
"iPad 7th Gen 10.2"" 32GB Space Gray (WiFi + Cellular) Grade B-",149.17,newegg.com,https://www.newegg.com/p/pl?N=100171661%2050001759&Submit=ENE&page=5,2024-12-29 20:53:22,,
"iPad mini 5 (5th Gen) 64GB - Wi-Fi + Cellular - 7.9"" - Space Gray - (2019)",234.97,newegg.com,https://www.newegg.com/p/pl?N=100171661%2050001759&Submit=ENE&page=6,2024-12-29 20:53:27,,
iPad Air 4 A2316 (WiFi) 64GB Space Gray (Grade A+),329.99,newegg.com,https://www.newegg.com/p/pl?N=100171661%2050001759&Submit=ENE&page=6,2024-12-29 20:53:27,,
iPad 10th Gen A2696 (WiFi) 256GB Blue (Grade A+),458.24,newegg.com,https://www.newegg.com/p/pl?N=100171661%2050001759&Submit=ENE&page=6,2024-12-29 20:53:27,,
"iPad Pro 11-Inch (M4): Ultra Retina XDR Display, 512GB, Landscape 12MP Front Camera/12MP Back Camera, LiDAR Scanner, Wi-Fi 6E, Face ID, All-Day Battery Life - Space Black",1294.95,newegg.com,https://www.newegg.com/p/pl?N=100171661%2050001759&Submit=ENE&page=6,2024-12-29 20:53:27,,
iPad Mini 5 A2133 (WiFi) 64GB Gold (Grade A+),230.99,newegg.com,https://www.newegg.com/p/pl?N=100171661%2050001759&Submit=ENE&page=6,2024-12-29 20:53:27,,
iPad Mini 5 A2133 (WiFi) 64GB Gold (Grade B),194.99,newegg.com,https://www.newegg.com/p/pl?N=100171661%2050001759&Submit=ENE&page=6,2024-12-29 20:53:27,,
"iPad Pro 13-Inch (M4): Ultra Retina XDR Display, 512GB, Landscape 12MP Front Camera/12MP Back Camera, LiDAR Scanner, Wi-Fi 6E, Face ID, All-Day Battery Life - Space Black",1584.95,newegg.com,https://www.newegg.com/p/pl?N=100171661%2050001759&Submit=ENE&page=6,2024-12-29 20:53:27,,
"iPad Pro (1st Gen) 128GB - Wi-Fi - 9.7"" - Silver - (2016)",149.97,newegg.com,https://www.newegg.com/p/pl?N=100171661%2050001759&Submit=ENE&page=6,2024-12-29 20:53:27,,
iPad Mini 5 (2019)  Wi-Fi Only 3GB/256GB - Space Gray,243.74,newegg.com,https://www.newegg.com/p/pl?N=100171661%2050001759&Submit=ENE&page=6,2024-12-29 20:53:27,,
iPad 7th Gen A2197 (WiFi) 32GB Space Gray (Grade C),169.99,newegg.com,https://www.newegg.com/p/pl?N=100171661%2050001759&Submit=ENE&page=6,2024-12-29 20:53:27,,
"iPad Pro 3 (3rd Gen) 256GB - Wi-Fi - 12.9"" - Silver - (2018)",419.97,newegg.com,https://www.newegg.com/p/pl?N=100171661%2050001759&Submit=ENE&page=6,2024-12-29 20:53:27,,
iPad Mini 5 A2133 (WiFi) 256GB Silver (Grade A+),253.49,newegg.com,https://www.newegg.com/p/pl?N=100171661%2050001759&Submit=ENE&page=6,2024-12-29 20:53:27,,
iPad Mini 5 A2133 (WiFi) 256GB Space Gray (Grade A),243.74,newegg.com,https://www.newegg.com/p/pl?N=100171661%2050001759&Submit=ENE&page=6,2024-12-29 20:53:27,,
iPad Mini 5 A2133 (WiFi) 64GB Space Gray (Grade A+),214.49,newegg.com,https://www.newegg.com/p/pl?N=100171661%2050001759&Submit=ENE&page=6,2024-12-29 20:53:27,,
iPad Mini 5 A2133 (WiFi) 64GB Gold (Grade A+),204.74,newegg.com,https://www.newegg.com/p/pl?N=100171661%2050001759&Submit=ENE&page=6,2024-12-29 20:53:27,,
iPad 7th Gen A2197 (WiFi) 32GB Space Gray,159.49,newegg.com,https://www.newegg.com/p/pl?N=100171661%2050001759&Submit=ENE&page=6,2024-12-29 20:53:27,,
iPad 7th Gen A2197 (WiFi) 32GB Space Gray,141.37,newegg.com,https://www.newegg.com/p/pl?N=100171661%2050001759&Submit=ENE&page=6,2024-12-29 20:53:27,,
iPad 10th Gen A2696 (WiFi) 64GB Yellow (Grade A+),316.87,newegg.com,https://www.newegg.com/p/pl?N=100171661%2050001759&Submit=ENE&page=6,2024-12-29 20:53:27,,
iPad Mini 5 A2133 (WiFi) 64GB Space Gray (Grade A+),241.99,newegg.com,https://www.newegg.com/p/pl?N=100171661%2050001759&Submit=ENE&page=6,2024-12-29 20:53:27,,
"iPad Pro 10.5"" A1701 (WiFi) 256GB Space Gray",218.49,newegg.com,https://www.newegg.com/p/pl?N=100171661%2050001759&Submit=ENE&page=6,2024-12-29 20:53:27,,
"iPad Air 4 (4th Gen) 64GB - Wi-Fi - 10.9"" - Sky Blue - (2020)",334.97,newegg.com,https://www.newegg.com/p/pl?N=100171661%2050001759&Submit=ENE&page=6,2024-12-29 20:53:27,,
"iPad Pro 12.9"" (6th Gen) A2764 (WiFi + Cellular Unlocked) 256GB Space Gray (Grade B)",949.99,newegg.com,https://www.newegg.com/p/pl?N=100171661%2050001759&Submit=ENE&page=6,2024-12-29 20:53:27,,
iPad 7th Gen A2197 (WiFi) 32GB Space Gray,129.99,newegg.com,https://www.newegg.com/p/pl?N=100171661%2050001759&Submit=ENE&page=6,2024-12-29 20:53:27,,
iPad Mini 5 A2133 (WiFi) 256GB Space Gray (Grade A+),263.24,newegg.com,https://www.newegg.com/p/pl?N=100171661%2050001759&Submit=ENE&page=6,2024-12-29 20:53:27,,
"iPad Pro MLMP2LL/A 9.7"" Tablet 32GB WiFi , Silver",168.99,newegg.com,https://www.newegg.com/p/pl?N=100171661%2050001759&Submit=ENE&page=6,2024-12-29 20:53:27,,
iPad Mini 5 A2133 (WiFi) 256GB Gold (Grade A+),263.24,newegg.com,https://www.newegg.com/p/pl?N=100171661%2050001759&Submit=ENE&page=6,2024-12-29 20:53:27,,
iPad 2 A1395 (WiFi) 16GB Black,58.49,newegg.com,https://www.newegg.com/p/pl?N=100171661%2050001759&Submit=ENE&page=6,2024-12-29 20:53:27,,
iPad 2 A1395 (WiFi) 16GB Black,65.99,newegg.com,https://www.newegg.com/p/pl?N=100171661%2050001759&Submit=ENE&page=6,2024-12-29 20:53:27,,
"iPad Air 13-inch (M2): Liquid Retina Display, 512GB, Landscape 12MP Front Camera/12MP Back Camera, Wi-Fi 6E, Touch ID, All-Day Battery Life - Space Gray",1164.95,newegg.com,https://www.newegg.com/p/pl?N=100171661%2050001759&Submit=ENE&page=6,2024-12-29 20:53:27,,
iPad Pro 12.9 5th Gen (2021) Wi-Fi+Cellular 8GB/128GB - Space Gray,609.99,newegg.com,https://www.newegg.com/p/pl?N=100171661%2050001759&Submit=ENE&page=6,2024-12-29 20:53:27,,
iPad Air 4 A2316 (WiFi) 64GB Sky Blue (Grade A),297.37,newegg.com,https://www.newegg.com/p/pl?N=100171661%2050001759&Submit=ENE&page=6,2024-12-29 20:53:27,,
iPad Air 4 A2316 (WiFi) 64GB Silver (Grade A+),319.99,newegg.com,https://www.newegg.com/p/pl?N=100171661%2050001759&Submit=ENE&page=6,2024-12-29 20:53:27,,
iPad Mini 6 A2567 (WiFi) 256GB Pink (Grade A+),506.99,newegg.com,https://www.newegg.com/p/pl?N=100171661%2050001759&Submit=ENE&page=6,2024-12-29 20:53:27,,
"iPad Air 13-inch (M2): Liquid Retina Display, 512GB, Landscape 12MP Front Camera/12MP Back Camera, Wi-Fi 6E, Touch ID, All-Day Battery Life - Purple",1164.95,newegg.com,https://www.newegg.com/p/pl?N=100171661%2050001759&Submit=ENE&page=6,2024-12-29 20:53:27,,
"iPad mini 5 (5th Gen) 64GB - Wi-Fi - 7.9"" - Silver - (2019)",214.97,newegg.com,https://www.newegg.com/p/pl?N=100171661%2050001759&Submit=ENE&page=6,2024-12-29 20:53:27,,
"iPad Pro 9.7"" (1st Gen) A1673 (WiFi) 32GB Rose Gold",149.99,newegg.com,https://www.newegg.com/p/pl?N=100171661%2050001759&Submit=ENE&page=6,2024-12-29 20:53:27,,
"iPad Pro 11-Inch (M4): Ultra Retina XDR Display, 512GB, Landscape 12MP Front Camera/12MP Back Camera, LiDAR Scanner, Wi-Fi 6E, Face ID, All-Day Battery Life - Space Silver",1269.95,newegg.com,https://www.newegg.com/p/pl?N=100171661%2050001759&Submit=ENE&page=7,2024-12-29 20:53:30,,
"iPad Air 2 (2nd Gen) 64GB - Wi-Fi - 9.7"" - Gold - (2014)",164.97,newegg.com,https://www.newegg.com/p/pl?N=100171661%2050001759&Submit=ENE&page=7,2024-12-29 20:53:30,,
"iPad mini 2 (2nd Gen) 16GB - Wi-Fi - 7.9"" - Silver - (2013)",84.97,newegg.com,https://www.newegg.com/p/pl?N=100171661%2050001759&Submit=ENE&page=7,2024-12-29 20:53:30,,
"iPad Pro 3 (3rd Gen) 128GB - Wi-Fi - 11"" - Space Gray - (2021)",549.97,newegg.com,https://www.newegg.com/p/pl?N=100171661%2050001759&Submit=ENE&page=7,2024-12-29 20:53:30,,
"iPad Air MD787LL/A 9.7"" Tablet 64GB WiFi, Space Gray",129.99,newegg.com,https://www.newegg.com/p/pl?N=100171661%2050001759&Submit=ENE&page=7,2024-12-29 20:53:30,,
"iPad Air 13-inch (M2): Liquid Retina Display, 512GB, Landscape 12MP Front Camera/12MP Back Camera, Wi-Fi 6E, Touch ID, All-Day Battery Life - Blue",1164.95,newegg.com,https://www.newegg.com/p/pl?N=100171661%2050001759&Submit=ENE&page=7,2024-12-29 20:53:30,,
"iPad 9th Gen 10.2"" (2021) Tablet 64GB WiFi, Silver",254.99,newegg.com,https://www.newegg.com/p/pl?N=100171661%2050001759&Submit=ENE&page=7,2024-12-29 20:53:30,,
"iPad Air 13-inch (M2): Liquid Retina Display, 512GB, Landscape 12MP Front Camera/12MP Back Camera, Wi-Fi 6E, Touch ID, All-Day Battery Life - Starlight",1164.95,newegg.com,https://www.newegg.com/p/pl?N=100171661%2050001759&Submit=ENE&page=7,2024-12-29 20:53:30,,
iPad 7 (2019) Wi-Fi + Cellular 3GB/32GB - Space Gray,149.17,newegg.com,https://www.newegg.com/p/pl?N=100171661%2050001759&Submit=ENE&page=7,2024-12-29 20:53:30,,
"iPad Pro (1st Gen) 256GB - Wi-Fi + Cellular - 11"" - Space Gray - (2018)",399.97,newegg.com,https://www.newegg.com/p/pl?N=100171661%2050001759&Submit=ENE&page=7,2024-12-29 20:53:30,,
"iPad Air 11-inch (M2): Liquid Retina Display, 1TB, Landscape 12MP Front Camera/12MP Back Camera, Wi-Fi 6E, Touch ID, All-Day Battery Life - Starlight",1174.95,newegg.com,https://www.newegg.com/p/pl?N=100171661%2050001759&Submit=ENE&page=7,2024-12-29 20:53:30,,
"iPad Pro 4 (4th Gen) 256GB - Wi-Fi - 12.9"" - Space Gray - (2020)",579.97,newegg.com,https://www.newegg.com/p/pl?N=100171661%2050001759&Submit=ENE&page=7,2024-12-29 20:53:30,,
"iPad Pro 11-Inch (M4): Ultra Retina XDR Display, 512GB, Landscape 12MP Front Camera/12MP Back Camera, LiDAR Scanner, Wi-Fi 6E + 5G Cellular with eSIM, All-Day Battery Life - Space Black",1504.95,newegg.com,https://www.newegg.com/p/pl?N=100171661%2050001759&Submit=ENE&page=7,2024-12-29 20:53:30,,
"iPad Pro (1st Gen) 256GB - Wi-Fi - 11"" - Space Gray - (2018)",379.97,newegg.com,https://www.newegg.com/p/pl?N=100171661%2050001759&Submit=ENE&page=7,2024-12-29 20:53:30,,
iPad 5 (2017) Wi-Fi Only 2GB/128GB - Space Gray,116.99,newegg.com,https://www.newegg.com/p/pl?N=100171661%2050001759&Submit=ENE&page=7,2024-12-29 20:53:30,,
iPad 5 (2017) Wi-Fi Only 2GB/128GB - Space Gray,116.99,newegg.com,https://www.newegg.com/p/pl?N=100171661%2050001759&Submit=ENE&page=7,2024-12-29 20:53:30,,
"iPad Air 5 (5th Gen) 64GB - Wi-Fi + Cellular - 10.9"" - Blue - (2022)",474.97,newegg.com,https://www.newegg.com/p/pl?N=100171661%2050001759&Submit=ENE&page=7,2024-12-29 20:53:30,,
"iPad Air 4 (4th Gen) 64GB - Wi-Fi + Cellular - 10.9"" - Space Gray - (2020)",334.97,newegg.com,https://www.newegg.com/p/pl?N=100171661%2050001759&Submit=ENE&page=7,2024-12-29 20:53:30,,
"iPad mini 2 (2nd Gen) 16GB - Wi-Fi - 7.9"" - Silver - (2013)",84.97,newegg.com,https://www.newegg.com/p/pl?N=100171661%2050001759&Submit=ENE&page=7,2024-12-29 20:53:30,,
iPad 5 (2017) Wi-Fi Only 2GB/128GB - Space Gray,116.99,newegg.com,https://www.newegg.com/p/pl?N=100171661%2050001759&Submit=ENE&page=7,2024-12-29 20:53:30,,
iPad 5 (2017) Wi-Fi Only 2GB/128GB - Space Gray,116.99,newegg.com,https://www.newegg.com/p/pl?N=100171661%2050001759&Submit=ENE&page=7,2024-12-29 20:53:30,,
"iPad Air 13-inch (M2): Liquid Retina Display, 512GB, Landscape 12MP Front Camera/12MP Back Camera, Wi-Fi 6E + 5G Cellular with eSIM, Touch ID, All-Day Battery Life - Blue",1344.95,newegg.com,https://www.newegg.com/p/pl?N=100171661%2050001759&Submit=ENE&page=7,2024-12-29 20:53:30,,
"iPad Pro (1st Gen) 64GB - Wi-Fi - 11"" - Silver - (2018)",364.97,newegg.com,https://www.newegg.com/p/pl?N=100171661%2050001759&Submit=ENE&page=7,2024-12-29 20:53:30,,
"iPad Pro (1st Gen) 64GB - Wi-Fi - 11"" - Silver - (2018)",364.97,newegg.com,https://www.newegg.com/p/pl?N=100171661%2050001759&Submit=ENE&page=7,2024-12-29 20:53:30,,
"iPad Air 13-inch (M2): Liquid Retina display, 1TB, Landscape 12MP Front Camera/12MP Back Camera, Wi-Fi 6E + 5G Cellular with eSIM, Touch ID, All-Day Battery Life - Space Gray",1504.95,newegg.com,https://www.newegg.com/p/pl?N=100171661%2050001759&Submit=ENE&page=7,2024-12-29 20:53:30,,
"iPad Air 4 (4th Gen) 64GB - Wi-Fi + Cellular - 10.9"" - Sky Blue - (2020)",359.97,newegg.com,https://www.newegg.com/p/pl?N=100171661%2050001759&Submit=ENE&page=7,2024-12-29 20:53:30,,
"iPad Air 4 (4th Gen) 64GB - Wi-Fi + Cellular - 10.9"" - Sky Blue - (2020)",359.97,newegg.com,https://www.newegg.com/p/pl?N=100171661%2050001759&Submit=ENE&page=7,2024-12-29 20:53:30,,
"iPad Air 13-inch (M2): Liquid Retina display, 1TB, Landscape 12MP Front Camera/12MP Back Camera, Wi-Fi 6E + 5G Cellular with eSIM, Touch ID, All-Day Battery Life - Starlight",1559.95,newegg.com,https://www.newegg.com/p/pl?N=100171661%2050001759&Submit=ENE&page=7,2024-12-29 20:53:30,,
"iPad Pro 5 (5th Gen) 128GB - Wi-Fi + Cellular - 12.9"" - Space Gray - (2021)",744.97,newegg.com,https://www.newegg.com/p/pl?N=100171661%2050001759&Submit=ENE&page=7,2024-12-29 20:53:30,,
"iPad Air 5 (5th Gen) 64GB - Wi-Fi + Cellular - 10.9"" - Purple - (2022)",469.97,newegg.com,https://www.newegg.com/p/pl?N=100171661%2050001759&Submit=ENE&page=7,2024-12-29 20:53:30,,
"iPad Air 5 (5th Gen) 64GB - Wi-Fi + Cellular - 10.9"" - Blue - (2022)",474.97,newegg.com,https://www.newegg.com/p/pl?N=100171661%2050001759&Submit=ENE&page=7,2024-12-29 20:53:30,,
"iPad Pro 3 (3rd Gen) 256GB - Wi-Fi + Cellular - 12.9"" - Space Gray - (2018)",469.97,newegg.com,https://www.newegg.com/p/pl?N=100171661%2050001759&Submit=ENE&page=7,2024-12-29 20:53:30,,
"iPad Pro 3 (3rd Gen) 256GB - Wi-Fi + Cellular - 12.9"" - Space Gray - (2018)",469.97,newegg.com,https://www.newegg.com/p/pl?N=100171661%2050001759&Submit=ENE&page=7,2024-12-29 20:53:30,,
"iPad Pro 11-Inch (M4): Ultra Retina XDR Display, 2TB, Landscape 12MP Front Camera/12MP Back Camera, LiDAR Scanner, Wi-Fi 6E, Face ID, All-Day Battery Life - Space Black",2039.95,newegg.com,https://www.newegg.com/p/pl?N=100171661%2050001759&Submit=ENE&page=7,2024-12-29 20:53:30,,
"iPad Pro 11-Inch (M4): Ultra Retina XDR Display - Nano-Texture Glass, 1TB, Landscape 12MP Front Camera/12MP Back Camera, LiDAR Scanner, Wi-Fi 6E, Face ID, All-Day Battery Life - Silver",1804.95,newegg.com,https://www.newegg.com/p/pl?N=100171661%2050001759&Submit=ENE&page=7,2024-12-29 20:53:30,,
"iPad Mini MK6K2LL/A 7.9"" Tablet 16GB WiFi, Silver",192.99,newegg.com,https://www.newegg.com/p/pl?N=100171661%2050001759&Submit=ENE&page=7,2024-12-29 20:53:30,,
"iPad 10.9"", 10th Generation 2022 Latest Model with Wi-Fi and Capacity",339.0,samsclub.com,https://www.samsclub.com/b/apple-ipad/11260108,2024-12-29 20:53:35,,
"iPad Pro 13"" Wi-Fi with M4, Latest Model 2024 and Size",1199.0,samsclub.com,https://www.samsclub.com/b/apple-ipad/11260108,2024-12-29 20:53:35,,
"iPad 10.2"" 256GB, 9th Generation with Wi-Fi",379.0,samsclub.com,https://www.samsclub.com/b/apple-ipad/11260108,2024-12-29 20:53:35,,
iPad Air 11-inch WIFI with M2 (Latest Model 2024 Choose Color and Size),549.0,samsclub.com,https://www.samsclub.com/b/apple-ipad/11260108,2024-12-29 20:53:35,,
iPad Pro 11-inch WIFI with M4 (Latest Model 2024 Choose Color and Size),929.0,samsclub.com,https://www.samsclub.com/b/apple-ipad/11260108,2024-12-29 20:53:35,,
iPad Air 13-inch WIFI with M2 (Latest Model 2024 Choose Color and Size),749.0,samsclub.com,https://www.samsclub.com/b/apple-ipad/11260108,2024-12-29 20:53:35,,
"iPad Pro 11"" -  with Wi-Fi - Choose Color and Capacity",749.0,samsclub.com,https://www.samsclub.com/b/apple-ipad/11260108,2024-12-29 20:53:35,,
"iPad 10.2"" 64GB, 9th Generation with Wi-Fi",319.0,samsclub.com,https://www.samsclub.com/b/apple-ipad/11260108,2024-12-29 20:53:35,,
"iPad Air 10.9"" 64GB with Wi-Fi  w/M1 Chip",559.0,samsclub.com,https://www.samsclub.com/b/apple-ipad/11260108,2024-12-29 20:53:35,,
"iPad Pro 12.9"" with Wi-Fi and Capacity",1049.0,samsclub.com,https://www.samsclub.com/b/apple-ipad/11260108,2024-12-29 20:53:35,,
"iPad Air 13"" 128GB with M2 Chip + iPad Pencil Pro (Choose Color)",869.0,samsclub.com,https://www.samsclub.com/b/apple-ipad/11260108,2024-12-29 20:53:35,,
Pencil Pro (2024),119.0,samsclub.com,https://www.samsclub.com/b/apple-ipad/11260108,2024-12-29 20:53:35,,
iPad Pro 13-inch WIFI with M4 and Nano Glass (Latest Model 2024 Choose Color and Size),1849.0,samsclub.com,https://www.samsclub.com/b/apple-ipad/11260108,2024-12-29 20:53:35,,
"iPad Air 10.9"" 256GB with Wi-Fi w/M1 Chip",719.0,samsclub.com,https://www.samsclub.com/b/apple-ipad/11260108,2024-12-29 20:53:35,,
iPad Air 11-inch Cellular with M2 (Latest Model 2024 Choose Color and Size),979.0,samsclub.com,https://www.samsclub.com/b/apple-ipad/11260108,2024-12-29 20:53:35,,
"iPad Pro 11"" with Wi-Fi + Cellular and Capacity",1249.0,samsclub.com,https://www.samsclub.com/b/apple-ipad/11260108,2024-12-29 20:53:35,,
iPad Pro 11-inch WIFI with M4 and Nano Glass (Latest Model 2024 Choose Color and Size),1599.0,samsclub.com,https://www.samsclub.com/b/apple-ipad/11260108,2024-12-29 20:53:35,,
"iPad 10.2"" 256GB, 9th Generation with Wi-Fi + Cellular",579.0,samsclub.com,https://www.samsclub.com/b/apple-ipad/11260108,2024-12-29 20:53:35,,
"iPad Air 10.9"" 256GB with Wi-Fi + Cellular w/M1 Chip",869.0,samsclub.com,https://www.samsclub.com/b/apple-ipad/11260108,2024-12-29 20:53:35,,
"iPad 10.2"" 64GB, 9th Generation with Wi-Fi + Cellular",449.0,samsclub.com,https://www.samsclub.com/b/apple-ipad/11260108,2024-12-29 20:53:35,,
"iPad mini, 6th Gen Latest Model 256GB with Wi-Fi + Cellular",659.91,samsclub.com,https://www.samsclub.com/b/apple-ipad/11260108,2024-12-29 20:53:35,,
"iPad mini, 6th Gen 64GB with Wi-Fi + Cellular",519.91,samsclub.com,https://www.samsclub.com/b/apple-ipad/11260108,2024-12-29 20:53:35,,
"iPad Air 10.9"" 64GB with Wi-Fi + Cellular w/M1 Chip",719.0,samsclub.com,https://www.samsclub.com/b/apple-ipad/11260108,2024-12-29 20:53:35,,
iPad mini 7th Gen Wi-Fi and Capacity,489.0,samsclub.com,https://www.samsclub.com/b/apple-ipad/11260108,2024-12-29 20:53:35,,
"iPad Pro 11"" 512GB WiFi Silver & 4-Pack Airtag Bundle",1208.0,samsclub.com,https://www.samsclub.com/b/apple-ipad/11260108,2024-12-29 20:53:35,,
"iPad Pro 11"" 256GB, Model with Wi-Fi",849.0,samsclub.com,https://www.samsclub.com/b/apple-ipad/11260108,2024-12-29 20:53:35,,
"iPad Pro 11"" 512GB WiFi Black & 4-Pack Airtag Bundle",1208.0,samsclub.com,https://www.samsclub.com/b/apple-ipad/11260108,2024-12-29 20:53:35,,
iPad Mini 7th Gen 128GB Wi-Fi Space Gray & AirTag Bundle,486.0,samsclub.com,https://www.samsclub.com/b/apple-ipad/11260108,2024-12-29 20:53:35,,
"iPad Pro 11"" 128GB, Model with Wi-Fi",749.0,samsclub.com,https://www.samsclub.com/b/apple-ipad/11260108,2024-12-29 20:53:35,,
"iPad 10.9"", 10th Generation 2022 Latest Model with Wi-Fi + Cellular and Size",489.0,samsclub.com,https://www.samsclub.com/b/apple-ipad/11260108,2024-12-29 20:53:35,,
"iPad Pro 12.9"" with Wi-Fi + Cellular and Capacity",1249.0,samsclub.com,https://www.samsclub.com/b/apple-ipad/11260108,2024-12-29 20:53:35,,
"iPad mini, 6th Gen 64GB with Wi-Fi",379.91,samsclub.com,https://www.samsclub.com/b/apple-ipad/11260108,2024-12-29 20:53:35,,
iPad Air 13-inch Cellular with M2 (Latest Model 2024 Choose Color and Size),899.0,samsclub.com,https://www.samsclub.com/b/apple-ipad/11260108,2024-12-29 20:53:35,,
"iPad mini, 6th Gen 256GB with Wi-Fi",519.91,samsclub.com,https://www.samsclub.com/b/apple-ipad/11260108,2024-12-29 20:53:35,,
iPad Pro 11-inch Cellular with M4 and Nano Glass (Latest Model 2024 Choose Color and Size),2149.0,samsclub.com,https://www.samsclub.com/b/apple-ipad/11260108,2024-12-29 20:53:35,,
iPad Pro 13-inch Cellular with M4 (Latest Model 2024 Choose Color and Size),1399.0,samsclub.com,https://www.samsclub.com/b/apple-ipad/11260108,2024-12-29 20:53:35,,
iPad Pro 11-inch Cellular with M4 (Latest Model 2024 Choose Color and Size),1129.0,samsclub.com,https://www.samsclub.com/b/apple-ipad/11260108,2024-12-29 20:53:35,,
"iPad 10.9-inch, 64GB Wi-Fi (10th Generation)",339.99,costco.com,https://www.costco.com/ipad.html,2024-12-29 20:53:53,,
"iPad 10.2-inch, 256GB, Wi-Fi (9th Generation)",449.99,costco.com,https://www.costco.com/ipad.html,2024-12-29 20:53:53,,
"iPad 10.9-inch, 256GB Wi-Fi (10th Generation)",489.99,costco.com,https://www.costco.com/ipad.html,2024-12-29 20:53:53,,
"iPad Air 11-inch, 128GB Wi-Fi (M2 chip) Built For Intelligence",569.99,costco.com,https://www.costco.com/ipad.html,2024-12-29 20:53:53,,
"iPad Air 11-inch, 256GB Wi-Fi (M2 chip) Built For Intelligence",669.99,costco.com,https://www.costco.com/ipad.html,2024-12-29 20:53:53,,
"iPad Pro 13-inch, 256GB Wi-Fi (M4 chip) Built For Intelligence",1149.99,costco.com,https://www.costco.com/ipad.html,2024-12-29 20:53:53,,
"iPad Air 13-inch, 128GB Wi-Fi, (M2 chip) Built For Intelligence",769.99,costco.com,https://www.costco.com/ipad.html,2024-12-29 20:53:53,,
"iPad Air 13-inch, 256GB Wi-Fi, (M2 chip) Built For Intelligence",869.99,costco.com,https://www.costco.com/ipad.html,2024-12-29 20:53:53,,
"iPad Pro 11-inch, 256GB Wi-Fi (M4 chip) Built For Intelligence",899.99,costco.com,https://www.costco.com/ipad.html,2024-12-29 20:53:53,,
"iPad Pro 12.9-inch, Wi-Fi (6th Generation) Built For Intelligence",799.99,costco.com,https://www.costco.com/ipad.html,2024-12-29 20:53:53,,
"iPad mini, 128GB, Wi-Fi (A17 Pro Chip)",489.99,costco.com,https://www.costco.com/ipad.html,2024-12-29 20:53:53,,
"iPad Air 13-inch, 512GB Wi-Fi + Cellular, (M2 chip) Built For Intelligence",999.97,costco.com,https://www.costco.com/ipad.html,2024-12-29 20:53:53,,
"iPad Pro 13-inch, 1TB Wi-Fi (M4 chip) Built For Intelligence",1749.99,costco.com,https://www.costco.com/ipad.html,2024-12-29 20:53:53,,
"iPad Pro 13-inch, 512GB Wi-Fi (M4 chip) Built For Intelligence",1349.99,costco.com,https://www.costco.com/ipad.html,2024-12-29 20:53:53,,
"iPad Pro 11-inch, 512GB Wi-Fi (M4 chip) Built For Intelligence",1099.99,costco.com,https://www.costco.com/ipad.html,2024-12-29 20:53:53,,
"iPad Air 13-inch, 256GB Wi-Fi + Cellular, (M2 chip) Built For Intelligence",899.97,costco.com,https://www.costco.com/ipad.html,2024-12-29 20:53:53,,
"iPad Air 10.9-inch, 64GB, Wi-Fi + Cellular (5th Generation) Built For Intelligence",499.97,costco.com,https://www.costco.com/ipad.html,2024-12-29 20:53:53,,
"iPad Air 11-inch, 512GB Wi-Fi (M2 chip) Built For Intelligence",869.99,costco.com,https://www.costco.com/ipad.html,2024-12-29 20:53:53,,
"iPad Air 13-inch,512GB Wi-Fi, (M2 chip) Built For Intelligence",1069.99,costco.com,https://www.costco.com/ipad.html,2024-12-29 20:53:53,,
"iPad Pro 11-inch, 1TB Wi-Fi (M4 chip) Built For Intelligence",1499.99,costco.com,https://www.costco.com/ipad.html,2024-12-29 20:53:53,,
"iPad mini, 256GB, Wi-Fi (A17 Pro Chip)",589.99,costco.com,https://www.costco.com/ipad.html,2024-12-29 20:53:53,,
"iPad Pro 13-inch, 2TB Wi-Fi (M4 chip) Built For Intelligence",2149.99,costco.com,https://www.costco.com/ipad.html,2024-12-29 20:53:53,,
"iPad Air 13-inch, 128GB Wi-Fi + Cellular, (M2 chip) Built For Intelligence",799.97,costco.com,https://www.costco.com/ipad.html,2024-12-29 20:53:53,,
"iPad Air 11-inch, 512GB Wi-Fi + Cellular (M2 chip) Built For Intelligence",899.97,costco.com,https://www.costco.com/ipad.html,2024-12-29 20:53:53,,
"iPad Pro 11-inch, 2TB Wi-Fi (M4 chip) Built For Intelligence",1899.99,costco.com,https://www.costco.com/ipad.html?pageSize=24&currentPage=2,2024-12-29 20:54:03,,
"iPad mini, 512GB, Wi-Fi (A17 Pro Chip)",789.99,costco.com,https://www.costco.com/ipad.html?pageSize=24&currentPage=2,2024-12-29 20:54:03,,
"iPad 10.9"", 10th Generation 2022 Latest Model with Wi-Fi and Capacity",339.0,samsclub.com,https://www.samsclub.com/b/apple-ipad/11260108,2024-12-29 20:54:28,,
"iPad Pro 13"" Wi-Fi with M4, Latest Model 2024 and Size",1199.0,samsclub.com,https://www.samsclub.com/b/apple-ipad/11260108,2024-12-29 20:54:28,,
"iPad 10.2"" 256GB, 9th Generation with Wi-Fi",379.0,samsclub.com,https://www.samsclub.com/b/apple-ipad/11260108,2024-12-29 20:54:28,,
iPad Air 11-inch WIFI with M2 (Latest Model 2024 Choose Color and Size),549.0,samsclub.com,https://www.samsclub.com/b/apple-ipad/11260108,2024-12-29 20:54:28,,
iPad Pro 11-inch WIFI with M4 (Latest Model 2024 Choose Color and Size),929.0,samsclub.com,https://www.samsclub.com/b/apple-ipad/11260108,2024-12-29 20:54:28,,
iPad Air 13-inch WIFI with M2 (Latest Model 2024 Choose Color and Size),749.0,samsclub.com,https://www.samsclub.com/b/apple-ipad/11260108,2024-12-29 20:54:28,,
"iPad Pro 11"" -  with Wi-Fi - Choose Color and Capacity",749.0,samsclub.com,https://www.samsclub.com/b/apple-ipad/11260108,2024-12-29 20:54:28,,
"iPad 10.2"" 64GB, 9th Generation with Wi-Fi",319.0,samsclub.com,https://www.samsclub.com/b/apple-ipad/11260108,2024-12-29 20:54:28,,
"iPad Air 10.9"" 64GB with Wi-Fi  w/M1 Chip",559.0,samsclub.com,https://www.samsclub.com/b/apple-ipad/11260108,2024-12-29 20:54:28,,
"iPad Pro 12.9"" with Wi-Fi and Capacity",1049.0,samsclub.com,https://www.samsclub.com/b/apple-ipad/11260108,2024-12-29 20:54:28,,
"iPad Air 13"" 128GB with M2 Chip + iPad Pencil Pro (Choose Color)",869.0,samsclub.com,https://www.samsclub.com/b/apple-ipad/11260108,2024-12-29 20:54:28,,
Pencil Pro (2024),119.0,samsclub.com,https://www.samsclub.com/b/apple-ipad/11260108,2024-12-29 20:54:28,,
iPad Pro 13-inch WIFI with M4 and Nano Glass (Latest Model 2024 Choose Color and Size),1849.0,samsclub.com,https://www.samsclub.com/b/apple-ipad/11260108,2024-12-29 20:54:28,,
"iPad Air 10.9"" 256GB with Wi-Fi w/M1 Chip",719.0,samsclub.com,https://www.samsclub.com/b/apple-ipad/11260108,2024-12-29 20:54:28,,
iPad Air 11-inch Cellular with M2 (Latest Model 2024 Choose Color and Size),979.0,samsclub.com,https://www.samsclub.com/b/apple-ipad/11260108,2024-12-29 20:54:28,,
"iPad Pro 11"" with Wi-Fi + Cellular and Capacity",1249.0,samsclub.com,https://www.samsclub.com/b/apple-ipad/11260108,2024-12-29 20:54:28,,
iPad Pro 11-inch WIFI with M4 and Nano Glass (Latest Model 2024 Choose Color and Size),1599.0,samsclub.com,https://www.samsclub.com/b/apple-ipad/11260108,2024-12-29 20:54:28,,
"iPad 10.2"" 256GB, 9th Generation with Wi-Fi + Cellular",579.0,samsclub.com,https://www.samsclub.com/b/apple-ipad/11260108,2024-12-29 20:54:28,,
"iPad Air 10.9"" 256GB with Wi-Fi + Cellular w/M1 Chip",869.0,samsclub.com,https://www.samsclub.com/b/apple-ipad/11260108,2024-12-29 20:54:28,,
"iPad 10.2"" 64GB, 9th Generation with Wi-Fi + Cellular",449.0,samsclub.com,https://www.samsclub.com/b/apple-ipad/11260108,2024-12-29 20:54:28,,
"iPad mini, 6th Gen Latest Model 256GB with Wi-Fi + Cellular",659.91,samsclub.com,https://www.samsclub.com/b/apple-ipad/11260108,2024-12-29 20:54:28,,
"iPad mini, 6th Gen 64GB with Wi-Fi + Cellular",519.91,samsclub.com,https://www.samsclub.com/b/apple-ipad/11260108,2024-12-29 20:54:28,,
"iPad Air 10.9"" 64GB with Wi-Fi + Cellular w/M1 Chip",719.0,samsclub.com,https://www.samsclub.com/b/apple-ipad/11260108,2024-12-29 20:54:28,,
iPad mini 7th Gen Wi-Fi and Capacity,489.0,samsclub.com,https://www.samsclub.com/b/apple-ipad/11260108,2024-12-29 20:54:28,,
"iPad Pro 11"" 512GB WiFi Silver & 4-Pack Airtag Bundle",1208.0,samsclub.com,https://www.samsclub.com/b/apple-ipad/11260108,2024-12-29 20:54:28,,
"iPad Pro 11"" 256GB, Model with Wi-Fi",849.0,samsclub.com,https://www.samsclub.com/b/apple-ipad/11260108,2024-12-29 20:54:28,,
"iPad Pro 11"" 512GB WiFi Black & 4-Pack Airtag Bundle",1208.0,samsclub.com,https://www.samsclub.com/b/apple-ipad/11260108,2024-12-29 20:54:28,,
iPad Mini 7th Gen 128GB Wi-Fi Space Gray & AirTag Bundle,486.0,samsclub.com,https://www.samsclub.com/b/apple-ipad/11260108,2024-12-29 20:54:28,,
"iPad Pro 11"" 128GB, Model with Wi-Fi",749.0,samsclub.com,https://www.samsclub.com/b/apple-ipad/11260108,2024-12-29 20:54:28,,
"iPad 10.9"", 10th Generation 2022 Latest Model with Wi-Fi + Cellular and Size",489.0,samsclub.com,https://www.samsclub.com/b/apple-ipad/11260108,2024-12-29 20:54:28,,
"iPad Pro 12.9"" with Wi-Fi + Cellular and Capacity",1249.0,samsclub.com,https://www.samsclub.com/b/apple-ipad/11260108,2024-12-29 20:54:28,,
"iPad mini, 6th Gen 64GB with Wi-Fi",379.91,samsclub.com,https://www.samsclub.com/b/apple-ipad/11260108,2024-12-29 20:54:28,,
iPad Air 13-inch Cellular with M2 (Latest Model 2024 Choose Color and Size),899.0,samsclub.com,https://www.samsclub.com/b/apple-ipad/11260108,2024-12-29 20:54:28,,
"iPad mini, 6th Gen 256GB with Wi-Fi",519.91,samsclub.com,https://www.samsclub.com/b/apple-ipad/11260108,2024-12-29 20:54:28,,
iPad Pro 11-inch Cellular with M4 and Nano Glass (Latest Model 2024 Choose Color and Size),2149.0,samsclub.com,https://www.samsclub.com/b/apple-ipad/11260108,2024-12-29 20:54:28,,
iPad Pro 13-inch Cellular with M4 (Latest Model 2024 Choose Color and Size),1399.0,samsclub.com,https://www.samsclub.com/b/apple-ipad/11260108,2024-12-29 20:54:28,,
iPad Pro 11-inch Cellular with M4 (Latest Model 2024 Choose Color and Size),1129.0,samsclub.com,https://www.samsclub.com/b/apple-ipad/11260108,2024-12-29 20:54:28,,
