nom,prix,website,source,date_scraped,category,promotion
GE Profile - Opal 1.0 Nugget Ice Maker With Side Tank ,519.99,bestbuy.com,https://www.bestbuy.com/site/home-appliances/freezers-ice-makers/abcat0902000.c?id=abcat0902000,2025-01-03 20:07:23,freezers,
Insignia™ - 17 Cu. Ft. Garage Ready Convertible Upright Freezer with ENERGY STAR Certification,599.99,bestbuy.com,https://www.bestbuy.com/site/home-appliances/freezers-ice-makers/abcat0902000.c?id=abcat0902000,2025-01-03 20:07:23,freezers,
Samsung - 11.4 cu. ft. Capacity Convertible Upright Freezer - Stainless Steel Look,749.99,bestbuy.com,https://www.bestbuy.com/site/home-appliances/freezers-ice-makers/abcat0902000.c?id=abcat0902000,2025-01-03 20:07:23,freezers,
Insignia™ - Portable Ice Maker with Auto Shut-Off,79.99,bestbuy.com,https://www.bestbuy.com/site/home-appliances/freezers-ice-makers/abcat0902000.c?id=abcat0902000,2025-01-03 20:07:23,freezers,
GE Profile - Opal 2.0 Ultra Nugget Ice Maker with Scale Inhibiting Filter - Stone White,579.99,bestbuy.com,https://www.bestbuy.com/site/home-appliances/freezers-ice-makers/abcat0902000.c?id=abcat0902000,2025-01-03 20:07:23,freezers,
GE - 21.3 Cu. Ft. Frost-Free Upright Freezer,1034.99,bestbuy.com,https://www.bestbuy.com/site/home-appliances/freezers-ice-makers/abcat0902000.c?id=abcat0902000,2025-01-03 20:07:23,freezers,
Insignia™ - 10.2 Cu. Ft. Garage-Ready Chest Freezer,299.99,bestbuy.com,https://www.bestbuy.com/site/home-appliances/freezers-ice-makers/abcat0902000.c?id=abcat0902000,2025-01-03 20:07:23,freezers,
Insignia™ - 21 Cu. Ft. Garage Ready Convertible Upright Freezer with ENERGY STAR Certification,749.99,bestbuy.com,https://www.bestbuy.com/site/home-appliances/freezers-ice-makers/abcat0902000.c?id=abcat0902000,2025-01-03 20:07:23,freezers,
Insignia™ - 7 Cu. Ft. Garage Ready Upright Convertible Freezer with ENERGY STAR Certification,269.99,bestbuy.com,https://www.bestbuy.com/site/home-appliances/freezers-ice-makers/abcat0902000.c?id=abcat0902000,2025-01-03 20:07:23,freezers,
Insignia™ - 13.8 Cu. Ft. Garage Ready Convertible Upright Freezer with ENERGY STAR Certification - Stainless Steel,479.99,bestbuy.com,https://www.bestbuy.com/site/home-appliances/freezers-ice-makers/abcat0902000.c?id=abcat0902000,2025-01-03 20:07:23,freezers,
Insignia™ - 3.5 Cu. Ft. Garage-Ready Chest Freezer,139.99,bestbuy.com,https://www.bestbuy.com/site/home-appliances/freezers-ice-makers/abcat0902000.c?id=abcat0902000,2025-01-03 20:07:23,freezers,
Monogram - Forge Heated Ice Press ,1499.99,bestbuy.com,https://www.bestbuy.com/site/home-appliances/freezers-ice-makers/abcat0902000.c?id=abcat0902000,2025-01-03 20:07:23,freezers,
Insignia™ - 5.0 Cu. Ft. Garage Ready-Chest Freezer,169.99,bestbuy.com,https://www.bestbuy.com/site/home-appliances/freezers-ice-makers/abcat0902000.c?id=abcat0902000,2025-01-03 20:07:23,freezers,
Insignia™ - 17 Cu. Ft. Garage Ready Convertible Upright Freezer with ENERGY STAR Certification - Stainless Steel,599.99,bestbuy.com,https://www.bestbuy.com/site/home-appliances/freezers-ice-makers/abcat0902000.c?id=abcat0902000,2025-01-03 20:07:23,freezers,
Insignia™ - 13.8 Cu. Ft. Garage Ready Convertible Upright Freezer with ENERGY STAR Certification,449.99,bestbuy.com,https://www.bestbuy.com/site/home-appliances/freezers-ice-makers/abcat0902000.c?id=abcat0902000,2025-01-03 20:07:23,freezers,
Insignia™ - 14.0 Cu. Ft. Garage-Ready Chest Freezer,399.99,bestbuy.com,https://www.bestbuy.com/site/home-appliances/freezers-ice-makers/abcat0902000.c?id=abcat0902000,2025-01-03 20:07:23,freezers,
Insignia™ - 7.0 Cu. Ft. Garage Ready-Chest Freezer,199.99,bestbuy.com,https://www.bestbuy.com/site/home-appliances/freezers-ice-makers/abcat0902000.c?id=abcat0902000,2025-01-03 20:07:23,freezers,
Insignia™ - 7 Cu. Ft. Garage Ready Upright Convertible Freezer with ENERGY STAR Certification - Stainless Steel Look,299.99,bestbuy.com,https://www.bestbuy.com/site/home-appliances/freezers-ice-makers/abcat0902000.c?id=abcat0902000,2025-01-03 20:07:23,freezers,
GE Profile - Opal 2.0 Ultra Nugget Ice Maker with Side Tank and Scale Inhibiting Filter - Stainless Steel,629.99,bestbuy.com,https://www.bestbuy.com/site/home-appliances/freezers-ice-makers/abcat0902000.c?id=abcat0902000,2025-01-03 20:07:23,freezers,
"Café - 6.7 Cu. Ft. Slide-In Double Oven Gas True Convection Range with Built-In Wifi, Customizable",3199.99,bestbuy.com,https://www.bestbuy.com/site/ranges/all-ranges/pcmcat1710865851607.c?id=pcmcat1710865851607,2025-01-03 20:07:23,ranges,
"Samsung - 6.0 cu. ft. Freestanding Gas Range with WiFi, No-Preheat Air Fry & Convection - Stainless Steel",1034.99,bestbuy.com,https://www.bestbuy.com/site/ranges/all-ranges/pcmcat1710865851607.c?id=pcmcat1710865851607,2025-01-03 20:07:23,ranges,
"Samsung - 6.3 cu. ft. Freestanding Electric Range with WiFi, No-Preheat Air Fry & Convection - Stainless Steel",749.99,bestbuy.com,https://www.bestbuy.com/site/ranges/all-ranges/pcmcat1710865851607.c?id=pcmcat1710865851607,2025-01-03 20:07:23,ranges,
GE - 5.0 Cu. Ft. Freestanding Gas Range - Stainless Steel,649.99,bestbuy.com,https://www.bestbuy.com/site/ranges/all-ranges/pcmcat1710865851607.c?id=pcmcat1710865851607,2025-01-03 20:07:23,ranges,
Samsung - 6.3 cu. ft. Freestanding Electric Range with WiFi and Steam Clean - Stainless Steel,679.99,bestbuy.com,https://www.bestbuy.com/site/ranges/all-ranges/pcmcat1710865851607.c?id=pcmcat1710865851607,2025-01-03 20:07:23,ranges,
"Samsung - 6.3 cu. ft. Freestanding Electric Convection+ Range with WiFi, No-Preheat Air Fry and GriddleStainless Steel",899.99,bestbuy.com,https://www.bestbuy.com/site/ranges/all-ranges/pcmcat1710865851607.c?id=pcmcat1710865851607,2025-01-03 20:07:23,ranges,
LG - 6.9 Cu. Ft. Freestanding Double Oven Gas True Convection Smart Range with EasyClean and Air Fry - Stainless Steel,1399.99,bestbuy.com,https://www.bestbuy.com/site/ranges/all-ranges/pcmcat1710865851607.c?id=pcmcat1710865851607,2025-01-03 20:07:23,ranges,
"Samsung - 6.0 cu. ft. Freestanding Gas Range with WiFi, No-Preheat Air Fry & ConvectionStainless Steel",1124.99,bestbuy.com,https://www.bestbuy.com/site/ranges/all-ranges/pcmcat1710865851607.c?id=pcmcat1710865851607,2025-01-03 20:07:23,ranges,
"Samsung - 6.0 cu. ft. Smart Freestanding Gas Range with Flex Duo, Stainless Cooktop & Air Fry - Stainless Steel",1199.99,bestbuy.com,https://www.bestbuy.com/site/ranges/all-ranges/pcmcat1710865851607.c?id=pcmcat1710865851607,2025-01-03 20:07:23,ranges,
"ZLINE - 36"" Legacy Dual Fuel Range w/ 6 Burner Gas Cooktop and Electric Convection Oven (RA36) - Stainless Steel",2609.99,bestbuy.com,https://www.bestbuy.com/site/ranges/all-ranges/pcmcat1710865851607.c?id=pcmcat1710865851607,2025-01-03 20:07:23,ranges,
Frigidaire 5.1 Cu. Freestanding Gas Range with Air Fry - Stainless Steel,779.99,bestbuy.com,https://www.bestbuy.com/site/ranges/all-ranges/pcmcat1710865851607.c?id=pcmcat1710865851607,2025-01-03 20:07:23,ranges,
"LG - 6.3 Cu. Ft. Smart Freestanding Electric Convection Range with Easy Clean, Air Fry and WideView Window - Stainless Steel",899.99,bestbuy.com,https://www.bestbuy.com/site/ranges/all-ranges/pcmcat1710865851607.c?id=pcmcat1710865851607,2025-01-03 20:07:23,ranges,
Samsung - 6.0 Cu. Ft. Freestanding Gas Convection+ Range with WiFi and No-Preheat Air Fry - Stainless Steel,1169.99,bestbuy.com,https://www.bestbuy.com/site/ranges/all-ranges/pcmcat1710865851607.c?id=pcmcat1710865851607,2025-01-03 20:07:23,ranges,
LG - 6.3 Cu. Ft. Smart Freestanding Electric Convection Range with EasyClean and InstaView - Stainless Steel,1099.99,bestbuy.com,https://www.bestbuy.com/site/ranges/all-ranges/pcmcat1710865851607.c?id=pcmcat1710865851607,2025-01-03 20:07:23,ranges,
GE - 5.3 Cu. Ft. Freestanding Gas Convection Range with Steam Cleaning and EasyWash Oven Tray ,799.99,bestbuy.com,https://www.bestbuy.com/site/ranges/all-ranges/pcmcat1710865851607.c?id=pcmcat1710865851607,2025-01-03 20:07:23,ranges,
Whirlpool - 5.1 Cu. Ft. Freestanding Gas Range with Broiler Drawer,649.99,bestbuy.com,https://www.bestbuy.com/site/ranges/all-ranges/pcmcat1710865851607.c?id=pcmcat1710865851607,2025-01-03 20:07:23,ranges,
Whirlpool - 5.0 Cu. Ft. Freestanding Single Gas Range with Air Fry and Air BakingStainless Steel,849.99,bestbuy.com,https://www.bestbuy.com/site/ranges/all-ranges/pcmcat1710865851607.c?id=pcmcat1710865851607,2025-01-03 20:07:23,ranges,
Samsung - 30 inches - Externally Vented & Recirculating - Wall Range Hood - Stainless Steel,449.99,bestbuy.com,https://www.bestbuy.com/site/range-hoods/wall-mount-range-hoods/pcmcat207200050007.c?id=pcmcat207200050007,2025-01-03 20:07:23,range-hoods,
GE - 36 inches - Convertible - Wall Range Hood - Stainless Steel,569.99,bestbuy.com,https://www.bestbuy.com/site/range-hoods/wall-mount-range-hoods/pcmcat207200050007.c?id=pcmcat207200050007,2025-01-03 20:07:23,range-hoods,
GE - 30 inches - Convertible - Wall Range Hood - Stainless Steel,519.99,bestbuy.com,https://www.bestbuy.com/site/range-hoods/wall-mount-range-hoods/pcmcat207200050007.c?id=pcmcat207200050007,2025-01-03 20:07:23,range-hoods,
Thor Kitchen Professional - 30 inches - Convertible - Wall Range Hood - Stainless Steel,699.99,bestbuy.com,https://www.bestbuy.com/site/range-hoods/wall-mount-range-hoods/pcmcat207200050007.c?id=pcmcat207200050007,2025-01-03 20:07:23,range-hoods,
ZLINE - 36 inches - Externally Vented & Convertible - Wall Range Hood - Brushed Stainless Steel,449.99,bestbuy.com,https://www.bestbuy.com/site/range-hoods/wall-mount-range-hoods/pcmcat207200050007.c?id=pcmcat207200050007,2025-01-03 20:07:23,range-hoods,
Samsung BESPOKE - 35 inches - Convertible - Wall Range Hood,1099.99,bestbuy.com,https://www.bestbuy.com/site/range-hoods/wall-mount-range-hoods/pcmcat207200050007.c?id=pcmcat207200050007,2025-01-03 20:07:23,range-hoods,
KitchenAid - 30 inches - Convertible - Wall Range Hood - Stainless Steel,1286.99,bestbuy.com,https://www.bestbuy.com/site/range-hoods/wall-mount-range-hoods/pcmcat207200050007.c?id=pcmcat207200050007,2025-01-03 20:07:23,range-hoods,
LG STUDIO - 30 inches - Externally Vented - Wall Range Hood - Essence White,1099.99,bestbuy.com,https://www.bestbuy.com/site/range-hoods/wall-mount-range-hoods/pcmcat207200050007.c?id=pcmcat207200050007,2025-01-03 20:07:23,range-hoods,
Bosch 300 Series - 30 inches - Externally Vented & Recirculating - Wall Range Hood - Stainless Steel,1199.99,bestbuy.com,https://www.bestbuy.com/site/range-hoods/wall-mount-range-hoods/pcmcat207200050007.c?id=pcmcat207200050007,2025-01-03 20:07:23,range-hoods,
GE Profile - 36 inches - Convertible - Wall Range Hood - Stainless Steel,1529.99,bestbuy.com,https://www.bestbuy.com/site/range-hoods/wall-mount-range-hoods/pcmcat207200050007.c?id=pcmcat207200050007,2025-01-03 20:07:23,range-hoods,
Windster Hoods - 30 inches - Convertible - Wall Range Hood - Stainless Steel,561.99,bestbuy.com,https://www.bestbuy.com/site/range-hoods/wall-mount-range-hoods/pcmcat207200050007.c?id=pcmcat207200050007,2025-01-03 20:07:23,range-hoods,
Bosch 500 Series - 36 inches - Externally Vented & Recirculating - Wall Range Hood - Stainless Steel,1649.99,bestbuy.com,https://www.bestbuy.com/site/range-hoods/wall-mount-range-hoods/pcmcat207200050007.c?id=pcmcat207200050007,2025-01-03 20:07:23,range-hoods,
GE Profile - 30 inches - Convertible - Wall Range Hood - Stainless Steel,1034.99,bestbuy.com,https://www.bestbuy.com/site/range-hoods/wall-mount-range-hoods/pcmcat207200050007.c?id=pcmcat207200050007,2025-01-03 20:07:23,range-hoods,
Whirlpool - 30 inches - Externally Vented - Wall Range Hood ,206.99,bestbuy.com,https://www.bestbuy.com/site/range-hoods/wall-mount-range-hoods/pcmcat207200050007.c?id=pcmcat207200050007,2025-01-03 20:07:23,range-hoods,
ZLINE DuraSnow - 35 inches - Convertible - Wall Range Hood - DuraSnow Stainless Steel,699.99,bestbuy.com,https://www.bestbuy.com/site/range-hoods/wall-mount-range-hoods/pcmcat207200050007.c?id=pcmcat207200050007,2025-01-03 20:07:23,range-hoods,
Zephyr - 36 inches - Convertible - Shell Range Hood - Satin,1999.99,bestbuy.com,https://www.bestbuy.com/site/range-hoods/wall-mount-range-hoods/pcmcat207200050007.c?id=pcmcat207200050007,2025-01-03 20:07:23,range-hoods,
KitchenAid - 36 inches - Convertible - Wall Range Hood - Stainless Steel,1781.99,bestbuy.com,https://www.bestbuy.com/site/range-hoods/wall-mount-range-hoods/pcmcat207200050007.c?id=pcmcat207200050007,2025-01-03 20:07:23,range-hoods,
Frigidaire - 30 inches - Externally Vented & Recirculating - Wall Range Hood - Stainless Steel/Glass,779.99,bestbuy.com,https://www.bestbuy.com/site/range-hoods/wall-mount-range-hoods/pcmcat207200050007.c?id=pcmcat207200050007,2025-01-03 20:07:23,range-hoods,
"Café - 24"" Top Control Built-In Stainless Steel Tub Dishwasher with 3rd Rack, CustomFit Top Rack and 42 dBA - Stainless Steel",1079.99,bestbuy.com,https://www.bestbuy.com/site/dishwashers/built-in-dishwashers/abcat0905001.c?id=abcat0905001&qp=hiddencontrols_facet%3DControl%20Location~Hidden%20Controls,2025-01-03 20:07:23,dishwashers,
"Whirlpool - 24"" Top Control Built-In Stainless Steel Tub Dishwasher with Boost Cycle and 55 dBA - Stainless Steel",449.99,bestbuy.com,https://www.bestbuy.com/site/dishwashers/built-in-dishwashers/abcat0905001.c?id=abcat0905001&qp=hiddencontrols_facet%3DControl%20Location~Hidden%20Controls,2025-01-03 20:07:23,dishwashers,
"Bosch - 500 Series 24"" Top Control Smart Built-In Stainless Steel Tub Dishwasher with 3rd Rack and AutoAir, 44 dBA - Stainless Steel",1149.99,bestbuy.com,https://www.bestbuy.com/site/dishwashers/built-in-dishwashers/abcat0905001.c?id=abcat0905001&qp=hiddencontrols_facet%3DControl%20Location~Hidden%20Controls,2025-01-03 20:07:23,dishwashers,
"GE - 24"" Top Control Built-In Plastic Tub Dishwasher with 3rd Rack, Bottle Jets and 50 dBA - Stainless Steel",479.99,bestbuy.com,https://www.bestbuy.com/site/dishwashers/built-in-dishwashers/abcat0905001.c?id=abcat0905001&qp=hiddencontrols_facet%3DControl%20Location~Hidden%20Controls,2025-01-03 20:07:23,dishwashers,
"Samsung - 24” Top Control Built-In Hybrid Stainless Steel Tub Dishwasher with Height-Adjustable Rack, 53 dBA - Stainless Steel",429.99,bestbuy.com,https://www.bestbuy.com/site/dishwashers/built-in-dishwashers/abcat0905001.c?id=abcat0905001&qp=hiddencontrols_facet%3DControl%20Location~Hidden%20Controls,2025-01-03 20:07:23,dishwashers,
"GE - 24"" Top Control Built-In Stainless Steel Tub Dishwasher with 3rd Rack, Sanitize Cycle and 47 dBA - Stainless Steel",809.99,bestbuy.com,https://www.bestbuy.com/site/dishwashers/built-in-dishwashers/abcat0905001.c?id=abcat0905001&qp=hiddencontrols_facet%3DControl%20Location~Hidden%20Controls,2025-01-03 20:07:23,dishwashers,
"KitchenAid - 24"" Top Control Built-In Stainless Steel Tub Dishwasher with 3rd Rack, 360 Max Jets, 44 dBA - Stainless Steel",1484.99,bestbuy.com,https://www.bestbuy.com/site/dishwashers/built-in-dishwashers/abcat0905001.c?id=abcat0905001&qp=hiddencontrols_facet%3DControl%20Location~Hidden%20Controls,2025-01-03 20:07:23,dishwashers,
"Whirlpool - 24"" Top Control Built-In Stainless Steel Tub Dishwasher with 3rd Rack, Large Capacity, 47 dBA - Stainless Steel",649.99,bestbuy.com,https://www.bestbuy.com/site/dishwashers/built-in-dishwashers/abcat0905001.c?id=abcat0905001&qp=hiddencontrols_facet%3DControl%20Location~Hidden%20Controls,2025-01-03 20:07:23,dishwashers,
"Frigidaire 24"" Built-In Stainless Steel Tub Dishwasher with 3rd Rack, EvenDry System, 49 dBA - Stainless Steel",549.99,bestbuy.com,https://www.bestbuy.com/site/dishwashers/built-in-dishwashers/abcat0905001.c?id=abcat0905001&qp=hiddencontrols_facet%3DControl%20Location~Hidden%20Controls,2025-01-03 20:07:23,dishwashers,
"Samsung - 24"" Top Control Smart Built-In Stainless Steel Tub Dishwasher with Storm Wash, 48 dBA - Stainless Steel",649.99,bestbuy.com,https://www.bestbuy.com/site/dishwashers/built-in-dishwashers/abcat0905001.c?id=abcat0905001&qp=hiddencontrols_facet%3DControl%20Location~Hidden%20Controls,2025-01-03 20:07:23,dishwashers,
"Maytag - 24"" Top Control Built-In Stainless Steel Tub Dishwasher with 3rd Rack, Dual Power Filtration, 47 dBA - Stainless Steel",899.99,bestbuy.com,https://www.bestbuy.com/site/dishwashers/built-in-dishwashers/abcat0905001.c?id=abcat0905001&qp=hiddencontrols_facet%3DControl%20Location~Hidden%20Controls,2025-01-03 20:07:23,dishwashers,
"GE Profile - 24"" Top Control Smart Built-In Stainless Steel Tub Dishwasher with 3rd Rack, Microban Protection and 44 dBA - Stainless Steel",1034.99,bestbuy.com,https://www.bestbuy.com/site/dishwashers/built-in-dishwashers/abcat0905001.c?id=abcat0905001&qp=hiddencontrols_facet%3DControl%20Location~Hidden%20Controls,2025-01-03 20:07:23,dishwashers,
"Whirlpool - 24"" Top Control Built-In Stainless Steel Tub Dishwasher with 3rd Rack, Large Capacity, 47 dBAStainless Steel",929.99,bestbuy.com,https://www.bestbuy.com/site/dishwashers/built-in-dishwashers/abcat0905001.c?id=abcat0905001&qp=hiddencontrols_facet%3DControl%20Location~Hidden%20Controls,2025-01-03 20:07:23,dishwashers,
"GE Profile - 24"" Top Control Smart Built-In Stainless Steel Tub Dishwasher with 3rd Rack, Dedicated Jet Targeted Wash and 42 dBA - Stainless Steel",1124.99,bestbuy.com,https://www.bestbuy.com/site/dishwashers/built-in-dishwashers/abcat0905001.c?id=abcat0905001&qp=hiddencontrols_facet%3DControl%20Location~Hidden%20Controls,2025-01-03 20:07:23,dishwashers,
"LG - 24"" Top Control Smart Built-In Stainless Steel Tub Dishwasher with 3rd Rack, QuadWash Pro and 42dba - Stainless Steel",899.99,bestbuy.com,https://www.bestbuy.com/site/dishwashers/built-in-dishwashers/abcat0905001.c?id=abcat0905001&qp=hiddencontrols_facet%3DControl%20Location~Hidden%20Controls,2025-01-03 20:07:23,dishwashers,
"LG - 24"" Top Control Smart Built-in Stainless Steel Tub Dishwasher with 3rd Rack, QuadWash Pro and 46dB - Stainless Steel",749.99,bestbuy.com,https://www.bestbuy.com/site/dishwashers/built-in-dishwashers/abcat0905001.c?id=abcat0905001&qp=hiddencontrols_facet%3DControl%20Location~Hidden%20Controls,2025-01-03 20:07:23,dishwashers,
"Samsung - 24"" AutoRelease Dry Smart Built-In Stainless Steel Tub Dishwasher with 3rd Rack, Linear Wash, 39dBA - Stainless Steel",779.99,bestbuy.com,https://www.bestbuy.com/site/dishwashers/built-in-dishwashers/abcat0905001.c?id=abcat0905001&qp=hiddencontrols_facet%3DControl%20Location~Hidden%20Controls,2025-01-03 20:07:23,dishwashers,
"Insignia™ - 24” Top Control Built-In Dishwasher with 3rd Rack, Sensor Wash, Stainless Steel Tub, 49 Dba, ENERGY STAR Certification - Stainless Steel",399.99,bestbuy.com,https://www.bestbuy.com/site/dishwashers/built-in-dishwashers/abcat0905001.c?id=abcat0905001&qp=hiddencontrols_facet%3DControl%20Location~Hidden%20Controls,2025-01-03 20:07:23,dishwashers,
Whirlpool - 1.1 Cu. Ft. Countertop Microwave with 900W Cooking Power,159.99,bestbuy.com,https://www.bestbuy.com/site/microwaves/all-microwaves/pcmcat748301803023.c?id=pcmcat748301803023,2025-01-03 20:07:23,microwaves,
LG - 1.5 Cu. Ft. Countertop Microwave with Sensor Cooking and Smart Inverter - Stainless Steel,179.99,bestbuy.com,https://www.bestbuy.com/site/microwaves/all-microwaves/pcmcat748301803023.c?id=pcmcat748301803023,2025-01-03 20:07:23,microwaves,
LG - 1.7 Cu. Ft. Over-The-Range Microwave with Sensor Cook and EasyClean - Stainless Steel,249.99,bestbuy.com,https://www.bestbuy.com/site/microwaves/all-microwaves/pcmcat748301803023.c?id=pcmcat748301803023,2025-01-03 20:07:23,microwaves,
GE - 1.7 Cu. Ft. Over-the-Range Microwave with Sensor Cooking and Defrost - Stainless Steel,229.99,bestbuy.com,https://www.bestbuy.com/site/microwaves/all-microwaves/pcmcat748301803023.c?id=pcmcat748301803023,2025-01-03 20:07:23,microwaves,
Insignia™ - .7 Cu. Ft. Compact  Microwave ,69.99,bestbuy.com,https://www.bestbuy.com/site/microwaves/all-microwaves/pcmcat748301803023.c?id=pcmcat748301803023,2025-01-03 20:07:23,microwaves,
GE - 1.6 Cu. Ft. Over-the-Range Microwave with Convenience Cooking Controls - Stainless Steel,199.99,bestbuy.com,https://www.bestbuy.com/site/microwaves/all-microwaves/pcmcat748301803023.c?id=pcmcat748301803023,2025-01-03 20:07:23,microwaves,
KitchenAid - 1.1 Cu. Ft. Convection Flush Built-In Over-the-Range Microwave with Air Fry Mode - Stainless Steel,899.99,bestbuy.com,https://www.bestbuy.com/site/microwaves/all-microwaves/pcmcat748301803023.c?id=pcmcat748301803023,2025-01-03 20:07:23,microwaves,
GE - Profile Series 1.1 Cu. Ft. Built-In Microwave with Sensor Cooking and Defrost - Stainless Steel,479.0,bestbuy.com,https://www.bestbuy.com/site/microwaves/all-microwaves/pcmcat748301803023.c?id=pcmcat748301803023,2025-01-03 20:07:23,microwaves,
KitchenAid - 1.5 Cu. Ft. Countertop Microwave with Sensor Cooking and Air Fry - Stainless Steel,769.99,bestbuy.com,https://www.bestbuy.com/site/microwaves/all-microwaves/pcmcat748301803023.c?id=pcmcat748301803023,2025-01-03 20:07:23,microwaves,
GE Profile - 1.1 Cu. Ft. Built-In Microwave with Sensor Cooking and Electronic Touch Controlson,399.0,bestbuy.com,https://www.bestbuy.com/site/microwaves/all-microwaves/pcmcat748301803023.c?id=pcmcat748301803023,2025-01-03 20:07:23,microwaves,
LG - 0.9 Cu. Ft. Countertop Microwave with Sensor Cooking and Smart Inverter - Stainless Steel,139.99,bestbuy.com,https://www.bestbuy.com/site/microwaves/all-microwaves/pcmcat748301803023.c?id=pcmcat748301803023,2025-01-03 20:07:23,microwaves,
GE Profile - 2.2 Cu. Ft. Countertop Microwave with Sensor Cooking and Defrost - Stainless Steel,459.0,bestbuy.com,https://www.bestbuy.com/site/microwaves/all-microwaves/pcmcat748301803023.c?id=pcmcat748301803023,2025-01-03 20:07:23,microwaves,
Farberware - Classic 1.1 Cu. Ft. Countertop Microwave Oven,129.99,bestbuy.com,https://www.bestbuy.com/site/microwaves/all-microwaves/pcmcat748301803023.c?id=pcmcat748301803023,2025-01-03 20:07:23,microwaves,
Insignia™ - 1.1 Cu. Ft. Countertop Microwave ,89.99,bestbuy.com,https://www.bestbuy.com/site/microwaves/all-microwaves/pcmcat748301803023.c?id=pcmcat748301803023,2025-01-03 20:07:23,microwaves,
Samsung - 1.7 Cu. Ft. Over-the-Range Microwave - Stainless Steel,219.99,bestbuy.com,https://www.bestbuy.com/site/microwaves/all-microwaves/pcmcat748301803023.c?id=pcmcat748301803023,2025-01-03 20:07:23,microwaves,
"Samsung - 1.1 cu. ft. Smart SLIM Over-the-Range Microwave with 400 CFM Hood Ventilation, Wifi & Voice Control - Stainless Steel",429.99,bestbuy.com,https://www.bestbuy.com/site/microwaves/all-microwaves/pcmcat748301803023.c?id=pcmcat748301803023,2025-01-03 20:07:23,microwaves,
LG - 2.0 Cu. Ft. Countertop Microwave with Sensor Cooking and Smart Inverter - Stainless Steel,199.99,bestbuy.com,https://www.bestbuy.com/site/microwaves/all-microwaves/pcmcat748301803023.c?id=pcmcat748301803023,2025-01-03 20:07:23,microwaves,
GE - 1.9 Cu. Ft. Over-the-Range Microwave with Sensor Cooking and Steam Cleaning - Stainless Steel,269.99,bestbuy.com,https://www.bestbuy.com/site/microwaves/all-microwaves/pcmcat748301803023.c?id=pcmcat748301803023,2025-01-03 20:07:23,microwaves,
Panasonic - 1.2 Cu. Ft. 1200-Watt Countertop Microwave Oven with Inverter Technology - Stainless Steel,199.99,bestbuy.com,https://www.bestbuy.com/site/microwaves/all-microwaves/pcmcat748301803023.c?id=pcmcat748301803023,2025-01-03 20:07:23,microwaves,
24 in. Built-In Smart Convection Microwave Drawer Oven (SMD2499FS),2199.99,sharpusa.com,https://shop.sharpusa.com/products/microwave-ovens/,2025-01-03 20:07:23,microwave-ovens,
24 in. 1.2 cu. ft. 950W Sharp Stainless Steel Smart Easy Wave Open Microwave Drawer Oven (SMD2479JS),1499.99,sharpusa.com,https://shop.sharpusa.com/products/microwave-ovens/,2025-01-03 20:07:23,microwave-ovens,
24 in. 1.2 cu. ft. 950W Sharp Stainless Steel Smart Easy Wave Open Microwave Drawer Oven (SMD2489ES),1499.99,sharpusa.com,https://shop.sharpusa.com/products/microwave-ovens/,2025-01-03 20:07:23,microwave-ovens,
24 in. 1.2 cu. ft. 950W Sharp Stainless Steel Microwave Drawer Oven (SMD2470AH),1399.99,sharpusa.com,https://shop.sharpusa.com/products/microwave-ovens/,2025-01-03 20:07:23,microwave-ovens,
30 in. 1.2 cu. ft. 950W Sharp Stainless Steel Microwave Drawer Oven (SMD3070ASY),1399.99,sharpusa.com,https://shop.sharpusa.com/products/microwave-ovens/,2025-01-03 20:07:23,microwave-ovens,
24 in. 1.2 cu. ft. 950W Sharp Stainless Steel Microwave Drawer Oven (SMD2470ASY),1299.99,sharpusa.com,https://shop.sharpusa.com/products/microwave-ovens/,2025-01-03 20:07:23,microwave-ovens,
24 in. 1.2 cu. ft. Built-In Stainless Steel Microwave Drawer Oven (SMD2440JS),1199.99,sharpusa.com,https://shop.sharpusa.com/products/microwave-ovens/,2025-01-03 20:07:23,microwave-ovens,
24 in. 1.2 cu. ft. 950W Sharp Easy Open Stainless Steel Microwave Drawer (KB6524PSY),1099.99,sharpusa.com,https://shop.sharpusa.com/products/microwave-ovens/,2025-01-03 20:07:23,microwave-ovens,
1.1 cu. ft. 850W Sharp Stainless Steel Over-the-Range Convection Microwave Oven (R1874TY),599.99,sharpusa.com,https://shop.sharpusa.com/products/microwave-ovens/,2025-01-03 20:07:23,microwave-ovens,
1.5 cu. ft. 900W Sharp Stainless Steel Carousel Convection + Microwave Oven (SMC1585BS),599.99,sharpusa.com,https://shop.sharpusa.com/products/microwave-ovens/,2025-01-03 20:07:23,microwave-ovens,
Sharp 1.5 cu. ft. 900W Stainless Steel Convection Countertop Microwave Oven (SMC1585KS),599.99,sharpusa.com,https://shop.sharpusa.com/products/microwave-ovens/,2025-01-03 20:07:23,microwave-ovens,
1.5 cu. ft. 900W Sharp Matte Carousel Convection Microwave Oven (SMC1585BB),499.99,sharpusa.com,https://shop.sharpusa.com/products/microwave-ovens/,2025-01-03 20:07:23,microwave-ovens,
Sharp Smart Combi Built-In Steam Oven (SSC2489GS),2499.99,sharpusa.com,https://shop.sharpusa.com/products/steam-ovens/,2025-01-03 20:07:23,steam-ovens,
Sharp SuperSteam+ Smart Superheated Steam and Convection Built-In Wall Oven (SSC2489DS),2499.99,sharpusa.com,https://shop.sharpusa.com/products/steam-ovens/,2025-01-03 20:07:23,steam-ovens,
Supersteam+ Superheated Steam and Convection Built-in Wall Oven (SSC3088AS),1999.99,sharpusa.com,https://shop.sharpusa.com/products/steam-ovens/,2025-01-03 20:07:23,steam-ovens,
Sharp Superheated Steam Countertop Oven (SSC0586DS),199.0,sharpusa.com,https://shop.sharpusa.com/products/steam-ovens/,2025-01-03 20:07:23,steam-ovens,
Stainless Steel European Convection Built-In Double Wall Oven (SWB3062GS),3199.99,sharpusa.com,https://shop.sharpusa.com/products/traditional-convection-wall-ovens/,2025-01-03 20:07:23,traditional-convection-wall-ovens,
Stainless Steel European Convection Built-In Single Wall Oven (SWA3062GS),2299.99,sharpusa.com,https://shop.sharpusa.com/products/traditional-convection-wall-ovens/,2025-01-03 20:07:23,traditional-convection-wall-ovens,
Stainless Steel European Convection Built-In Double Wall Oven (SWB3052DS),1999.99,sharpusa.com,https://shop.sharpusa.com/products/traditional-convection-wall-ovens/,2025-01-03 20:07:23,traditional-convection-wall-ovens,
24 in. Stainless Steel European Convection Built-In Single Wall Oven (SWA2450GS),1699.99,sharpusa.com,https://shop.sharpusa.com/products/traditional-convection-wall-ovens/,2025-01-03 20:07:23,traditional-convection-wall-ovens,
Stainless Steel European Convection Built-In Single Wall Oven (SWA3052DS),1699.99,sharpusa.com,https://shop.sharpusa.com/products/traditional-convection-wall-ovens/,2025-01-03 20:07:23,traditional-convection-wall-ovens,
"36 in. width Induction Cooktop, European Mirror Finish Made with Premium SCHOTT Glass (SDH3652DB)",1299.99,sharpusa.com,https://shop.sharpusa.com/products/induction-cooktops/,2025-01-03 20:07:23,induction-cooktops,
Sharp 30 in. Induction Cooktop with Side Accessories (SCH3043GB),1299.99,sharpusa.com,https://shop.sharpusa.com/products/induction-cooktops/,2025-01-03 20:07:23,induction-cooktops,
Sharp 24 in. Induction Cooktop with Side Accessories (SCH2443GB),1199.99,sharpusa.com,https://shop.sharpusa.com/products/induction-cooktops/,2025-01-03 20:07:23,induction-cooktops,
"30 in. width Induction Cooktop, European Mirror Finish Made with Premium SCHOTT Glass (SDH3042DB)",999.99,sharpusa.com,https://shop.sharpusa.com/products/induction-cooktops/,2025-01-03 20:07:23,induction-cooktops,
24 in. Drop-In Radiant Cooktop with Side Accessories  (SCR2442FB),799.99,sharpusa.com,https://shop.sharpusa.com/products/induction-cooktops/,2025-01-03 20:07:23,induction-cooktops,
30 in. Drop-In Radiant Cooktop with Side Accessories  (SCR3042FB),799.99,sharpusa.com,https://shop.sharpusa.com/products/induction-cooktops/,2025-01-03 20:07:23,induction-cooktops,
30 in. Drop-In Radiant Cooktop (SCR3041GB),649.99,sharpusa.com,https://shop.sharpusa.com/products/induction-cooktops/,2025-01-03 20:07:23,induction-cooktops,
Sharp Smart Plasmacluster Ion Air Purifier with True HEPA + Humidifier for Extra Large Rooms (KCP110UW),559.99,sharpusa.com,https://shop.sharpusa.com/products/air-purifiers/,2025-01-03 20:07:23,air-purifiers,
Sharp Smart Plasmacluster Ion Air Purifier with True HEPA + Humidifier for Large Rooms (KCP70UW),469.99,sharpusa.com,https://shop.sharpusa.com/products/air-purifiers/,2025-01-03 20:07:23,air-purifiers,
Sharp Plasmacluster Ion Air Purifier with True HEPA + Humidifier for Large Rooms (KC860U),449.99,sharpusa.com,https://shop.sharpusa.com/products/air-purifiers/,2025-01-03 20:07:23,air-purifiers,
Sharp Smart Plasmacluster Ion Air Purifier with True HEPA for Extra Large Rooms (FXJ80UW),399.99,sharpusa.com,https://shop.sharpusa.com/products/air-purifiers/,2025-01-03 20:07:23,air-purifiers,
Sharp Plasmacluster Ion Air Purifier with True HEPA + Humidifier for Medium Rooms (KC850U),349.99,sharpusa.com,https://shop.sharpusa.com/products/air-purifiers/,2025-01-03 20:07:23,air-purifiers,
Sharp Plasmacluster Ion Air Purifier with True HEPA for Large Rooms (FPA80UW),249.99,sharpusa.com,https://shop.sharpusa.com/products/air-purifiers/,2025-01-03 20:07:23,air-purifiers,
Sharp Plasmacluster Ion Air Purifier with True HEPA for Medium Rooms (FPK50UW),129.99,sharpusa.com,https://shop.sharpusa.com/products/air-purifiers/,2025-01-03 20:07:23,air-purifiers,
Sharp True HEPA Air Purifier with Express Clean for Small Rooms (FPF30UH),99.99,sharpusa.com,https://shop.sharpusa.com/products/air-purifiers/,2025-01-03 20:07:23,air-purifiers,
24 in. Slide-In Smart 42 dB Dishwasher (SDW6888JS),799.99,sharpusa.com,https://shop.sharpusa.com/products/dishwashers/,2025-01-03 20:07:23,dishwashers,
24 in. Slide-In Smart 45 dB Dishwasher (SDW6767HS),649.99,sharpusa.com,https://shop.sharpusa.com/products/dishwashers/,2025-01-03 20:07:23,dishwashers,
24 in. Slide-In Stainless Steel 45 dB Dishwasher (SDW6757ES),629.99,sharpusa.com,https://shop.sharpusa.com/products/dishwashers/,2025-01-03 20:07:23,dishwashers,
Sharp 24 in. Stainless Steel Hybrid 52dB Dishwasher (SDW6504MS),599.99,sharpusa.com,https://shop.sharpusa.com/products/dishwashers/,2025-01-03 20:07:23,dishwashers,
24 in. Slide-In Stainless Steel Pocket Handle 45 dB Dishwasher (SDW6747GS),549.99,sharpusa.com,https://shop.sharpusa.com/products/dishwashers/,2025-01-03 20:07:23,dishwashers,
24 in. Slide-In Stainless Steel Hybrid 49 dB Dishwasher (SDW6506JS),479.99,sharpusa.com,https://shop.sharpusa.com/products/dishwashers/,2025-01-03 20:07:23,dishwashers,
Sharp French 4-Door Counter-Depth Refrigerator with Water Dispenser (SJG2254FS),3299.99,sharpusa.com,https://shop.sharpusa.com/products/refrigerator/,2025-01-03 20:07:23,refrigerators,
Sharp French 3-Door Refrigerator with Water Dispenser (SJF2955KS),2999.99,sharpusa.com,https://shop.sharpusa.com/products/refrigerator/,2025-01-03 20:07:23,refrigerators,
Sharp French 4-Door Counter-Depth Refrigerator (SJG2351FS),1699.99,sharpusa.com,https://shop.sharpusa.com/products/refrigerator/,2025-01-03 20:07:23,refrigerators,
Sharp 24 in. Bottom-Freezer Counter-Depth Refrigerator (SJB1255GS),1299.99,sharpusa.com,https://shop.sharpusa.com/products/refrigerator/,2025-01-03 20:07:23,refrigerators,
Allstate 3 Years (For Major Appliances Under $1000),89.99,costco.com,https://www.costco.com/refrigerators.html,2025-01-03 20:07:23,refrigerators,
Mora 22.3 Cu.Ft Bottom Freezer Refrigerator with Installed Ice Maker,879.99,costco.com,https://www.costco.com/refrigerators.html,2025-01-03 20:07:23,refrigerators,
"Iceman 6L Mirrored Beauty Mini Fridge with LED Lighting, Heats & Cools",39.99,costco.com,https://www.costco.com/refrigerators.html,2025-01-03 20:07:23,refrigerators,
Mora 26 Cu.Ft 4 Door French Door Refrigerator with Ice & Water Dispenser,1549.99,costco.com,https://www.costco.com/refrigerators.html,2025-01-03 20:07:23,refrigerators,
LG 27 cu. ft. Smart Counter-Depth MAX French Door Refrigerator,1799.99,costco.com,https://www.costco.com/refrigerators.html,2025-01-03 20:07:23,refrigerators,
Whirlpool 28 cu. ft. Side-by-Side Refrigerator with Exterior Ice and Water Dispenser,1299.99,costco.com,https://www.costco.com/refrigerators.html,2025-01-03 20:07:23,refrigerators,
Allstate 3 Years (For Major Appliances $1000 to $2000),119.99,costco.com,https://www.costco.com/refrigerators.html,2025-01-03 20:07:23,refrigerators,
Whirlpool 18 cu. ft. Top Freezer Refrigerator with LED Lighting,649.99,costco.com,https://www.costco.com/refrigerators.html,2025-01-03 20:07:23,refrigerators,January Savings
Samsung 23 cu. ft. Counter Depth 4-Door French Door Refrigerator with Beverage Center in Stainless Steel,2299.99,costco.com,https://www.costco.com/refrigerators.html,2025-01-03 20:07:23,refrigerators,
Whirlpool 20 cu. ft. Top Freezer Refrigerator with Frameless Glass Shelves,749.99,costco.com,https://www.costco.com/refrigerators.html,2025-01-03 20:07:23,refrigerators,
LG 29 cu. ft. Smart InstaView Standard-Depth MAX 4-Door French Door Refrigerator with Full-Convert Drawer,1999.99,costco.com,https://www.costco.com/refrigerators.html,2025-01-03 20:07:23,refrigerators,January Savings
LG 29 cu. ft. French Door Refrigerator with Slim Design Water Dispenser,1299.99,costco.com,https://www.costco.com/refrigerators.html,2025-01-03 20:07:23,refrigerators,
LG 26 cu. ft. Smart Counter-Depth MAX French Door Refrigerator,1899.99,costco.com,https://www.costco.com/refrigerators.html,2025-01-03 20:07:23,refrigerators,
Whirlpool 19.2 cu. ft. Counter Depth 4 Door Refrigerator with Easy Shelves,1449.99,costco.com,https://www.costco.com/refrigerators.html,2025-01-03 20:07:23,refrigerators,January Savings
Samsung 23 cu. ft. Bespoke Counter Depth 4-Door French Door Refrigerator with Beverage Center,2349.99,costco.com,https://www.costco.com/refrigerators.html,2025-01-03 20:07:23,refrigerators,
Samsung 29 cu. ft. Bespoke 4-Door French Door Refrigerator with Family Hub,2899.99,costco.com,https://www.costco.com/refrigerators.html,2025-01-03 20:07:23,refrigerators,
Allstate 3 Years (For Major Appliances Above $2000),159.99,costco.com,https://www.costco.com/refrigerators.html,2025-01-03 20:07:23,refrigerators,
GE 21.9 Cu. Ft. Top-Freezer Refrigerator,999.99,costco.com,https://www.costco.com/refrigerators.html,2025-01-03 20:07:23,refrigerators,
Frigidaire 20.0 cu. ft. Top Freezer Refrigerator,699.99,costco.com,https://www.costco.com/refrigerators.html,2025-01-03 20:07:23,refrigerators,
LG 31.7 cu. ft. Standard Depth MAX Refrigerator with Internal Water Dispenser,1799.99,costco.com,https://www.costco.com/refrigerators.html,2025-01-03 20:07:23,refrigerators,
Samsung 28 cu. ft. Smart Side-by-Side Refrigerator,1049.99,costco.com,https://www.costco.com/refrigerators.html,2025-01-03 20:07:23,refrigerators,January Savings
Maytag 25 cu. ft. Side-by-Side Refrigerator with Exterior Ice and Water Dispenser,1149.99,costco.com,https://www.costco.com/refrigerators.html,2025-01-03 20:07:23,refrigerators,January Savings
Samsung 29 cu. ft. Bespoke 4-Door French Door Smart Refrigerator with Beverage Center,2249.99,costco.com,https://www.costco.com/refrigerators.html,2025-01-03 20:07:23,refrigerators,
Samsung 27.4 cu. ft. Large Capacity Side by Side Refrigerator,1199.99,costco.com,https://www.costco.com/refrigerators.html,2025-01-03 20:07:23,refrigerators,
Whirlpool 25 cu. ft. Large Side-by-Side Refrigerator with Deli Drawer,1149.99,costco.com,https://www.costco.com/refrigerators.html,2025-01-03 20:07:23,refrigerators,January Savings
Whirlpool 25 cu. ft. French Door Refrigerator and Large Capacity Dishwasher with 3rd Rack Kitchen Package,2549.98,costco.com,https://www.costco.com/kitchen-suites.html,2025-01-03 20:07:23,kitchen-suites,
Samsung 4-piece ELECTRIC Kitchen Package with Counter Depth Refrigerator,4999.96,costco.com,https://www.costco.com/kitchen-suites.html,2025-01-03 20:07:23,kitchen-suites,
Samsung 4-piece ELECTRIC Kitchen Package with Full Depth Refrigerator,4899.96,costco.com,https://www.costco.com/kitchen-suites.html,2025-01-03 20:07:23,kitchen-suites,
Samsung 4-piece GAS Kitchen Package with Counter Depth Refrigerator,5399.96,costco.com,https://www.costco.com/kitchen-suites.html,2025-01-03 20:07:23,kitchen-suites,
Samsung 4-piece GAS Kitchen Package with Full Depth Refrigerator,5299.96,costco.com,https://www.costco.com/kitchen-suites.html,2025-01-03 20:07:23,kitchen-suites,
ZLINE 5-piece 30” Dual Fuel Range Kitchen Package with 21.6 cu. ft. French Door Refrigerator,7999.99,costco.com,https://www.costco.com/kitchen-suites.html,2025-01-03 20:07:23,kitchen-suites,
ZLINE 5-piece 36” Dual Fuel Range Kitchen Package with 21.6 cu. ft. French Door Refrigerator,8499.99,costco.com,https://www.costco.com/kitchen-suites.html,2025-01-03 20:07:23,kitchen-suites,
ZLINE 5-piece 48” Dual Fuel Range Kitchen Package with 21.6 cu. ft. French Door Refrigerator,10499.99,costco.com,https://www.costco.com/kitchen-suites.html,2025-01-03 20:07:23,kitchen-suites,
Allstate 3 Years (For Kitchen Suites Under $2000),174.99,costco.com,https://www.costco.com/kitchen-suites.html,2025-01-03 20:07:23,kitchen-suites,
Allstate 3 Years (For Kitchen Suites $2000 to $4000),299.99,costco.com,https://www.costco.com/kitchen-suites.html,2025-01-03 20:07:23,kitchen-suites,
Allstate 3 Years (For Kitchen Suites Above $4000),399.99,costco.com,https://www.costco.com/kitchen-suites.html,2025-01-03 20:07:23,kitchen-suites,
Café 1.7 cu. ft. Convection Over-the-Range Microwave Oven,899.99,costco.com,https://www.costco.com/microwaves.html,2025-01-03 20:07:23,microwaves,
Bosch 1.9 cu. ft. Over-the-Range Convection Microwave,949.99,costco.com,https://www.costco.com/microwaves.html,2025-01-03 20:07:23,microwaves,
KitchenAid 1.1 cu. ft. Multifunction Over-the-Range Microwave Oven with Flush Built-In Design and Air Fry Mode,899.99,costco.com,https://www.costco.com/microwaves.html,2025-01-03 20:07:23,microwaves,
Café 2.1 cu. ft. Over-the-Range Microwave Oven,749.99,costco.com,https://www.costco.com/microwaves.html,2025-01-03 20:07:23,microwaves,
"GE Profile 1.7 cu. ft. Convection Over-the-Range Microwave Oven with Air-Fry, Sensor Cooking",699.99,costco.com,https://www.costco.com/microwaves.html,2025-01-03 20:07:23,microwaves,
Samsung 1.7 cu. ft. Capacity Smart Over-the-Range Microwave with Convection and Slim Fry,679.99,costco.com,https://www.costco.com/microwaves.html,2025-01-03 20:07:23,microwaves,
GE Profile 2.1 Cu. Ft. Over-the-Range Sensor Microwave Oven in Stainless Steel,649.99,costco.com,https://www.costco.com/microwaves.html,2025-01-03 20:07:23,microwaves,
LG 1.7 cu. ft. Smart Wifi Enabled Over-the-Range Convection Microwave Oven with Air Fry,599.99,costco.com,https://www.costco.com/microwaves.html,2025-01-03 20:07:23,microwaves,
LG 2.1 cu. ft. Wifi Enabled Over-the-Range Microwave Oven with EasyClean,599.99,costco.com,https://www.costco.com/microwaves.html,2025-01-03 20:07:23,microwaves,
Samsung Bespoke Smart 2.1 cu. ft. Over-the-Range Microwave Wifi & LCD Display,579.99,costco.com,https://www.costco.com/microwaves.html,2025-01-03 20:07:23,microwaves,
Samsung 1.1 cu. ft. Smart SLIM Over-the-Range Microwave Wifi and Voice Control Features,579.99,costco.com,https://www.costco.com/microwaves.html,2025-01-03 20:07:23,microwaves,
Samsung 2.1 cu. ft. Over-the-Range Microwave Wifi and SmartThings,479.99,costco.com,https://www.costco.com/microwaves.html,2025-01-03 20:07:23,microwaves,
GE Profile 2.1 cu. ft. Over-the-Range Sensor Microwave Oven with Auto Cook and Steam Cook,529.99,costco.com,https://www.costco.com/microwaves.html,2025-01-03 20:07:23,microwaves,
Maytag 1.1 cu. ft. Flush Design Over the Range Microwave,499.99,costco.com,https://www.costco.com/microwaves.html,2025-01-03 20:07:23,microwaves,
LG 1.8 cu. ft. Smart Wifi Enabled Over-the-Range Microwave Oven with EasyClean,399.99,costco.com,https://www.costco.com/microwaves.html,2025-01-03 20:07:23,microwaves,
LG 2.0 cu. ft. Smart Wifi Enabled Over-the-Range Microwave Oven with EasyClean,449.99,costco.com,https://www.costco.com/microwaves.html,2025-01-03 20:07:23,microwaves,
GE 1.9 cu. ft. Over-the-Range Sensor Microwave Oven with Easy Clean Interior,399.99,costco.com,https://www.costco.com/microwaves.html,2025-01-03 20:07:23,microwaves,
Whirlpool 1.9 cu. ft. Over-The-Range Microwave with Sensor Cooking,379.99,costco.com,https://www.costco.com/microwaves.html,2025-01-03 20:07:23,microwaves,
GE 1.6 cu. ft. Over-the-Range Microwave Oven with Cooktop Lighting and 300-CFM Exhaust Fan,349.99,costco.com,https://www.costco.com/microwaves.html,2025-01-03 20:07:23,microwaves,
Panasonic 1.3 cu. ft. 4-in-1 Countertop Microwave,249.99,costco.com,https://www.costco.com/microwaves.html,2025-01-03 20:07:23,microwaves,
"Samsung 1.9 cu. ft. Countertop Microwave with Sensor Cooking, Stainless Steel",199.99,costco.com,https://www.costco.com/microwaves.html,2025-01-03 20:07:23,microwaves,
Panasonic 1.6 cu. ft. Countertop Microwave Oven,189.99,costco.com,https://www.costco.com/microwaves.html,2025-01-03 20:07:23,microwaves,
Panasonic 1.3 cu.ft. Countertop Microwave Oven in Stainless Steel,159.99,costco.com,https://www.costco.com/microwaves.html,2025-01-03 20:07:23,microwaves,
Midea 0.9 cu. ft. Countertop Microwave Oven,79.99,costco.com,https://www.costco.com/microwaves.html,2025-01-03 20:07:23,microwaves,
Frigidaire ELECTRIC Washer/Dryer Laundry Center - 3.9 cu. ft. Washer and 5.5 cu. ft. Dryer,1099.99,costco.com,https://www.costco.com/small-space-appliances.html,2025-01-03 20:07:23,small-appliances,
LG 2.4 cu. ft. Wifi Enabled Compact Front Load All-In-One Washer/Dryer Combo with Built-In Intelligence,1799.99,costco.com,https://www.costco.com/small-space-appliances.html,2025-01-03 20:07:23,small-appliances,
LG 6.0 cu. ft. Single Door Refrigerator with Inverter Compressor and Pocket Handle in Platinum,389.99,costco.com,https://www.costco.com/small-space-appliances.html,2025-01-03 20:07:23,small-appliances,
Danby Dual Door 3.1 cu. ft. Compact Refrigerator/Freezer,219.99,costco.com,https://www.costco.com/small-space-appliances.html,2025-01-03 20:07:23,small-appliances,
GE Unitizedmaker 3.8 cu. ft. Washer and 5.9 cu. ft. ELECTRIC Dryer,1299.99,costco.com,https://www.costco.com/small-space-appliances.html,2025-01-03 20:07:23,small-appliances,
GE 2.4 cu. ft. High-Efficiency Ventless ELECTRIC All-in-One Washer Dryer,1349.99,costco.com,https://www.costco.com/small-space-appliances.html,2025-01-03 20:07:23,small-appliances,
GE Unitizedmaker 2.3 cu. ft. Washer and 4.4 cu. ft. ELECTRIC Dryer,1299.99,costco.com,https://www.costco.com/small-space-appliances.html,2025-01-03 20:07:23,small-appliances,
LG Styler Smart Wifi enabled Steam Closet with TrueSteam and Moving Hangers,1479.99,costco.com,https://www.costco.com/small-space-appliances.html,2025-01-03 20:07:23,small-appliances,
Whirlpool 19.2 cu. ft. Top Freezer Refrigerator with LED Interior Lighting,849.99,costco.com,https://www.costco.com/small-space-appliances.html,2025-01-03 20:07:23,small-appliances,
GE Unitizedmaker 3.8 cu. ft. Washer and 5.9 cu. ft. GAS Dryer,1399.99,costco.com,https://www.costco.com/small-space-appliances.html,2025-01-03 20:07:23,small-appliances,
Frigidaire GAS Washer/Dryer Laundry Center 3.9 cu. ft Washer and 5.5 cu. ft. Dryer,1199.99,costco.com,https://www.costco.com/small-space-appliances.html,2025-01-03 20:07:23,small-appliances,
Haier 16.8 Cu. Ft. Counter-Depth Quad Door Refrigerator,1699.99,costco.com,https://www.costco.com/small-space-appliances.html,2025-01-03 20:07:23,small-appliances,
Whirlpool 20 cu. ft. French Door Refrigerator with FreshFlow,1899.99,costco.com,https://www.costco.com/small-space-appliances.html,2025-01-03 20:07:23,small-appliances,
Whirlpool 3.5 cu ft. Washer and 5.9 cu. ft. Dryer ELECTRIC Laundry Center,1379.99,costco.com,https://www.costco.com/small-space-appliances.html,2025-01-03 20:07:23,small-appliances,
GE Unitizedmaker 2.3 cu. ft. Washer and 4.4 cu. ft. GAS Dryer,1349.99,costco.com,https://www.costco.com/small-space-appliances.html,2025-01-03 20:07:23,small-appliances,
Whirlpool 22 cu. ft. Bottom-Freezer Refrigerator with Accu-Chill™ Temperature Management System,1499.99,costco.com,https://www.costco.com/small-space-appliances.html,2025-01-03 20:07:23,small-appliances,
Hisense 13.6 cu. ft. Garage Ready Frost Free Convertible Upright Freezer,499.99,costco.com,https://www.costco.com/freezers-ice-makers.html,2025-01-03 20:07:23,freezers-ice-makers,
Hamilton Beach 11 cu. ft. Upright Freezer with Drawer Organization,399.99,costco.com,https://www.costco.com/freezers-ice-makers.html,2025-01-03 20:07:23,freezers-ice-makers,
"GE Profile Opal 2.0 Nugget Ice Maker, 38 lbs",569.99,costco.com,https://www.costco.com/freezers-ice-makers.html,2025-01-03 20:07:23,freezers-ice-makers,
"Frigidaire Gallery Nugget Ice Maker, 44 lbs",199.99,costco.com,https://www.costco.com/freezers-ice-makers.html,2025-01-03 20:07:23,freezers-ice-makers,
"Frigidaire Self Cleaning Bullet Ice Maker, 26 lbs",69.97,costco.com,https://www.costco.com/freezers-ice-makers.html,2025-01-03 20:07:23,freezers-ice-makers,
"Frigidaire Crunch Countertop Nugget Ice Maker, 33 lbs",149.99,costco.com,https://www.costco.com/freezers-ice-makers.html,2025-01-03 20:07:23,freezers-ice-makers,
GE 21.3 cu. ft. Garage Ready Upright Freezer with Glass Shelves,1029.99,costco.com,https://www.costco.com/freezers-ice-makers.html,2025-01-03 20:07:23,freezers-ice-makers,
Samsung 11.4 cu. ft. Capacity Convertible Upright Freezer,779.99,costco.com,https://www.costco.com/freezers-ice-makers.html,2025-01-03 20:07:23,freezers-ice-makers,
Hisense Garage Ready 21.2 cu. ft. Frost Free Convertible Upright Freezer/Refrigerator E-STAR,799.99,costco.com,https://www.costco.com/freezers-ice-makers.html,2025-01-03 20:07:23,freezers-ice-makers,
Frigidaire 20.0 cu. ft. Garage Ready Frost Free Upright Freezer in White,849.99,costco.com,https://www.costco.com/freezers-ice-makers.html,2025-01-03 20:07:23,freezers-ice-makers,
Harvest Right Home Pro Medium Stainless Steel Freeze Dryer,2499.99,costco.com,https://www.costco.com/freezers-ice-makers.html,2025-01-03 20:07:23,freezers-ice-makers,
GE 17.3 cu. ft. Frost Free Garage Ready Upright Freezer with Glass Shelves in White,879.99,costco.com,https://www.costco.com/freezers-ice-makers.html,2025-01-03 20:07:23,freezers-ice-makers,
Koolatron 21 cu. ft. Convertible Upright Freezer/Refrigerator Frost Free with Digital Controls,699.99,costco.com,https://www.costco.com/freezers-ice-makers.html,2025-01-03 20:07:23,freezers-ice-makers,
Maytag 20 cu. ft. Frost Free Upright Freezer with FastFreeze Option,849.99,costco.com,https://www.costco.com/freezers-ice-makers.html,2025-01-03 20:07:23,freezers-ice-makers,
Hisense Garage Ready 17.7 cu. ft. Convertible Chest Freezer/Refrigerator,699.99,costco.com,https://www.costco.com/freezers-ice-makers.html,2025-01-03 20:07:23,freezers-ice-makers,
Hisense Garage Ready 17.1 cu. ft. Frost Free Convertible Upright Freezer/Refrigerator E-STAR,699.99,costco.com,https://www.costco.com/freezers-ice-makers.html,2025-01-03 20:07:23,freezers-ice-makers,
GE 14.1 cu. ft. Garage Ready Upright Freezer with Glass Shelves,839.99,costco.com,https://www.costco.com/freezers-ice-makers.html,2025-01-03 20:07:23,freezers-ice-makers,
Maytag 18 cu. ft. Frost Free Upright Freezer with FastFreeze Option,799.99,costco.com,https://www.costco.com/freezers-ice-makers.html,2025-01-03 20:07:23,freezers-ice-makers,
Harvest Right Home Pro Large Stainless Steel Freeze Dryer,3099.99,costco.com,https://www.costco.com/freezers-ice-makers.html,2025-01-03 20:07:23,freezers-ice-makers,
GE Garage Ready 21.7 cu. ft. Manual Defrost Chest Freezer,1049.99,costco.com,https://www.costco.com/freezers-ice-makers.html,2025-01-03 20:07:23,freezers-ice-makers,
GE 15.7 cu. ft. Chest Freezer with Garage Ready and Second Level Rail in White,899.99,costco.com,https://www.costco.com/freezers-ice-makers.html,2025-01-03 20:07:23,freezers-ice-makers,
Maytag 16 cu. ft. Chest Freezer with Heavy Duty Sliding Baskets in White,849.99,costco.com,https://www.costco.com/freezers-ice-makers.html,2025-01-03 20:07:23,freezers-ice-makers,
Harvest Right Home Pro Extra Large Stainless Steel Freeze Dryer,4599.99,costco.com,https://www.costco.com/freezers-ice-makers.html,2025-01-03 20:07:23,freezers-ice-makers,
Hisense 35 Pint Dehumidifier,149.99,costco.com,https://www.costco.com/cooling-air-treatment-heating.html,2025-01-03 20:07:23,cooling-air-treatment-heating,
"Winix Genuine Replacement Filter S, 2-pack for C545 Air Purifier",79.99,costco.com,https://www.costco.com/cooling-air-treatment-heating.html,2025-01-03 20:07:23,cooling-air-treatment-heating,
Shark Air Purifier MAX with Anti-Allergen Nanoseal and HEPA  Air Filter Technology,189.99,costco.com,https://www.costco.com/cooling-air-treatment-heating.html,2025-01-03 20:07:23,cooling-air-treatment-heating,
Midea Smart 50-Pint Dehumidifier with Built-in Pump,179.99,costco.com,https://www.costco.com/cooling-air-treatment-heating.html,2025-01-03 20:07:23,cooling-air-treatment-heating,
Dyson Purifier Cool TP7C Purifying Tower Fan with Additional Filter,349.99,costco.com,https://www.costco.com/cooling-air-treatment-heating.html,2025-01-03 20:07:23,cooling-air-treatment-heating,
Winix C909 4-Stage Air Purifier Wifi & PlasmaWave Technology,199.99,costco.com,https://www.costco.com/cooling-air-treatment-heating.html,2025-01-03 20:07:23,cooling-air-treatment-heating,
MRCOOL E Star DIY 4th Gen 12k BTU Ductless Mini-Split Heat Pump Complete System 115V/60 Hz,1399.99,costco.com,https://www.costco.com/cooling-air-treatment-heating.html,2025-01-03 20:07:23,cooling-air-treatment-heating,
MRCOOL E Star DIY 4th Gen 24k BTU Ductless Mini-Split Heat Pump Complete System 208-230V/60Hz,2299.99,costco.com,https://www.costco.com/cooling-air-treatment-heating.html,2025-01-03 20:07:23,cooling-air-treatment-heating,
MRCOOL DIY 4th Gen Multi-Zone Condenser,2799.99,costco.com,https://www.costco.com/cooling-air-treatment-heating.html,2025-01-03 20:07:23,cooling-air-treatment-heating,
MRCOOL E Star DIY 4th Gen 18k BTU Ductless Mini-Split Heat Pump Complete System 208-230V/60Hz,1899.99,costco.com,https://www.costco.com/cooling-air-treatment-heating.html,2025-01-03 20:07:23,cooling-air-treatment-heating,
"Midea U 12,000 BTU Smart Inverter Window AC with MShield, Energy Star",379.99,costco.com,https://www.costco.com/cooling-air-treatment-heating.html,2025-01-03 20:07:23,cooling-air-treatment-heating,
Woozoo 5-Speed Globe Fan,46.99,costco.com,https://www.costco.com/cooling-air-treatment-heating.html,2025-01-03 20:07:23,cooling-air-treatment-heating,
"Kirkland Signature 2200 High Performance Furnace Filters, 4-pack",39.99,costco.com,https://www.costco.com/cooling-air-treatment-heating.html,2025-01-03 20:07:23,cooling-air-treatment-heating,
"3M 2500 Series Filtrete 1"" Filter, 4-pack",49.99,costco.com,https://www.costco.com/cooling-air-treatment-heating.html,2025-01-03 20:07:23,cooling-air-treatment-heating,
"Shark NeverChange Air Purifier MAX with Remote, Two Odor Neutralization Cartridges, & Pet Pro Filter",219.99,costco.com,https://www.costco.com/cooling-air-treatment-heating.html,2025-01-03 20:07:23,cooling-air-treatment-heating,
PureGuardian Ultrasonic Cool Mist 1.6G Humidifier,49.99,costco.com,https://www.costco.com/cooling-air-treatment-heating.html,2025-01-03 20:07:23,cooling-air-treatment-heating,
"3M Ultra Allergen Reduction Deep Pleat 4"" Filter, 2-pack",29.99,costco.com,https://www.costco.com/cooling-air-treatment-heating.html,2025-01-03 20:07:23,cooling-air-treatment-heating,
Levoit Smart Hybrid Ultrasonic Warm/Cool Mist 1.58G Humidifier,79.99,costco.com,https://www.costco.com/cooling-air-treatment-heating.html,2025-01-03 20:07:23,cooling-air-treatment-heating,
Vornado VMHi605 Whole Room Heater,79.99,costco.com,https://www.costco.com/cooling-air-treatment-heating.html,2025-01-03 20:07:23,cooling-air-treatment-heating,
Lasko Ceramic Tower Heater with Remote Control,42.99,costco.com,https://www.costco.com/cooling-air-treatment-heating.html,2025-01-03 20:07:23,cooling-air-treatment-heating,
Vornado Whole Room Heater and Fan,49.99,costco.com,https://www.costco.com/cooling-air-treatment-heating.html,2025-01-03 20:07:23,cooling-air-treatment-heating,
Presto HeatDish Plus Tilt Parabolic Heater,89.99,costco.com,https://www.costco.com/cooling-air-treatment-heating.html,2025-01-03 20:07:23,cooling-air-treatment-heating,
Homedics Warm & Cool Mist Ultrasonic 2G Humidifier,79.99,costco.com,https://www.costco.com/cooling-air-treatment-heating.html,2025-01-03 20:07:23,cooling-air-treatment-heating,
"Pure Enrichment Easy-Fill 0.79G Humidifier Bonus Bundle, 2-pack",59.99,costco.com,https://www.costco.com/cooling-air-treatment-heating.html,2025-01-03 20:07:23,cooling-air-treatment-heating,
"Uniflow Commercial Ice Machine, 75 lb Capacity, Stainless Steel",1899.99,costco.com,https://www.costco.com/commercial-restaurant.html,2025-01-03 20:07:23,commercial-restaurant,
"Kutano 2-Door Reach-In Refrigerator, Stainless Steel",2699.99,costco.com,https://www.costco.com/commercial-restaurant.html,2025-01-03 20:07:23,commercial-restaurant,
"Kutano Reach-In Freezer with Solid Door, Stainless Steel",1899.99,costco.com,https://www.costco.com/commercial-restaurant.html,2025-01-03 20:07:23,commercial-restaurant,
Kutano Merchandiser Refrigerator,1699.99,costco.com,https://www.costco.com/commercial-restaurant.html,2025-01-03 20:07:23,commercial-restaurant,
"Kutano 2-Door Sandwich/Salad Top Prep Table, Stainless Steel",2049.99,costco.com,https://www.costco.com/commercial-restaurant.html,2025-01-03 20:07:23,commercial-restaurant,
"Kutano 2-Door Reach-In Freezer, Stainless Steel",2999.99,costco.com,https://www.costco.com/commercial-restaurant.html,2025-01-03 20:07:23,commercial-restaurant,
"Kutano Reach-In Refrigerator with Solid Door, Stainless Steel",1799.99,costco.com,https://www.costco.com/commercial-restaurant.html,2025-01-03 20:07:23,commercial-restaurant,
"Kutano 36"" Restaurant Range, Gas, 6-Burner, Stainless Steel",1399.99,costco.com,https://www.costco.com/commercial-restaurant.html,2025-01-03 20:07:23,commercial-restaurant,
"Kutano 27"" Salad and Sandwich Prep Table, Stainless Steel",1199.99,costco.com,https://www.costco.com/commercial-restaurant.html,2025-01-03 20:07:23,commercial-restaurant,
"Kutano Natural Gas Fryer, 3-Burner, 50 lb Capacity, 105K BTU, Stainless Steel",999.99,costco.com,https://www.costco.com/commercial-restaurant.html,2025-01-03 20:07:23,commercial-restaurant,
Jura S8 Automatic Coffee Machine,2399.99,costco.com,https://www.costco.com/small-kitchen-appliances.html,2025-01-03 20:07:23,small-appliances,
Ninja Foodi 10-in-1 Smart Air Fryer Oven,249.99,costco.com,https://www.costco.com/small-kitchen-appliances.html,2025-01-03 20:07:23,small-appliances,
Nutribullet Ultra Deluxe Single-Serve Blender,79.99,costco.com,https://www.costco.com/small-kitchen-appliances.html,2025-01-03 20:07:23,small-appliances,January Savings
Vitamix A2300 SmartPrep Deluxe Kitchen System,529.99,costco.com,https://www.costco.com/small-kitchen-appliances.html,2025-01-03 20:07:23,small-appliances,
Cuisinart Custom Select 4-slice Toaster,39.99,costco.com,https://www.costco.com/small-kitchen-appliances.html,2025-01-03 20:07:23,small-appliances,
Primo Electronic Control & Stainless Steel Bottom Load Water Cooler,229.99,costco.com,https://www.costco.com/small-kitchen-appliances.html,2025-01-03 20:07:23,small-appliances,
Cuckoo 6 Cup Micom Rice Cooker,69.99,costco.com,https://www.costco.com/small-kitchen-appliances.html,2025-01-03 20:07:23,small-appliances,
Hamilton Beach FlexBrew 2-Way Single Serve Coffee Maker,79.99,costco.com,https://www.costco.com/small-kitchen-appliances.html,2025-01-03 20:07:23,small-appliances,
Frigidaire Stainless Steel Bottom Loading Water Cooler,179.99,costco.com,https://www.costco.com/small-kitchen-appliances.html,2025-01-03 20:07:23,small-appliances,
L'OR BARISTA Coffee & Espresso Machine,149.99,costco.com,https://www.costco.com/small-kitchen-appliances.html,2025-01-03 20:07:23,small-appliances,
Philips 800 Series Automatic Espresso Machine,399.99,costco.com,https://www.costco.com/small-kitchen-appliances.html,2025-01-03 20:07:23,small-appliances,
CHEF iQ Smart Multi-Setting 6-Quart Pressure Cooker,139.99,costco.com,https://www.costco.com/small-kitchen-appliances.html,2025-01-03 20:07:23,small-appliances,
CUCKOO 6-Cup Twin Pressure Rice Cooker,229.99,costco.com,https://www.costco.com/small-kitchen-appliances.html,2025-01-03 20:07:23,small-appliances,
Capresso Metal Die-Cast Housing Conical Burr Coffee Grinder,99.99,costco.com,https://www.costco.com/small-kitchen-appliances.html,2025-01-03 20:07:23,small-appliances,
Ninja 14-in-1 Double Oven with FlexDoor,279.99,costco.com,https://www.costco.com/small-kitchen-appliances.html,2025-01-03 20:07:23,small-appliances,
Vitamix Venturist Pro Blender with SELF-DETECT Technology,399.99,costco.com,https://www.costco.com/small-kitchen-appliances.html,2025-01-03 20:07:23,small-appliances,
Sodastream Terra CQC Bundle,64.99,costco.com,https://www.costco.com/small-kitchen-appliances.html,2025-01-03 20:07:23,small-appliances,
KitchenAid 6 Quart Bowl-Lift Stand Mixer with Attachments and Pouring Shield,399.99,costco.com,https://www.costco.com/small-kitchen-appliances.html,2025-01-03 20:07:23,small-appliances,
Tiger 5.5-Cup Micom Rice Cooker and Warmer,99.99,costco.com,https://www.costco.com/small-kitchen-appliances.html,2025-01-03 20:07:23,small-appliances,
Cuisinart Digital Air Fryer Toaster Oven,199.99,costco.com,https://www.costco.com/small-kitchen-appliances.html,2025-01-03 20:07:23,small-appliances,
Sur La Table Digital Kettle with Infuser,34.99,costco.com,https://www.costco.com/small-kitchen-appliances.html,2025-01-03 20:07:23,small-appliances,
Cuisinart Brew Central 14-cup Programmable Coffee Maker,54.99,costco.com,https://www.costco.com/small-kitchen-appliances.html,2025-01-03 20:07:23,small-appliances,
Ninja NeverClog Cold Press Juicer w/ 32oz Juice Jug & 40oz Pulp Container,79.99,costco.com,https://www.costco.com/small-kitchen-appliances.html,2025-01-03 20:07:23,small-appliances,
"Ninja Deluxe Kitchen System with 88-oz. Pitcher, 9-Cup Processor, & Auto-iQ",169.99,costco.com,https://www.costco.com/small-kitchen-appliances.html,2025-01-03 20:07:23,small-appliances,
"ECWS3011AS Electrolux 30"" Electric Single Wall Oven with Air Sous Vide - Stainless Steel",1099.0,us-appliance.com,https://www.us-appliance.com/ovens.html,2025-01-03 20:07:23,ovens,CLOSEOUT LIMITED QUANTITIES
"JRP28BJBB GE 24"" Double Wall Oven ",2092.8,us-appliance.com,https://www.us-appliance.com/ovens.html,2025-01-03 20:07:23,ovens,
"KOEC530PSS KitchenAid 30"" Combination Microwave Wall Oven with Air Fry Mode - Stainless Steel",2998.0,us-appliance.com,https://www.us-appliance.com/ovens.html,2025-01-03 20:07:23,ovens,Sale ends Feb 8
"JRP28SKSS GE 24"" Double Wall Oven - Stainless Steel",2292.6,us-appliance.com,https://www.us-appliance.com/ovens.html,2025-01-03 20:07:23,ovens,
"GCWM3067AF Frigidaire Gallery 30"" Microwave Combination Wall Oven - SmudgeProof Stainless Steel",2593.0,us-appliance.com,https://www.us-appliance.com/ovens.html,2025-01-03 20:07:23,ovens,Lower Price In Cart ends Feb 8
"GCWD2767AF Frigidaire Gallery 27"" Electric Double Wall Oven with Total Convection - SmudgeProof Stainless Steel",2493.0,us-appliance.com,https://www.us-appliance.com/ovens.html,2025-01-03 20:07:23,ovens,Lower Price In Cart ends Feb 8
"KOEC530PPS KitchenAid 30"" Combination Microwave Wall Oven with Air Fry Mode - PrintShield Stainless Steel",3198.0,us-appliance.com,https://www.us-appliance.com/ovens.html,2025-01-03 20:07:23,ovens,Sale ends Feb 8
"KOSE500ESS KitchenAid 30"" Single Wall Oven with Even-Heat True Convection - Stainless Steel",2788.0,us-appliance.com,https://www.us-appliance.com/ovens.html,2025-01-03 20:07:23,ovens,
"PK7800SKSS GE Profile 27"" Combination Double Wall Oven/Microwave with True European Convection - Stainless Steel",3994.0,us-appliance.com,https://www.us-appliance.com/ovens.html,2025-01-03 20:07:23,ovens,
"JT3800SHSS GE 30"" Combination Microwave/Thermal Wall Oven with Upper Sensor Controls - Stainless Steel",2194.0,us-appliance.com,https://www.us-appliance.com/ovens.html,2025-01-03 20:07:23,ovens,Sale ends Jan 8
"FCWM2727AS Frigidaire 27"" Combination Wall Oven with Fan Convection - Stainless Steel",2593.0,us-appliance.com,https://www.us-appliance.com/ovens.html,2025-01-03 20:07:23,ovens,Lower Price In Cart ends Feb 8
"GCWS3067AF Frigidaire Gallery 30"" Single Electric Wall Oven with Total Convection - Smudge Proof Stainless Steel",1593.0,us-appliance.com,https://www.us-appliance.com/ovens.html,2025-01-03 20:07:23,ovens,Lower Price In Cart ends Feb 8
"WCEP6423D LG 30"" 6.4 cu. ft. Combination Wall Oven with Air Fry - PrintProof Stainless Steel",2395.0,us-appliance.com,https://www.us-appliance.com/ovens.html,2025-01-03 20:07:23,ovens,Sale ends Feb 5
"GCWM2767AD Frigidaire Gallery 27"" Microwave Combination Wall Oven - SmudgeProof Stainless Steel",3093.0,us-appliance.com,https://www.us-appliance.com/ovens.html,2025-01-03 20:07:23,ovens,Lower Price In Cart ends Feb 8
"FCWD2727AS Frigidaire 27"" Electric Double Convection Wall Oven - Stainless Steel",1993.0,us-appliance.com,https://www.us-appliance.com/ovens.html,2025-01-03 20:07:23,ovens,Lower Price In Cart ends Feb 8
"PT9800SHSS GE Profile Series 30"" Combination Double Wall Oven with Convection and Advantium Technology - Stainless Steel",4394.0,us-appliance.com,https://www.us-appliance.com/ovens.html,2025-01-03 20:07:23,ovens,
"GCWM2767AF Frigidaire Gallery 27"" Microwave Combination Wall Oven - SmudgeProof Stainless Steel",2893.0,us-appliance.com,https://www.us-appliance.com/ovens.html,2025-01-03 20:07:23,ovens,Lower Price In Cart ends Feb 8
"WCEP6427F LG 30"" Combination Wall Oven with Steam Sous Vide and Air Fry - PrintProof Stainless Steel",2795.0,us-appliance.com,https://www.us-appliance.com/ovens.html,2025-01-03 20:07:23,ovens,Sale ends Feb 5
"KOES530PSS KitchenAid 30"" Single Wall Oven with Air Fry Mode - Stainless Steel",2298.0,us-appliance.com,https://www.us-appliance.com/ovens.html,2025-01-03 20:07:23,ovens,Sale ends Feb 8
"PT7800SHSS GE Profile Series 30"" Combination Convection Microwave/Convection Wall Oven - Stainless Steel",4094.0,us-appliance.com,https://www.us-appliance.com/ovens.html,2025-01-03 20:07:23,ovens,
"CTD90FP2NS1 Cafe 30"" Double French Door Wall Oven - Stainless Steel with Brushed Stainless Steel Handles and Knobs",6494.0,us-appliance.com,https://www.us-appliance.com/ovens.html,2025-01-03 20:07:23,ovens,
"KOES530PPS KitchenAid 30"" Single Wall Oven with Air Fry Mode - PrintShield Stainless Steel",2398.0,us-appliance.com,https://www.us-appliance.com/ovens.html,2025-01-03 20:07:23,ovens,Sale ends Feb 8
"PCWD3080AF Frigidaire Professional 30"" Double Wall Oven with Total Convection - Smudge Proof Stainless Steel",2893.0,us-appliance.com,https://www.us-appliance.com/ovens.html,2025-01-03 20:07:23,ovens,Lower Price In Cart ends Feb 8
"VDOF7301SS Viking 30"" Electric Double French Door Oven with Exclusive Chrome Knobs 7 Series - Stainless Steel",11399.0,us-appliance.com,https://www.us-appliance.com/ovens.html,2025-01-03 20:07:23,ovens,
"FRSS2623AS Frigidaire 36"" 25.6 cu. ft. Side by Side Refrigerator with External Water Dispenser - Stainless Steel",1043.0,us-appliance.com,https://www.us-appliance.com/refrigeration.html,2025-01-03 20:07:23,refrigerators,Lower Price In Cart ends Feb 8
"FPRU19F8WF Frigidaire Professional 33"" Built In Upright Counter Depth All Refrigerator - Smudge Proof Stainless Steel",2993.0,us-appliance.com,https://www.us-appliance.com/refrigeration.html,2025-01-03 20:07:23,refrigerators,Lower Price In Cart ends Feb 8
"GSS25GYPFS GE 36"" 25.3 cu. ft. Side by Side Refrigerator with Ice Maker and External Dispenser - Fingerprint Resistant Stainless Steel",1614.0,us-appliance.com,https://www.us-appliance.com/refrigeration.html,2025-01-03 20:07:23,refrigerators,On Sale Today
"FPFU19F8WF Frigidaire Professional 33"" Built In Upright Counter Depth All Freezer - Smudge Proof Stainless Steel",2993.0,us-appliance.com,https://www.us-appliance.com/refrigeration.html,2025-01-03 20:07:23,refrigerators,Lower Price In Cart ends Feb 8
"KRFC302EPA KitchenAid 36"" 22 cu. ft. Counter Depth French Door Refrigerator with Interior Dispenser - Custom Panel",3508.0,us-appliance.com,https://www.us-appliance.com/refrigeration.html,2025-01-03 20:07:23,refrigerators,
"FRFG1723AV Frigidaire 32"" 17.6 cu. ft. Counter Depth French Door Refrigerator with EvenTemp Cooling - Stainless Steel",1193.0,us-appliance.com,https://www.us-appliance.com/refrigeration.html,2025-01-03 20:07:23,refrigerators,Lower Price In Cart ends Feb 8
"GSS25GMPES GE 36"" 25.3 cu. ft. Side by Side Refrigerator with External Water Dispenser - Fingerprint Resistant Slate",1614.0,us-appliance.com,https://www.us-appliance.com/refrigeration.html,2025-01-03 20:07:23,refrigerators,On Sale Today
"WRS321SDHZ Whirlpool 33"" 21.4 cu. ft. ADA Side By Side Refrigerator with Built-In Ice Maker - Stainless Steel",1298.0,us-appliance.com,https://www.us-appliance.com/refrigeration.html,2025-01-03 20:07:23,refrigerators,Sale ends Feb 8
"LRMVC2306S LG 36"" 4 Door French Door Counter Depth Refrigerator with Craft Ice Maker and Instaview Door-in-door - PrintProof Stainless Steel",3195.0,us-appliance.com,https://www.us-appliance.com/refrigeration.html,2025-01-03 20:07:23,refrigerators,Sale ends Feb 5
"FRSS2323AS Frigidaire 33"" 22.3 cu. ft. Side By Side Refrigerator with External Water Dispensers - Stainless Steel",1143.0,us-appliance.com,https://www.us-appliance.com/refrigeration.html,2025-01-03 20:07:23,refrigerators,Lower Price In Cart ends Feb 8
"FRFS2823AS Frigidaire 36"" 27.8 cu. ft. French Door Refrigerator with EvenTemp Cooling - Stainless Steel",1693.0,us-appliance.com,https://www.us-appliance.com/refrigeration.html,2025-01-03 20:07:23,refrigerators,Lower Price In Cart ends Feb 8
"FRBG1224AV Frigidaire 24"" 11.5 cu. ft. Freestanding Bottom Mount Freezer Refrigerator - Stainless Steel",1093.0,us-appliance.com,https://www.us-appliance.com/refrigeration.html,2025-01-03 20:07:23,refrigerators,Lower Price In Cart ends Feb 8
"FGBC5334VS Frigidaire Gallery 24"" 5.3 cu. ft. Built-In Beverage Center - Stainless Steel",669.0,us-appliance.com,https://www.us-appliance.com/refrigeration.html,2025-01-03 20:07:23,refrigerators,On Sale Today
"KUID508HPS KitchenAid 18"" Icemaker with Clear Ice Technology and Factory Installed Drain Pump - PrintShield Stainless Steel",2738.0,us-appliance.com,https://www.us-appliance.com/refrigeration.html,2025-01-03 20:07:23,refrigerators,On Sale Today
"WSR57R18DM Whirlpool 30"" 18 cu. ft. SideKicks All-Refrigerator - Monochromatic Stainless Steel",2648.0,us-appliance.com,https://www.us-appliance.com/refrigeration.html,2025-01-03 20:07:23,refrigerators,
"KUID308HPS KitchenAid 18"" Icemaker with Clear Ice Technology and 35 lbs Ice Capacity - PrintShield Stainless Steel",2468.0,us-appliance.com,https://www.us-appliance.com/refrigeration.html,2025-01-03 20:07:23,refrigerators,On Sale Today
"UNC15NPWII GE 15"" Smart Undercounter Nugget Ice Maker with 50 lbs Ice Production and 26 lbs Ice Capacity - Custom Panel",3499.0,us-appliance.com,https://www.us-appliance.com/refrigeration.html,2025-01-03 20:07:23,refrigerators,
"KUIX535HPS KitchenAid 15"" Ice Maker with Pump - Reversible Door - PrintShield Stainless Steel",2738.0,us-appliance.com,https://www.us-appliance.com/refrigeration.html,2025-01-03 20:07:23,refrigerators,On Sale Today
"UHCP115-SS81A U-Line 15"" Class 1 Clear Ice Maker with Pump and BrightShield - Reversible Hinge - Stainless Steel",2499.0,us-appliance.com,https://www.us-appliance.com/refrigeration.html,2025-01-03 20:07:23,refrigerators,SAVE 5% - enter code CHILL5 at checkout
"RVFFR336SS Viking 36"" 19.86 cu. ft. Counter Depth French Door Refrigerator with Internal Water Dispenser - Stainless Steel",4149.0,us-appliance.com,https://www.us-appliance.com/refrigeration.html,2025-01-03 20:07:23,refrigerators,
"WUI95X15HZ Whirlpool 15"" Ice Maker with Pump and Clear Ice Technology - Reversible Hinge - Fingerprint Resistant Stainless Steel",2248.0,us-appliance.com,https://www.us-appliance.com/refrigeration.html,2025-01-03 20:07:23,refrigerators,
"KUIX335HPS KitchenAid 15"" Icemaker with Gravity Drain - Reversible Door - PrintShield Stainless Steel",2378.0,us-appliance.com,https://www.us-appliance.com/refrigeration.html,2025-01-03 20:07:23,refrigerators,On Sale Today
"GNE25JYKFS GE 33"" French Door 24.8 cu. ft. Refrigerator with Internal Water Dispenser - Fingerprint Resistant Stainless Steel",1884.0,us-appliance.com,https://www.us-appliance.com/refrigeration.html,2025-01-03 20:07:23,refrigerators,On Sale Today
"FRSS2623AB Frigidaire 36"" 25.6 cu. ft. Side by Side Refrigerator with External Water Dispenser ",1254.0,us-appliance.com,https://www.us-appliance.com/refrigeration.html,2025-01-03 20:07:23,refrigerators,Lower Sale Price In Cart
"FCRE3052BS Frigidaire 30"" Electric Range with Quick Boil and 5 Cooking Elements - Stainless Steel",623.0,us-appliance.com,https://www.us-appliance.com/ranges.html,2025-01-03 20:07:23,ranges,Sale ends Feb 8
"VGIC53626BSS Viking 36"" Gas Range with VariSimmer Setting and 6 Open Burners 5 Series - Natural Gas - Stainless Steel",6099.0,us-appliance.com,https://www.us-appliance.com/ranges.html,2025-01-03 20:07:23,ranges,FREE APPLIANCE With Purchase
"FCRG3052BS Frigidaire 30"" Freestanding Gas Range with Quick Boil and 5 Sealed Gas Burners - Stainless Steel",623.0,us-appliance.com,https://www.us-appliance.com/ranges.html,2025-01-03 20:07:23,ranges,Sale ends Feb 8
"JGBS66REKSS GE 30"" Free-Standing Gas Range with Edge to Edge Cooktop - Stainless Steel",644.0,us-appliance.com,https://www.us-appliance.com/ranges.html,2025-01-03 20:07:23,ranges,Sale ends Jan 8
"KSDG950ESS KitchenAid 30"" Dual Fuel Downdraft Slide-In Range - Stainless Steel",3598.0,us-appliance.com,https://www.us-appliance.com/ranges.html,2025-01-03 20:07:23,ranges,On Sale Today
"JBS86SPSS GE 30"" Freestanding Electric Convection Range with Double Oven and No Preheat Air Fry - Stainless Steel",1389.0,us-appliance.com,https://www.us-appliance.com/ranges.html,2025-01-03 20:07:23,ranges,
"GCFI3060BF Frigidaire Gallery 30"" Slide-In Induction Range with Total Convection and 5 Elements - Smudge Proof Stainless Steel",1293.0,us-appliance.com,https://www.us-appliance.com/ranges.html,2025-01-03 20:07:23,ranges,Lower Price In Cart ends Feb 8
"WFE535S0LS Whirlpool 30"" Electric Range with 5 Elements and 5 in 1 Air Fry - Stainless Steel",1078.0,us-appliance.com,https://www.us-appliance.com/ranges.html,2025-01-03 20:07:23,ranges,On Sale Today
"VGIC54828BSS Viking 48"" Gas Range with 8 Open Burners 5 Series - Stainless Steel",9499.0,us-appliance.com,https://www.us-appliance.com/ranges.html,2025-01-03 20:07:23,ranges,
"GRF500PVSS GE 30"" Free Standing Electric Range 5 Burners - Stainless Steel",674.0,us-appliance.com,https://www.us-appliance.com/ranges.html,2025-01-03 20:07:23,ranges,Sale ends Jan 8
"KSEG950ESS KitchenAid 30"" 4-Element Electric Downdraft Slide-In Range - Stainless Steel",3328.0,us-appliance.com,https://www.us-appliance.com/ranges.html,2025-01-03 20:07:23,ranges,
"GRF400SVSS GE 30"" Free Standing Electric Range - Stainless Steel",594.0,us-appliance.com,https://www.us-appliance.com/ranges.html,2025-01-03 20:07:23,ranges,Sale ends Jan 8
"JES1750ML JennAir Rise 30"" Electric Downdraft Slide-In Range - Stainless Steel",3799.0,us-appliance.com,https://www.us-appliance.com/ranges.html,2025-01-03 20:07:23,ranges,
"VGR5486GSS Viking 48"" Freestanding Gas Range with 6 Burners and Griddle 5 Series - Natural Gas - Stainless Steel",12499.0,us-appliance.com,https://www.us-appliance.com/ranges.html,2025-01-03 20:07:23,ranges,FREE APPLIANCE With Purchase
"GCFG3060BF Frigidaire Gallery 30"" Slide-In Gas Range with 5 Burners - Smudge Proof Stainless Steel",1093.0,us-appliance.com,https://www.us-appliance.com/ranges.html,2025-01-03 20:07:23,ranges,Lower Price In Cart ends Feb 8
"HER486BTFGMAVT Bertazonni 48"" Gas Range with 6 Brass Burners and Griddle - Heritage Series - Avorio Ivory",14999.0,us-appliance.com,https://www.us-appliance.com/ranges.html,2025-01-03 20:07:23,ranges,
"KFGD500ESS KitchenAid 30"" Gas Range with Double Oven - Stainless Steel",1798.0,us-appliance.com,https://www.us-appliance.com/ranges.html,2025-01-03 20:07:23,ranges,Sale ends Feb 8
"CES700P4MW2 Cafe 30"" Slide-In Electric Range with Front Controls with True European Convection with Brushed Bronze Handles and Knobs",2604.0,us-appliance.com,https://www.us-appliance.com/ranges.html,2025-01-03 20:07:23,ranges,
"LSIL6336FE LG 30"" Induction Slide-In Range with ProBake Convection and Air Fry - PrintProof Stainless Steel",2095.0,us-appliance.com,https://www.us-appliance.com/ranges.html,2025-01-03 20:07:23,ranges,Sale ends Feb 5
"GRS500PVSS GE 30"" Slide-In Electric Range 5 Burners - Stainless Steel",794.0,us-appliance.com,https://www.us-appliance.com/ranges.html,2025-01-03 20:07:23,ranges,Sale ends Jan 8
"GRF500PVES GE 30"" Free Standing Electric Range 5 Burners - Slate",744.0,us-appliance.com,https://www.us-appliance.com/ranges.html,2025-01-03 20:07:23,ranges,Sale ends Jan 8
"GCRE3060BF Frigidaire 30"" Electric Range with AirFry and 5 Cooking Elements - SmudgeProof Stainless Steel",993.0,us-appliance.com,https://www.us-appliance.com/ranges.html,2025-01-03 20:07:23,ranges,Lower Price In Cart ends Feb 8
"PHS930YPFS GE Profile 30"" Slide-In Front-Control Induction and Convection Range with No Preheat Air Fry - Fingerprint Resistant Stainless Steel",3009.0,us-appliance.com,https://www.us-appliance.com/ranges.html,2025-01-03 20:07:23,ranges,
"FCFE3062AW Frigidaire 30"" Front Control Electric Range with 5 Elements",773.0,us-appliance.com,https://www.us-appliance.com/ranges.html,2025-01-03 20:07:23,ranges,Lower Price In Cart ends Feb 8
Package WHI49WE - Whirlpool Appliance Laundry Package - Top Load Washer with Electric Dryer,994.0,us-appliance.com,https://www.us-appliance.com/appliance-packages.html,2025-01-03 20:07:23,appliance-packages,Sale ends Jan 8
Package 13 - Frigidaire Appliance Package - 4 Piece Appliance Package with Electric Range - Stainless Steel,2295.0,us-appliance.com,https://www.us-appliance.com/appliance-packages.html,2025-01-03 20:07:23,appliance-packages,Sale ends Jan 8
Package 15 - Frigidaire Appliance Package - 4 Piece Appliance Package with Top Mount Refrigerator and Electric Range - Stainless Steel,2066.0,us-appliance.com,https://www.us-appliance.com/appliance-packages.html,2025-01-03 20:07:23,appliance-packages,Sale ends Jan 8
Package 36 - GE Appliance - 4 Piece Appliance Package with Electric Range - Slate,3071.0,us-appliance.com,https://www.us-appliance.com/appliance-packages.html,2025-01-03 20:07:23,appliance-packages,Sale ends Jan 8
Package 10 - GE Appliance Package - 4 Piece Appliance Package with Electric Range - Stainless Steel,2642.0,us-appliance.com,https://www.us-appliance.com/appliance-packages.html,2025-01-03 20:07:23,appliance-packages,Sale ends Jan 8
Package 9 - GE Appliance Package - 4 Piece Appliance Package with Gas Range - Stainless Steel,2893.0,us-appliance.com,https://www.us-appliance.com/appliance-packages.html,2025-01-03 20:07:23,appliance-packages,Sale ends Jan 8
Package V8 - Viking Appliance Package - 4 Piece Luxury Appliance Package with Gas Range + Free Dishwasher - Stainless Steel,10247.0,us-appliance.com,https://www.us-appliance.com/appliance-packages.html,2025-01-03 20:07:23,appliance-packages,Red Hot Deal Includes Free Dishwasher
Package WHI50WE - Whirlpool Appliance Laundry Package - Top Load Washer with Electric Dryer,1296.0,us-appliance.com,https://www.us-appliance.com/appliance-packages.html,2025-01-03 20:07:23,appliance-packages,Sale ends Jan 8
Package 37 - GE Appliance - 4 Piece Appliance Package with Gas Range - Slate,3221.0,us-appliance.com,https://www.us-appliance.com/appliance-packages.html,2025-01-03 20:07:23,appliance-packages,Sale ends Jan 8
Package CAFEMW1 - Cafe Appliance Package - 4 Piece Appliance Package with Gas Range with Brushed Bronze Hardware,8610.0,us-appliance.com,https://www.us-appliance.com/appliance-packages.html,2025-01-03 20:07:23,appliance-packages,Sale ends Jan 8
Package 11 - Frigidaire Appliance Package - 4 Piece Appliance Package with Electric Range - Stainless Steel,2891.0,us-appliance.com,https://www.us-appliance.com/appliance-packages.html,2025-01-03 20:07:23,appliance-packages,Sale ends Jan 8
Package 14 - Frigidaire Appliance Package - 4 Piece Appliance Package with Gas Range - Stainless Steel,2305.0,us-appliance.com,https://www.us-appliance.com/appliance-packages.html,2025-01-03 20:07:23,appliance-packages,Sale ends Jan 8
Package WHI49WG - Whirlpool Appliance Laundry Package - Top Load Washer with Gas Dryer,1087.0,us-appliance.com,https://www.us-appliance.com/appliance-packages.html,2025-01-03 20:07:23,appliance-packages,Sale ends Jan 8
Package 6 - GE Appliance Package - 4 Piece Appliance Package with Electric Slide-In Range - Stainless Steel,2842.0,us-appliance.com,https://www.us-appliance.com/appliance-packages.html,2025-01-03 20:07:23,appliance-packages,Sale ends Jan 8
Package CAFEMW2 - Cafe Appliance Package - 4 Piece Appliance Package with Electric Range with Brushed Bronze Hardware,8013.0,us-appliance.com,https://www.us-appliance.com/appliance-packages.html,2025-01-03 20:07:23,appliance-packages,Sale ends Jan 8
Package 12 - Frigidaire Appliance Package - 4 Piece Appliance Package with Gas Range - Stainless Steel,2891.0,us-appliance.com,https://www.us-appliance.com/appliance-packages.html,2025-01-03 20:07:23,appliance-packages,Sale ends Jan 8
Package ELE76ATE - Electrolux Appliance Laundry Package - Front Load Washer with Electric Dryer - Titanium,1671.0,us-appliance.com,https://www.us-appliance.com/appliance-packages.html,2025-01-03 20:07:23,appliance-packages,Sale ends Jan 8
Package 5 - GE Appliance Package - 4 Piece Appliance Package with Gas Slide-In Range - Stainless Steel,2942.0,us-appliance.com,https://www.us-appliance.com/appliance-packages.html,2025-01-03 20:07:23,appliance-packages,Sale ends Jan 8
Package ELE76ATG - Electrolux Appliance Laundry Package - Front Load Washer with Gas Dryer - Titanium,1777.0,us-appliance.com,https://www.us-appliance.com/appliance-packages.html,2025-01-03 20:07:23,appliance-packages,Sale ends Jan 8
Package WHI50WG - Whirlpool Appliance Laundry Package - Top Load Washer with Gas Dryer,1386.0,us-appliance.com,https://www.us-appliance.com/appliance-packages.html,2025-01-03 20:07:23,appliance-packages,Sale ends Jan 8
Package 16 - Frigidaire Appliance Package - 4 Piece Appliance Package with Top Mount Refrigerator and Gas Range - Stainless Steel,2066.0,us-appliance.com,https://www.us-appliance.com/appliance-packages.html,2025-01-03 20:07:23,appliance-packages,Sale ends Jan 8
Package K1 - KitchenAid Appliance Package - 4 Piece Appliance Package with Electric Range - Stainless Steel,4284.0,us-appliance.com,https://www.us-appliance.com/appliance-packages.html,2025-01-03 20:07:23,appliance-packages,Sale ends Jan 8
Package V7 - Viking Appliance Package - 4 Piece Luxury Appliance Package with Gas Range + Free Dishwasher - Stainless Steel,11927.0,us-appliance.com,https://www.us-appliance.com/appliance-packages.html,2025-01-03 20:07:23,appliance-packages,Holiday Savings Price
Package 25 - GE Appliance Package - 4 Piece Appliance Package with Electric Range ,3013.0,us-appliance.com,https://www.us-appliance.com/appliance-packages.html,2025-01-03 20:07:23,appliance-packages,Sale ends Jan 8
"VDWU524SS Viking 24"" Top Control Dishwasher with Multi Level Power Wash - 42 dBA - Stainless Steel",2099.0,us-appliance.com,https://www.us-appliance.com/dishwasher.html,2025-01-03 20:07:23,dishwasher,On Sale Today
"KDTM604KPS KitchenAid 24"" Top Control Dishwasher with FreeFlex Third Rack - 44 dBA - PrintShield Stainless Steel",1298.0,us-appliance.com,https://www.us-appliance.com/dishwasher.html,2025-01-03 20:07:23,dishwasher,
"KDTE204KPS KitchenAid 24"" Top Control Dishwasher with ProWash and 3rd Utensil Rack - 39 dBA - PrintShield Stainless Steel",798.0,us-appliance.com,https://www.us-appliance.com/dishwasher.html,2025-01-03 20:07:23,dishwasher,Sale ends Feb 8
"FFCD2413US Frigidaire 24"" Dishwasher with Heated Drying System and Filtration System - 60 dBA - Stainless Steel",421.0,us-appliance.com,https://www.us-appliance.com/dishwasher.html,2025-01-03 20:07:23,dishwasher,Sale ends Feb 8
"GDF550PSRSS GE 24"" Front Control Dishwasher with DryBoost and 4 Wash Cycles - 52 dBa - Stainless Steel",490.0,us-appliance.com,https://www.us-appliance.com/dishwasher.html,2025-01-03 20:07:23,dishwasher,Sale ends Jan 8
"KDTM405PPS KitchenAid 24"" Dishwasher with 5 Wash Cycles - 44 dBA - PrintShield Stainless Steel",1248.0,us-appliance.com,https://www.us-appliance.com/dishwasher.html,2025-01-03 20:07:23,dishwasher,
"DBI564IS Asko 24"" Dishwasher 40 Series with Pocket Handle and 9 Spray Wash System 40 Series - 42 dBa - Stainless Steel",999.0,us-appliance.com,https://www.us-appliance.com/dishwasher.html,2025-01-03 20:07:23,dishwasher,Price: $849 After Rebate
"MDB4949SKZ Maytag 24"" Front Control Dishwasher - 50 dBA - Fingerprint Resistant Stainless Steel",625.0,us-appliance.com,https://www.us-appliance.com/dishwasher.html,2025-01-03 20:07:23,dishwasher,Sale ends Feb 8
"GDT670SYVFS GE 24"" Top Control Dishwasher with DryBoost and 3rd Rack - 45 dBA - Stainless Steel",894.0,us-appliance.com,https://www.us-appliance.com/dishwasher.html,2025-01-03 20:07:23,dishwasher,On Sale Today
"WDT750SAKZ Whirlpool 24"" Top Control Dishwasher with QuickWash - 47 dBA - Fingerprint Resistant Stainless Steel",648.0,us-appliance.com,https://www.us-appliance.com/dishwasher.html,2025-01-03 20:07:23,dishwasher,Sale ends Feb 8
"GDT630PYRFS GE 24"" Top Control Dishwasher with 3 Racks and 5 Wash Cycles - 50 dBA - Fingerprint Resistant Stainless Steel",530.0,us-appliance.com,https://www.us-appliance.com/dishwasher.html,2025-01-03 20:07:23,dishwasher,Sale ends Jan 8
"CDD420P2TS1 Cafe 24"" Top Control Double Drawer Dishwasher with Knock to Pause - 49 dBA - Stainless Steel with Brushed Stainless Steel Handles",994.0,us-appliance.com,https://www.us-appliance.com/dishwasher.html,2025-01-03 20:07:23,dishwasher,Sale ends Jan 8
"SHP78CM5N Bosch 24"" Top Control Dishwasher with Pocket Handle and Flexible 3rd Rack 800 Series - 42 dBA - Stainless Steel",1299.0,us-appliance.com,https://www.us-appliance.com/dishwasher.html,2025-01-03 20:07:23,dishwasher,On Sale Today
"KDTM404KPS KitchenAid 24"" Top Control Dishwasher with FreeFlex Third Rack - 44 dBA - PrintShield Stainless Steel",998.0,us-appliance.com,https://www.us-appliance.com/dishwasher.html,2025-01-03 20:07:23,dishwasher,Sale ends Feb 8
"WDP540HAMZ Whirlpool 24"" Dishwasher with 4 Wash Cycles and QuickWash - 55 dBA - Fingerprint Resistant Stainless Steel",480.0,us-appliance.com,https://www.us-appliance.com/dishwasher.html,2025-01-03 20:07:23,dishwasher,Sale ends Feb 8
"GDP670SYVFS GE 24"" Top Control Dishwasher with 3rd Rack and DryBoost - 45 dBA - Stainless Steel",894.0,us-appliance.com,https://www.us-appliance.com/dishwasher.html,2025-01-03 20:07:23,dishwasher,On Sale Today
"KDFE204KPS KitchenAid 24"" Front Control Dishwasher with Third Level Utensil Rack - 39 dBA - Stainless Steel",798.0,us-appliance.com,https://www.us-appliance.com/dishwasher.html,2025-01-03 20:07:23,dishwasher,Sale ends Feb 8
"GDT630PMRES GE 24"" Fully Integrated Top Control Dishwasher with 3 Racks and 5 Wash Cycles - 50 dBA - Slate",741.0,us-appliance.com,https://www.us-appliance.com/dishwasher.html,2025-01-03 20:07:23,dishwasher,On Sale Today
DD24SAX9N Fisher & Paykel Single Drawer Dishwasher with Quick Wash and Cutlery Basket - 45 dBA - Stainless Steel,899.0,us-appliance.com,https://www.us-appliance.com/dishwasher.html,2025-01-03 20:07:23,dishwasher,
"DD24DAX9N Fisher & Paykel 24"" Double Drawer Dishwasher with 2 Cutlery Basket - 45 dBA - Stainless Steel",1649.0,us-appliance.com,https://www.us-appliance.com/dishwasher.html,2025-01-03 20:07:23,dishwasher,
MDB8959SKZ Maytag Top Control Dishwasher with Third Level Rack and Dual Filtration - 47 dBA - Fingerprint Resistant Stainless Steel,898.0,us-appliance.com,https://www.us-appliance.com/dishwasher.html,2025-01-03 20:07:23,dishwasher,
"WDT970SAKZ Whirlpool 24"" Top Control Dishwasher with QuickWash and 3rd Rack - 47 dBA - Fingerprint Resistant Stainless Steel",968.0,us-appliance.com,https://www.us-appliance.com/dishwasher.html,2025-01-03 20:07:23,dishwasher,
"GDSH4715AF Frigidaire 24"" Dishwasher with 7 Wash Cycles and CleanBoost - 47 dBA - Stainless Steel",693.0,us-appliance.com,https://www.us-appliance.com/dishwasher.html,2025-01-03 20:07:23,dishwasher,Sale ends Feb 8
"SHV78CM3N Bosch 24"" Top Control Dishwasher 800 Series - 42 dBa - Custom Panel",1349.0,us-appliance.com,https://www.us-appliance.com/dishwasher.html,2025-01-03 20:07:23,dishwasher,On Sale Today
"TC5003WN Speed Queen 26"" Classic Top Load Washer 3.2 cu. ft. with Balance Technology and Durable Stainless Steel Tub",1329.0,us-appliance.com,https://www.us-appliance.com/laundry.html,2025-01-03 20:07:23,laundry,On Sale Today
"TR5003WN Speed Queen 26"" Top Load Washer 3.2 cu. ft. with 6 Preset Cycles and PerfectWash",1229.0,us-appliance.com,https://www.us-appliance.com/laundry.html,2025-01-03 20:07:23,laundry,On Sale Today
"TR7003WN Speed Queen 26"" Top Load Washer 3.2 cu. ft. with 16 Wash Cycles and Ultra Quiet Technology",1429.0,us-appliance.com,https://www.us-appliance.com/laundry.html,2025-01-03 20:07:23,laundry,On Sale Today
"CAE2745FQ Whirlpool 27"" Commercial Top Load Washer 3.3 cu. ft. with Coin Box",1124.0,us-appliance.com,https://www.us-appliance.com/laundry.html,2025-01-03 20:07:23,laundry,
"TR3003WN Speed Queen 26"" Top Load Washer 3.2 cu. ft. with 4 Preset Cycles and Perm Press",1129.0,us-appliance.com,https://www.us-appliance.com/laundry.html,2025-01-03 20:07:23,laundry,On Sale Today
GTW485ASWWB GE Top Load Washer 4.5 cu. ft. with True Dual Action Agitator,714.0,us-appliance.com,https://www.us-appliance.com/laundry.html,2025-01-03 20:07:23,laundry,On Sale Today
"WTW4957PW Whirlpool 28"" Top Load Washer 3.9 cu. ft. with Removable Agitator and 12 Wash Cycles",528.0,us-appliance.com,https://www.us-appliance.com/laundry.html,2025-01-03 20:07:23,laundry,Sale ends Feb 8
"WED4950HW Whirlpool 29"" 7.0 cu. ft Electric Dryer with AutoDry Drying System and Wrinkle Shield Option",528.0,us-appliance.com,https://www.us-appliance.com/laundry.html,2025-01-03 20:07:23,laundry,Sale ends Feb 8
"TV2000WN Speed Queen 26"" Light Commercial Non Vented Top Load Washer 3.1 cu. ft. with Homestyle Controls and Four-Vane Agitator",1379.0,us-appliance.com,https://www.us-appliance.com/laundry.html,2025-01-03 20:07:23,laundry,
"TV6000WN Speed Queen 26"" Light Commercial Coin Drop Top Load Washer 3.1 cu. ft. with Drain Pump and 27 Cycle Selections",1679.0,us-appliance.com,https://www.us-appliance.com/laundry.html,2025-01-03 20:07:23,laundry,
"GUD27ESSMWW GE 27"" Stacked Laundry Center with 3.8 cu. ft. Washer and 5.9 cu. ft. Electric Dryer",1294.0,us-appliance.com,https://www.us-appliance.com/laundry.html,2025-01-03 20:07:23,laundry,Sale ends Jan 8
"DC5003WE Speed Queen 27"" 7.0 cu. ft. Classic Electric Dryer with Moisture Sensor and Up Front Lint Filter - Reversible Door",1329.0,us-appliance.com,https://www.us-appliance.com/laundry.html,2025-01-03 20:07:23,laundry,On Sale Today
"WTW5057LW Whirlpool 28"" Top Load Washer 4.8 cu. ft. with Removable Agitator and EasyView",398.0,us-appliance.com,https://www.us-appliance.com/laundry.html,2025-01-03 20:07:23,laundry,Sale ends Feb 8
"TV4000WN Speed Queen 26""Light Commercial Top Load Washer 3.1 cu. ft. with Coin Slide and Four-Vane Agitator",1579.0,us-appliance.com,https://www.us-appliance.com/laundry.html,2025-01-03 20:07:23,laundry,
"NED4655EW Amana 29"" 6.5 cu. ft. Electric Dryer with Automatic Dryness Control and a Wrinkle Prevent Option",478.0,us-appliance.com,https://www.us-appliance.com/laundry.html,2025-01-03 20:07:23,laundry,Sale ends Feb 8
"WKEX200HWA LG 27"" Laundry WashTower with 4.5 cu. ft. Washer and 7.4 cu. ft. Electric Dryer",1795.0,us-appliance.com,https://www.us-appliance.com/laundry.html,2025-01-03 20:07:23,laundry,Sale ends Feb 5
"WET4024HW Whirlpool 24"" Stacked Laundry Center with 1.6 cu. ft. Washer and 3.4 cu. ft. Electric Dryer",1248.0,us-appliance.com,https://www.us-appliance.com/laundry.html,2025-01-03 20:07:23,laundry,Sale ends Feb 8
GTD48EASWWB GE 7.2 cu. ft.. Electric Dryer with Up To 120 ft. Venting and Sensor Dry,714.0,us-appliance.com,https://www.us-appliance.com/laundry.html,2025-01-03 20:07:23,laundry,On Sale Today
"FLCE7522AW Frigidaire 27"" Stacked Laundry Center with 3.9 cu. ft. Washer and 5.6 cu. ft. Electric Dryer",1193.0,us-appliance.com,https://www.us-appliance.com/laundry.html,2025-01-03 20:07:23,laundry,Lower Price In Cart ends Feb 8
"DR5004WE Speed Queen 27"" 7.0 cu. ft. Electric Dryer with and Reversible Door",1229.0,us-appliance.com,https://www.us-appliance.com/laundry.html,2025-01-03 20:07:23,laundry,On Sale Today
"PTW600BSRWS GE Profile 28"" Smart Top Load Washer 5.0 cu. ft. with Microban Antimicrobial Technology and 12 Wash Cycles",645.0,us-appliance.com,https://www.us-appliance.com/laundry.html,2025-01-03 20:07:23,laundry,Sale ends Jan 8
"PFQ97HSPVDS GE Profile 28"" 4.8 cu. ft. 2-In-1 Washer and Dryer with Ventless Heat Pump Technology - Carbon Graphite",2194.0,us-appliance.com,https://www.us-appliance.com/laundry.html,2025-01-03 20:07:23,laundry,Sale ends Jan 8
"TC5003BN Speed Queen 26"" Classic Top Load Washer 3.2 cu. ft. with Balance Technology and Durable Stainless Steel Tub - Matte",1429.0,us-appliance.com,https://www.us-appliance.com/laundry.html,2025-01-03 20:07:23,laundry,
"DR7004WE Speed Queen 27"" 7 cu. ft. Electric Dryer with PetPlus Cycles and Steam Sanitize",1429.0,us-appliance.com,https://www.us-appliance.com/laundry.html,2025-01-03 20:07:23,laundry,On Sale Today
24 in. Built-In Smart Convection Microwave Drawer Oven (SMD2499FS),2199.99,sharpusa.com,https://shop.sharpusa.com/products/microwave-ovens/,2025-01-04 20:08:14,microwave-ovens,
24 in. 1.2 cu. ft. 950W Sharp Stainless Steel Smart Easy Wave Open Microwave Drawer Oven (SMD2479JS),1499.99,sharpusa.com,https://shop.sharpusa.com/products/microwave-ovens/,2025-01-04 20:08:14,microwave-ovens,
24 in. 1.2 cu. ft. 950W Sharp Stainless Steel Smart Easy Wave Open Microwave Drawer Oven (SMD2489ES),1499.99,sharpusa.com,https://shop.sharpusa.com/products/microwave-ovens/,2025-01-04 20:08:14,microwave-ovens,
24 in. 1.2 cu. ft. 950W Sharp Stainless Steel Microwave Drawer Oven (SMD2470AH),1399.99,sharpusa.com,https://shop.sharpusa.com/products/microwave-ovens/,2025-01-04 20:08:14,microwave-ovens,
30 in. 1.2 cu. ft. 950W Sharp Stainless Steel Microwave Drawer Oven (SMD3070ASY),1399.99,sharpusa.com,https://shop.sharpusa.com/products/microwave-ovens/,2025-01-04 20:08:14,microwave-ovens,
24 in. 1.2 cu. ft. 950W Sharp Stainless Steel Microwave Drawer Oven (SMD2470ASY),1299.99,sharpusa.com,https://shop.sharpusa.com/products/microwave-ovens/,2025-01-04 20:08:14,microwave-ovens,
24 in. 1.2 cu. ft. Built-In Stainless Steel Microwave Drawer Oven (SMD2440JS),1199.99,sharpusa.com,https://shop.sharpusa.com/products/microwave-ovens/,2025-01-04 20:08:14,microwave-ovens,
24 in. 1.2 cu. ft. 950W Sharp Easy Open Stainless Steel Microwave Drawer (KB6524PSY),1099.99,sharpusa.com,https://shop.sharpusa.com/products/microwave-ovens/,2025-01-04 20:08:14,microwave-ovens,
1.1 cu. ft. 850W Sharp Stainless Steel Over-the-Range Convection Microwave Oven (R1874TY),599.99,sharpusa.com,https://shop.sharpusa.com/products/microwave-ovens/,2025-01-04 20:08:14,microwave-ovens,
1.5 cu. ft. 900W Sharp Stainless Steel Carousel Convection + Microwave Oven (SMC1585BS),599.99,sharpusa.com,https://shop.sharpusa.com/products/microwave-ovens/,2025-01-04 20:08:14,microwave-ovens,
Sharp 1.5 cu. ft. 900W Stainless Steel Convection Countertop Microwave Oven (SMC1585KS),599.99,sharpusa.com,https://shop.sharpusa.com/products/microwave-ovens/,2025-01-04 20:08:14,microwave-ovens,
1.5 cu. ft. 900W Sharp Matte Carousel Convection Microwave Oven (SMC1585BB),499.99,sharpusa.com,https://shop.sharpusa.com/products/microwave-ovens/,2025-01-04 20:08:14,microwave-ovens,
Sharp Smart Combi Built-In Steam Oven (SSC2489GS),2499.99,sharpusa.com,https://shop.sharpusa.com/products/steam-ovens/,2025-01-04 20:08:14,steam-ovens,
Sharp SuperSteam+ Smart Superheated Steam and Convection Built-In Wall Oven (SSC2489DS),2499.99,sharpusa.com,https://shop.sharpusa.com/products/steam-ovens/,2025-01-04 20:08:14,steam-ovens,
Supersteam+ Superheated Steam and Convection Built-in Wall Oven (SSC3088AS),1999.99,sharpusa.com,https://shop.sharpusa.com/products/steam-ovens/,2025-01-04 20:08:14,steam-ovens,
Sharp Superheated Steam Countertop Oven (SSC0586DS),199.0,sharpusa.com,https://shop.sharpusa.com/products/steam-ovens/,2025-01-04 20:08:14,steam-ovens,
Stainless Steel European Convection Built-In Double Wall Oven (SWB3062GS),3199.99,sharpusa.com,https://shop.sharpusa.com/products/traditional-convection-wall-ovens/,2025-01-04 20:08:14,traditional-convection-wall-ovens,
Stainless Steel European Convection Built-In Single Wall Oven (SWA3062GS),2299.99,sharpusa.com,https://shop.sharpusa.com/products/traditional-convection-wall-ovens/,2025-01-04 20:08:14,traditional-convection-wall-ovens,
Stainless Steel European Convection Built-In Double Wall Oven (SWB3052DS),1999.99,sharpusa.com,https://shop.sharpusa.com/products/traditional-convection-wall-ovens/,2025-01-04 20:08:14,traditional-convection-wall-ovens,
24 in. Stainless Steel European Convection Built-In Single Wall Oven (SWA2450GS),1699.99,sharpusa.com,https://shop.sharpusa.com/products/traditional-convection-wall-ovens/,2025-01-04 20:08:14,traditional-convection-wall-ovens,
Stainless Steel European Convection Built-In Single Wall Oven (SWA3052DS),1699.99,sharpusa.com,https://shop.sharpusa.com/products/traditional-convection-wall-ovens/,2025-01-04 20:08:14,traditional-convection-wall-ovens,
"36 in. width Induction Cooktop, European Mirror Finish Made with Premium SCHOTT Glass (SDH3652DB)",1299.99,sharpusa.com,https://shop.sharpusa.com/products/induction-cooktops/,2025-01-04 20:08:14,induction-cooktops,
Sharp 30 in. Induction Cooktop with Side Accessories (SCH3043GB),1299.99,sharpusa.com,https://shop.sharpusa.com/products/induction-cooktops/,2025-01-04 20:08:14,induction-cooktops,
Sharp 24 in. Induction Cooktop with Side Accessories (SCH2443GB),1199.99,sharpusa.com,https://shop.sharpusa.com/products/induction-cooktops/,2025-01-04 20:08:14,induction-cooktops,
"30 in. width Induction Cooktop, European Mirror Finish Made with Premium SCHOTT Glass (SDH3042DB)",999.99,sharpusa.com,https://shop.sharpusa.com/products/induction-cooktops/,2025-01-04 20:08:14,induction-cooktops,
24 in. Drop-In Radiant Cooktop with Side Accessories  (SCR2442FB),799.99,sharpusa.com,https://shop.sharpusa.com/products/induction-cooktops/,2025-01-04 20:08:14,induction-cooktops,
30 in. Drop-In Radiant Cooktop with Side Accessories  (SCR3042FB),799.99,sharpusa.com,https://shop.sharpusa.com/products/induction-cooktops/,2025-01-04 20:08:14,induction-cooktops,
30 in. Drop-In Radiant Cooktop (SCR3041GB),649.99,sharpusa.com,https://shop.sharpusa.com/products/induction-cooktops/,2025-01-04 20:08:14,induction-cooktops,
Sharp Smart Plasmacluster Ion Air Purifier with True HEPA + Humidifier for Extra Large Rooms (KCP110UW),559.99,sharpusa.com,https://shop.sharpusa.com/products/air-purifiers/,2025-01-04 20:08:14,air-purifiers,
Sharp Smart Plasmacluster Ion Air Purifier with True HEPA + Humidifier for Large Rooms (KCP70UW),469.99,sharpusa.com,https://shop.sharpusa.com/products/air-purifiers/,2025-01-04 20:08:14,air-purifiers,
Sharp Plasmacluster Ion Air Purifier with True HEPA + Humidifier for Large Rooms (KC860U),449.99,sharpusa.com,https://shop.sharpusa.com/products/air-purifiers/,2025-01-04 20:08:14,air-purifiers,
Sharp Smart Plasmacluster Ion Air Purifier with True HEPA for Extra Large Rooms (FXJ80UW),399.99,sharpusa.com,https://shop.sharpusa.com/products/air-purifiers/,2025-01-04 20:08:14,air-purifiers,
Sharp Plasmacluster Ion Air Purifier with True HEPA + Humidifier for Medium Rooms (KC850U),349.99,sharpusa.com,https://shop.sharpusa.com/products/air-purifiers/,2025-01-04 20:08:14,air-purifiers,
Sharp Plasmacluster Ion Air Purifier with True HEPA for Large Rooms (FPA80UW),249.99,sharpusa.com,https://shop.sharpusa.com/products/air-purifiers/,2025-01-04 20:08:14,air-purifiers,
Sharp Plasmacluster Ion Air Purifier with True HEPA for Medium Rooms (FPK50UW),129.99,sharpusa.com,https://shop.sharpusa.com/products/air-purifiers/,2025-01-04 20:08:14,air-purifiers,
Sharp True HEPA Air Purifier with Express Clean for Small Rooms (FPF30UH),99.99,sharpusa.com,https://shop.sharpusa.com/products/air-purifiers/,2025-01-04 20:08:14,air-purifiers,
24 in. Slide-In Smart 42 dB Dishwasher (SDW6888JS),799.99,sharpusa.com,https://shop.sharpusa.com/products/dishwashers/,2025-01-04 20:08:14,dishwashers,
24 in. Slide-In Smart 45 dB Dishwasher (SDW6767HS),649.99,sharpusa.com,https://shop.sharpusa.com/products/dishwashers/,2025-01-04 20:08:14,dishwashers,
24 in. Slide-In Stainless Steel 45 dB Dishwasher (SDW6757ES),629.99,sharpusa.com,https://shop.sharpusa.com/products/dishwashers/,2025-01-04 20:08:14,dishwashers,
Sharp 24 in. Stainless Steel Hybrid 52dB Dishwasher (SDW6504MS),599.99,sharpusa.com,https://shop.sharpusa.com/products/dishwashers/,2025-01-04 20:08:14,dishwashers,
24 in. Slide-In Stainless Steel Pocket Handle 45 dB Dishwasher (SDW6747GS),549.99,sharpusa.com,https://shop.sharpusa.com/products/dishwashers/,2025-01-04 20:08:14,dishwashers,
24 in. Slide-In Stainless Steel Hybrid 49 dB Dishwasher (SDW6506JS),479.99,sharpusa.com,https://shop.sharpusa.com/products/dishwashers/,2025-01-04 20:08:14,dishwashers,
Sharp French 4-Door Counter-Depth Refrigerator with Water Dispenser (SJG2254FS),3299.99,sharpusa.com,https://shop.sharpusa.com/products/refrigerator/,2025-01-04 20:08:14,refrigerators,
Sharp French 3-Door Refrigerator with Water Dispenser (SJF2955KS),2999.99,sharpusa.com,https://shop.sharpusa.com/products/refrigerator/,2025-01-04 20:08:14,refrigerators,
Sharp French 4-Door Counter-Depth Refrigerator (SJG2351FS),1699.99,sharpusa.com,https://shop.sharpusa.com/products/refrigerator/,2025-01-04 20:08:14,refrigerators,
Sharp 24 in. Bottom-Freezer Counter-Depth Refrigerator (SJB1255GS),1299.99,sharpusa.com,https://shop.sharpusa.com/products/refrigerator/,2025-01-04 20:08:14,refrigerators,
24 in. Built-In Smart Convection Microwave Drawer Oven (SMD2499FS),2199.99,sharpusa.com,https://shop.sharpusa.com/products/microwave-ovens/,2025-01-05 20:09:35,microwave-ovens,
24 in. 1.2 cu. ft. 950W Sharp Stainless Steel Smart Easy Wave Open Microwave Drawer Oven (SMD2479JS),1499.99,sharpusa.com,https://shop.sharpusa.com/products/microwave-ovens/,2025-01-05 20:09:35,microwave-ovens,
24 in. 1.2 cu. ft. 950W Sharp Stainless Steel Smart Easy Wave Open Microwave Drawer Oven (SMD2489ES),1499.99,sharpusa.com,https://shop.sharpusa.com/products/microwave-ovens/,2025-01-05 20:09:35,microwave-ovens,
24 in. 1.2 cu. ft. 950W Sharp Stainless Steel Microwave Drawer Oven (SMD2470AH),1399.99,sharpusa.com,https://shop.sharpusa.com/products/microwave-ovens/,2025-01-05 20:09:35,microwave-ovens,
30 in. 1.2 cu. ft. 950W Sharp Stainless Steel Microwave Drawer Oven (SMD3070ASY),1399.99,sharpusa.com,https://shop.sharpusa.com/products/microwave-ovens/,2025-01-05 20:09:35,microwave-ovens,
24 in. 1.2 cu. ft. 950W Sharp Stainless Steel Microwave Drawer Oven (SMD2470ASY),1299.99,sharpusa.com,https://shop.sharpusa.com/products/microwave-ovens/,2025-01-05 20:09:35,microwave-ovens,
24 in. 1.2 cu. ft. Built-In Stainless Steel Microwave Drawer Oven (SMD2440JS),1199.99,sharpusa.com,https://shop.sharpusa.com/products/microwave-ovens/,2025-01-05 20:09:35,microwave-ovens,
24 in. 1.2 cu. ft. 950W Sharp Easy Open Stainless Steel Microwave Drawer (KB6524PSY),1099.99,sharpusa.com,https://shop.sharpusa.com/products/microwave-ovens/,2025-01-05 20:09:35,microwave-ovens,
1.1 cu. ft. 850W Sharp Stainless Steel Over-the-Range Convection Microwave Oven (R1874TY),599.99,sharpusa.com,https://shop.sharpusa.com/products/microwave-ovens/,2025-01-05 20:09:35,microwave-ovens,
1.5 cu. ft. 900W Sharp Stainless Steel Carousel Convection + Microwave Oven (SMC1585BS),599.99,sharpusa.com,https://shop.sharpusa.com/products/microwave-ovens/,2025-01-05 20:09:35,microwave-ovens,
Sharp 1.5 cu. ft. 900W Stainless Steel Convection Countertop Microwave Oven (SMC1585KS),599.99,sharpusa.com,https://shop.sharpusa.com/products/microwave-ovens/,2025-01-05 20:09:35,microwave-ovens,
1.5 cu. ft. 900W Sharp Matte Carousel Convection Microwave Oven (SMC1585BB),499.99,sharpusa.com,https://shop.sharpusa.com/products/microwave-ovens/,2025-01-05 20:09:35,microwave-ovens,
Sharp Smart Combi Built-In Steam Oven (SSC2489GS),2499.99,sharpusa.com,https://shop.sharpusa.com/products/steam-ovens/,2025-01-05 20:09:35,steam-ovens,
Sharp SuperSteam+ Smart Superheated Steam and Convection Built-In Wall Oven (SSC2489DS),2499.99,sharpusa.com,https://shop.sharpusa.com/products/steam-ovens/,2025-01-05 20:09:35,steam-ovens,
Supersteam+ Superheated Steam and Convection Built-in Wall Oven (SSC3088AS),1999.99,sharpusa.com,https://shop.sharpusa.com/products/steam-ovens/,2025-01-05 20:09:35,steam-ovens,
Sharp Superheated Steam Countertop Oven (SSC0586DS),199.0,sharpusa.com,https://shop.sharpusa.com/products/steam-ovens/,2025-01-05 20:09:35,steam-ovens,
Stainless Steel European Convection Built-In Double Wall Oven (SWB3062GS),3199.99,sharpusa.com,https://shop.sharpusa.com/products/traditional-convection-wall-ovens/,2025-01-05 20:09:35,traditional-convection-wall-ovens,
Stainless Steel European Convection Built-In Single Wall Oven (SWA3062GS),2299.99,sharpusa.com,https://shop.sharpusa.com/products/traditional-convection-wall-ovens/,2025-01-05 20:09:35,traditional-convection-wall-ovens,
Stainless Steel European Convection Built-In Double Wall Oven (SWB3052DS),1999.99,sharpusa.com,https://shop.sharpusa.com/products/traditional-convection-wall-ovens/,2025-01-05 20:09:35,traditional-convection-wall-ovens,
24 in. Stainless Steel European Convection Built-In Single Wall Oven (SWA2450GS),1699.99,sharpusa.com,https://shop.sharpusa.com/products/traditional-convection-wall-ovens/,2025-01-05 20:09:35,traditional-convection-wall-ovens,
Stainless Steel European Convection Built-In Single Wall Oven (SWA3052DS),1699.99,sharpusa.com,https://shop.sharpusa.com/products/traditional-convection-wall-ovens/,2025-01-05 20:09:35,traditional-convection-wall-ovens,
"36 in. width Induction Cooktop, European Mirror Finish Made with Premium SCHOTT Glass (SDH3652DB)",1299.99,sharpusa.com,https://shop.sharpusa.com/products/induction-cooktops/,2025-01-05 20:09:35,induction-cooktops,
Sharp 30 in. Induction Cooktop with Side Accessories (SCH3043GB),1299.99,sharpusa.com,https://shop.sharpusa.com/products/induction-cooktops/,2025-01-05 20:09:35,induction-cooktops,
Sharp 24 in. Induction Cooktop with Side Accessories (SCH2443GB),1199.99,sharpusa.com,https://shop.sharpusa.com/products/induction-cooktops/,2025-01-05 20:09:35,induction-cooktops,
"30 in. width Induction Cooktop, European Mirror Finish Made with Premium SCHOTT Glass (SDH3042DB)",999.99,sharpusa.com,https://shop.sharpusa.com/products/induction-cooktops/,2025-01-05 20:09:35,induction-cooktops,
24 in. Drop-In Radiant Cooktop with Side Accessories  (SCR2442FB),799.99,sharpusa.com,https://shop.sharpusa.com/products/induction-cooktops/,2025-01-05 20:09:35,induction-cooktops,
30 in. Drop-In Radiant Cooktop with Side Accessories  (SCR3042FB),799.99,sharpusa.com,https://shop.sharpusa.com/products/induction-cooktops/,2025-01-05 20:09:35,induction-cooktops,
30 in. Drop-In Radiant Cooktop (SCR3041GB),649.99,sharpusa.com,https://shop.sharpusa.com/products/induction-cooktops/,2025-01-05 20:09:35,induction-cooktops,
Sharp Smart Plasmacluster Ion Air Purifier with True HEPA + Humidifier for Extra Large Rooms (KCP110UW),559.99,sharpusa.com,https://shop.sharpusa.com/products/air-purifiers/,2025-01-05 20:09:35,air-purifiers,
Sharp Smart Plasmacluster Ion Air Purifier with True HEPA + Humidifier for Large Rooms (KCP70UW),469.99,sharpusa.com,https://shop.sharpusa.com/products/air-purifiers/,2025-01-05 20:09:35,air-purifiers,
Sharp Plasmacluster Ion Air Purifier with True HEPA + Humidifier for Large Rooms (KC860U),449.99,sharpusa.com,https://shop.sharpusa.com/products/air-purifiers/,2025-01-05 20:09:35,air-purifiers,
Sharp Smart Plasmacluster Ion Air Purifier with True HEPA for Extra Large Rooms (FXJ80UW),399.99,sharpusa.com,https://shop.sharpusa.com/products/air-purifiers/,2025-01-05 20:09:35,air-purifiers,
Sharp Plasmacluster Ion Air Purifier with True HEPA + Humidifier for Medium Rooms (KC850U),349.99,sharpusa.com,https://shop.sharpusa.com/products/air-purifiers/,2025-01-05 20:09:35,air-purifiers,
Sharp Plasmacluster Ion Air Purifier with True HEPA for Large Rooms (FPA80UW),249.99,sharpusa.com,https://shop.sharpusa.com/products/air-purifiers/,2025-01-05 20:09:35,air-purifiers,
Sharp Plasmacluster Ion Air Purifier with True HEPA for Medium Rooms (FPK50UW),129.99,sharpusa.com,https://shop.sharpusa.com/products/air-purifiers/,2025-01-05 20:09:35,air-purifiers,
Sharp True HEPA Air Purifier with Express Clean for Small Rooms (FPF30UH),99.99,sharpusa.com,https://shop.sharpusa.com/products/air-purifiers/,2025-01-05 20:09:35,air-purifiers,
24 in. Slide-In Smart 42 dB Dishwasher (SDW6888JS),799.99,sharpusa.com,https://shop.sharpusa.com/products/dishwashers/,2025-01-05 20:09:35,dishwashers,
24 in. Slide-In Smart 45 dB Dishwasher (SDW6767HS),649.99,sharpusa.com,https://shop.sharpusa.com/products/dishwashers/,2025-01-05 20:09:35,dishwashers,
24 in. Slide-In Stainless Steel 45 dB Dishwasher (SDW6757ES),629.99,sharpusa.com,https://shop.sharpusa.com/products/dishwashers/,2025-01-05 20:09:35,dishwashers,
Sharp 24 in. Stainless Steel Hybrid 52dB Dishwasher (SDW6504MS),599.99,sharpusa.com,https://shop.sharpusa.com/products/dishwashers/,2025-01-05 20:09:35,dishwashers,
24 in. Slide-In Stainless Steel Pocket Handle 45 dB Dishwasher (SDW6747GS),549.99,sharpusa.com,https://shop.sharpusa.com/products/dishwashers/,2025-01-05 20:09:35,dishwashers,
24 in. Slide-In Stainless Steel Hybrid 49 dB Dishwasher (SDW6506JS),479.99,sharpusa.com,https://shop.sharpusa.com/products/dishwashers/,2025-01-05 20:09:35,dishwashers,
Sharp French 4-Door Counter-Depth Refrigerator with Water Dispenser (SJG2254FS),3299.99,sharpusa.com,https://shop.sharpusa.com/products/refrigerator/,2025-01-05 20:09:35,refrigerators,
Sharp French 3-Door Refrigerator with Water Dispenser (SJF2955KS),2999.99,sharpusa.com,https://shop.sharpusa.com/products/refrigerator/,2025-01-05 20:09:35,refrigerators,
Sharp French 4-Door Counter-Depth Refrigerator (SJG2351FS),1699.99,sharpusa.com,https://shop.sharpusa.com/products/refrigerator/,2025-01-05 20:09:35,refrigerators,
Sharp 24 in. Bottom-Freezer Counter-Depth Refrigerator (SJB1255GS),1299.99,sharpusa.com,https://shop.sharpusa.com/products/refrigerator/,2025-01-05 20:09:35,refrigerators,
GE Appliances PTW605BSRWS 4.9 cu. ft. Capacity Washer with Smarter Wash Technology a...,754.0,sears.com,https://www.sears.com/appliances-washers-dryers/b-1320301405?subCatView=true&adcell=hp_S1c_laundry,2025-01-05 20:09:35,appliances,
Kenmore 20232 3.5 cu. ft. Top-Load Washer w/Porcelain Basket,539.99,sears.com,https://www.sears.com/appliances-washers-dryers/b-1320301405?subCatView=true&adcell=hp_S1c_laundry,2025-01-05 20:09:35,appliances,Flash Sale!
Kenmore 62332 7.0 cu. ft. Electric Dryer w/ Wrinkle Guard,629.99,sears.com,https://www.sears.com/appliances-washers-dryers/b-1320301405?subCatView=true&adcell=hp_S1c_laundry,2025-01-05 20:09:35,appliances,Flash Sale!
"Hotpoint HTW265ASWWW 4.0 CU. FT. CAPACITY Washer with Stainless Steel Basket, Cold P...",538.79,sears.com,https://www.sears.com/appliances-washers-dryers/b-1320301405?subCatView=true&adcell=hp_S1c_laundry,2025-01-05 20:09:35,appliances,
GE Appliances PTW600BSRWS 5.0 cu. ft. Capacity Washer with Sanitize with Oxi and Fle...,754.0,sears.com,https://www.sears.com/appliances-washers-dryers/b-1320301405?subCatView=true&adcell=hp_S1c_laundry,2025-01-05 20:09:35,appliances,
GE Appliances GFW550SSNWW 4.8cu.ft. Front Loading Washer,865.0,sears.com,https://www.sears.com/appliances-washers-dryers/b-1320301405?subCatView=true&adcell=hp_S1c_laundry,2025-01-05 20:09:35,appliances,
GE Appliances PTW600BPRDG 5.0 cu. ft. Capacity Washer with Sanitize with Oxi and Fle...,777.0,sears.com,https://www.sears.com/appliances-washers-dryers/b-1320301405?subCatView=true&adcell=hp_S1c_laundry,2025-01-05 20:09:35,appliances,
GE Appliances GFW550SPRRS 4.8 cu. ft. Smart Front Load ENERGY STAR Washer with Ultra...,888.0,sears.com,https://www.sears.com/appliances-washers-dryers/b-1320301405?subCatView=true&adcell=hp_S1c_laundry,2025-01-05 20:09:35,appliances,
Kenmore 72332  7.0 cu. ft. Gas Dryer,737.99,sears.com,https://www.sears.com/appliances-washers-dryers/b-1320301405?subCatView=true&adcell=hp_S1c_laundry,2025-01-05 20:09:35,appliances,Flash Sale!
Kenmore 60222 6.5 cu. ft. Electric Dryer,539.99,sears.com,https://www.sears.com/appliances-washers-dryers/b-1320301405?subCatView=true&adcell=hp_S1c_laundry,2025-01-05 20:09:35,appliances,Flash Sale!
Samsung WA55CG7500AEUS 5.5 cu. ft. Extra-Large Capacity Smart Top Load Washer with A...,948.0,sears.com,https://www.sears.com/appliances-washers-dryers/b-1320301405?subCatView=true&adcell=hp_S1c_laundry,2025-01-05 20:09:35,appliances,
Hotpoint HTX26EASWWW 6.2 cu. ft. Capacity Electric Dryer with up to 120 Ft. Venting ...,538.79,sears.com,https://www.sears.com/appliances-washers-dryers/b-1320301405?subCatView=true&adcell=hp_S1c_laundry,2025-01-05 20:09:35,appliances,
Kenmore 70222  6.5 cu. ft. Gas Dryer,647.99,sears.com,https://www.sears.com/appliances-washers-dryers/b-1320301405?subCatView=true&adcell=hp_S1c_laundry,2025-01-05 20:09:35,appliances,Flash Sale!
GE Appliances PTD60EBSRWS 7.4 cu. ft. White Electric Dryer with Sanitize Cycle and S...,754.0,sears.com,https://www.sears.com/appliances-washers-dryers/b-1320301405?subCatView=true&adcell=hp_S1c_laundry,2025-01-05 20:09:35,appliances,
LG DLGX8901B  9.0 cu. ft. Mega Capacity Gas Dryer with TurboSteam™ & Built-In ...,1299.99,sears.com,https://www.sears.com/appliances-washers-dryers/b-1320301405?subCatView=true&adcell=hp_S1c_laundry,2025-01-05 20:09:35,appliances,
LG WT7000CW  4.5 cu. ft. Top Load Washer with TurboDrum™,649.99,sears.com,https://www.sears.com/appliances-washers-dryers/b-1320301405?subCatView=true&adcell=hp_S1c_laundry,2025-01-05 20:09:35,appliances,
GE Appliances GUD27ESSMWW Unitizedmaker® 3.8 cu. ft. Washer & 5.9 cu. ft....,1443.0,sears.com,https://www.sears.com/appliances-washers-dryers/b-1320301405?subCatView=true&adcell=hp_S1c_laundry,2025-01-05 20:09:35,appliances,
LG WT7155CW  4.8 cu. ft. Mega Capacity Top Load Washer with 4-Way™ Agitator & ...,699.99,sears.com,https://www.sears.com/appliances-washers-dryers/b-1320301405?subCatView=true&adcell=hp_S1c_laundry,2025-01-05 20:09:35,appliances,
LG WM3470CW  5.0 cu. ft. Mega Capacity Closet Depth Front Load Washer,799.99,sears.com,https://www.sears.com/appliances-washers-dryers/b-1320301405?subCatView=true&adcell=hp_S1c_laundry,2025-01-05 20:09:35,appliances,
Samsung 7.5 cf gas FL dryer w/ reversible door in White,804.01,sears.com,https://www.sears.com/appliances-washers-dryers/b-1320301405?subCatView=true&adcell=hp_S1c_laundry,2025-01-05 20:09:35,appliances,Flash Sale!
GE Appliances GFD55ESPRRS 7.8 cu. ft. Capacity Smart Front Load Electric Dryer with ...,888.0,sears.com,https://www.sears.com/appliances-washers-dryers/b-1320301405?subCatView=true&adcell=hp_S1c_laundry,2025-01-05 20:09:35,appliances,
GE Appliances PTD60GBSRWS 7.4 cu. ft. Capacity aluminized alloy drum Gas Dryer with ...,865.0,sears.com,https://www.sears.com/appliances-washers-dryers/b-1320301405?subCatView=true&adcell=hp_S1c_laundry,2025-01-05 20:09:35,appliances,
GE Appliances GUD27ESPMDG Unitizedmaker 3.8cu.ft. Washer and 5.9cu.ft. Electri...,1499.0,sears.com,https://www.sears.com/appliances-washers-dryers/b-1320301405?subCatView=true&adcell=hp_S1c_laundry,2025-01-05 20:09:35,appliances,
GE Appliances GTD38EASWWS 7.2 cu. ft. Capacity Electric Dryer with Up To 120 ft. Ven...,628.59,sears.com,https://www.sears.com/appliances-washers-dryers/b-1320301405?subCatView=true&adcell=hp_S1c_laundry,2025-01-05 20:09:35,appliances,
GE Appliances PTW700BPTDG GE Profile 5.4 cu. ft. Capacity Washer with Smarter Wash T...,989.99,sears.com,https://www.sears.com/appliances-washers-dryers/b-1320301405?subCatView=true&adcell=hp_S1c_laundry,2025-01-05 20:09:35,appliances,Flash Sale!
Samsung DVG55CG7500EA3 7.4 cu. ft. Smart Gas Dryer with Steam Sanitize+ in Ivory,1059.0,sears.com,https://www.sears.com/appliances-washers-dryers/b-1320301405?subCatView=true&adcell=hp_S1c_laundry,2025-01-05 20:09:35,appliances,
GE Appliances PTD60EBPRDG 7.4 cu. ft. Electric Dryer with Sanitize Cycle and Sensor ...,777.0,sears.com,https://www.sears.com/appliances-washers-dryers/b-1320301405?subCatView=true&adcell=hp_S1c_laundry,2025-01-05 20:09:35,appliances,
LG WM6500HBA  5.0 cu. ft. Mega Capacity Smart Front Load Washer with TurboWash 360&#...,1099.99,sears.com,https://www.sears.com/appliances-washers-dryers/b-1320301405?subCatView=true&adcell=hp_S1c_laundry,2025-01-05 20:09:35,appliances,
GE Appliances GFW655SSVWW 5.0 cu.ft. Capacity Smart Front Load Steam Washer with Sma...,1079.99,sears.com,https://www.sears.com/appliances-washers-dryers/b-1320301405?subCatView=true&adcell=hp_S1c_laundry,2025-01-05 20:09:35,appliances,Flash Sale!
GE Appliances GUD24ESSMWW Unitizedmaker® 2.3 cu. ft. Washer & 4.4 cu. ft....,1346.99,sears.com,https://www.sears.com/appliances-washers-dryers/b-1320301405?subCatView=true&adcell=hp_S1c_laundry,2025-01-05 20:09:35,appliances,
GE Appliances GTD48GASWWB 7.2 cu. ft. Capacity Gas Dryer with Up To 120 ft. Venting ...,808.19,sears.com,https://www.sears.com/appliances-washers-dryers/b-1320301405?subCatView=true&adcell=hp_S1c_laundry,2025-01-05 20:09:35,appliances,
GE Appliances PFW870SSVWW Profile™ 5.3 cu. ft. Capacity Smart Front Load ENERG...,1169.99,sears.com,https://www.sears.com/appliances-washers-dryers/b-1320301405?subCatView=true&adcell=hp_S1c_laundry,2025-01-05 20:09:35,appliances,Flash Sale!
FRIGIDAIRE FLCE7522AW Frigidaire Electric Washer/Dryer Laundry Center - 3.9 Cu. Ft W...,1430.0,sears.com,https://www.sears.com/appliances-washers-dryers/b-1320301405?subCatView=true&adcell=hp_S1c_laundry,2025-01-05 20:09:35,appliances,
LG WT7150CW   5.0 cu. ft. Top Load Washer with TurboDrum™,699.99,sears.com,https://www.sears.com/appliances-washers-dryers/b-1320301405?subCatView=true&adcell=hp_S1c_laundry,2025-01-05 20:09:35,appliances,
GE Appliances GTD48EASWWB 7.2 cu. ft. Capacity Electric Dryer with Up To 120 Ft. Ven...,718.39,sears.com,https://www.sears.com/appliances-washers-dryers/b-1320301405?subCatView=true&adcell=hp_S1c_laundry,2025-01-05 20:09:35,appliances,
GE Profile Series PTW605BPRDG GE Profile 4.9 cu. ft. Capacity Washer with Smarter Wa...,777.0,sears.com,https://www.sears.com/appliances-washers-dryers/b-1320301405?subCatView=true&adcell=hp_S1c_laundry,2025-01-05 20:09:35,appliances,
Polar PLPOL41WAS 4.1 Cubic Ft. Top Load Washer with Agitator,449.99,sears.com,https://www.sears.com/appliances-washers-dryers/b-1320301405?subCatView=true&adcell=hp_S1c_laundry,2025-01-05 20:09:35,appliances,Flash Sale!
GE Appliances GTD45GASJWS 7.2 cu. ft. Gas Dryer w/ Aluminized Alloy Drum,808.19,sears.com,https://www.sears.com/appliances-washers-dryers/b-1320301405?subCatView=true&adcell=hp_S1c_laundry,2025-01-05 20:09:35,appliances,
"GE Appliances GFT14ESSMWW 24"" 4.1cu.ft. Front Load Ventless Electric Dryer",999.0,sears.com,https://www.sears.com/appliances-washers-dryers/b-1320301405?subCatView=true&adcell=hp_S1c_laundry,2025-01-05 20:09:35,appliances,
GE Appliances GFD65ESSVWW ENERGY STAR® 7.8 cu. ft. Capacity Smart Front Load El...,1079.99,sears.com,https://www.sears.com/appliances-washers-dryers/b-1320301405?subCatView=true&adcell=hp_S1c_laundry,2025-01-05 20:09:35,appliances,Flash Sale!
GE Appliances GTW325ASWWW 4.0 cu. ft. Capacity Washer with Stainless Steel Basket an...,583.69,sears.com,https://www.sears.com/appliances-washers-dryers/b-1320301405?subCatView=true&adcell=hp_S1c_laundry,2025-01-05 20:09:35,appliances,
GE Appliances GUD27GESNWW GE Unitizedmaker ENERGY STAR 3.9 cu. ft. Washer with...,1529.99,sears.com,https://www.sears.com/appliances-washers-dryers/b-1320301405?subCatView=true&adcell=hp_S1c_laundry,2025-01-05 20:09:35,appliances,Flash Sale!
"GE Appliances GFD14ESSNWW 24"" 4.3cu.ft. Front Load Vented Electric Dryer",999.0,sears.com,https://www.sears.com/appliances-washers-dryers/b-1320301405?subCatView=true&adcell=hp_S1c_laundry,2025-01-05 20:09:35,appliances,
"GE Appliances GFW148SSMWW 24"" 2.4cu.ft. Front Load Washer with Steam",999.0,sears.com,https://www.sears.com/appliances-washers-dryers/b-1320301405?subCatView=true&adcell=hp_S1c_laundry,2025-01-05 20:09:35,appliances,
Samsung 4.6 cu. ft. large capacity smart top load washer with activewave agitator an...,804.01,sears.com,https://www.sears.com/appliances-washers-dryers/b-1320301405?subCatView=true&adcell=hp_S1c_laundry,2025-01-05 20:09:35,appliances,Flash Sale!
Samsung DVG55A7700V/A3 7.4-cu ft. Reversible Door Steam Cycle Gas Dryer,1399.0,sears.com,https://www.sears.com/appliances-washers-dryers/b-1320301405?subCatView=true&adcell=hp_S1c_laundry,2025-01-05 20:09:35,appliances,
"GE Appliances JGBS66REKSS 30"" Freestanding Gas Range - Stainless Steel",721.0,sears.com,https://www.sears.com/appliances-kitchen-appliances-cooking-appliances/b-1323665151?adcell=hp_S1c_Cooking,2025-01-05 20:09:35,appliances,
"GE Appliances PP9830DRBB GE Profile 30"" Downdraft Electric Cooktopon",2199.59,sears.com,https://www.sears.com/appliances-kitchen-appliances-cooking-appliances/b-1323665151?adcell=hp_S1c_Cooking,2025-01-05 20:09:35,appliances,Flash Sale!
"GE Profile Series PTD7000BNTS 30"" Built-In Convection Double Wall OvenStain...",4199.39,sears.com,https://www.sears.com/appliances-kitchen-appliances-cooking-appliances/b-1323665151?adcell=hp_S1c_Cooking,2025-01-05 20:09:35,appliances,Flash Sale!
GE Appliances JES2251SJ 2.2 Cu. Ft. Countertop Microwave Oven - Stainless Steel,314.99,sears.com,https://www.sears.com/appliances-kitchen-appliances-cooking-appliances/b-1323665151?adcell=hp_S1c_Cooking,2025-01-05 20:09:35,appliances,Flash Sale!
"GE Cafe CHS950P4MW2 30"" Slide-In Induction and Convection Double Oven Range - Matte ...",4229.99,sears.com,https://www.sears.com/appliances-kitchen-appliances-cooking-appliances/b-1323665151?adcell=hp_S1c_Cooking,2025-01-05 20:09:35,appliances,Flash Sale!
"GE Appliances JGSS66SELSS  30"" Slide-In Front Control Gas Range - Stainless Steel",888.0,sears.com,https://www.sears.com/appliances-kitchen-appliances-cooking-appliances/b-1323665151?adcell=hp_S1c_Cooking,2025-01-05 20:09:35,appliances,
"GE Appliances JSS86SPSS 30"" 6.6 cu.ft. Stainless Steel Slide-In Electric Range with ...",2249.99,sears.com,https://www.sears.com/appliances-kitchen-appliances-cooking-appliances/b-1323665151?adcell=hp_S1c_Cooking,2025-01-05 20:09:35,appliances,Flash Sale!
"GE Appliances JBS86SPSS  30"" Electric Double Oven - Stainless Steel",1221.0,sears.com,https://www.sears.com/appliances-kitchen-appliances-cooking-appliances/b-1323665151?adcell=hp_S1c_Cooking,2025-01-05 20:09:35,appliances,
"GE Appliances JRP28SKSS 24"" Double Wall Oven w/ Self Clean Upper Oven - Stainless St...",2299.49,sears.com,https://www.sears.com/appliances-kitchen-appliances-cooking-appliances/b-1323665151?adcell=hp_S1c_Cooking,2025-01-05 20:09:35,appliances,Flash Sale!
"GE Cafe CES700P2MS1 30"" Slide-In Radiant and Convection Range - Stainless Steel",2339.99,sears.com,https://www.sears.com/appliances-kitchen-appliances-cooking-appliances/b-1323665151?adcell=hp_S1c_Cooking,2025-01-05 20:09:35,appliances,Flash Sale!
"GE Appliances JTD5000SVSS 30"" Smart Built-In Self-Clean Convection Double Wall Oven ...",3199.49,sears.com,https://www.sears.com/appliances-kitchen-appliances-cooking-appliances/b-1323665151?adcell=hp_S1c_Cooking,2025-01-05 20:09:35,appliances,Flash Sale!
"GE Appliances JRP28BJBB  24"" Self-Clean Double Electric Wall Ovenon",2099.69,sears.com,https://www.sears.com/appliances-kitchen-appliances-cooking-appliances/b-1323665151?adcell=hp_S1c_Cooking,2025-01-05 20:09:35,appliances,Flash Sale!
"Frigidaire FCRG3062AS  30"" Freestanding Gas Range with Steam Clean - Stainless Steel",942.89,sears.com,https://www.sears.com/appliances-kitchen-appliances-cooking-appliances/b-1323665151?adcell=hp_S1c_Cooking,2025-01-05 20:09:35,appliances,
"GE Appliances JGBS30RETSS 30"" Free-Standing Gas Range Stainless Steel",610.0,sears.com,https://www.sears.com/appliances-kitchen-appliances-cooking-appliances/b-1323665151?adcell=hp_S1c_Cooking,2025-01-05 20:09:35,appliances,
"GE Appliances JGBS86SPSS  30"" Gas Double Oven - Stainless Steel",1332.0,sears.com,https://www.sears.com/appliances-kitchen-appliances-cooking-appliances/b-1323665151?adcell=hp_S1c_Cooking,2025-01-05 20:09:35,appliances,
"PGS930YPFS 30"" 5.6 cu.ft. Stainless Steel Smart Gas Range with 5 Sealed Burners and ...",2474.99,sears.com,https://www.sears.com/appliances-kitchen-appliances-cooking-appliances/b-1323665151?adcell=hp_S1c_Cooking,2025-01-05 20:09:35,appliances,Flash Sale!
Samsung Bespoke 6.0 cu. ft. smart slide-in gas range with air sous vide & air fry in...,1769.79,sears.com,https://www.sears.com/appliances-kitchen-appliances-cooking-appliances/b-1323665151?adcell=hp_S1c_Cooking,2025-01-05 20:09:35,appliances,Flash Sale!
"GE Appliances GRF400SVSS 30"" Free-Standing Electric Range -  Stainless Steel/Black",808.19,sears.com,https://www.sears.com/appliances-kitchen-appliances-cooking-appliances/b-1323665151?adcell=hp_S1c_Cooking,2025-01-05 20:09:35,appliances,
"Samsung NE63A6711SS/AA 30"" 6.3 cu.ft. Stainless Steel Electric Range with 5 Burners ...",999.0,sears.com,https://www.sears.com/appliances-kitchen-appliances-cooking-appliances/b-1323665151?adcell=hp_S1c_Cooking,2025-01-05 20:09:35,appliances,
"GE Appliances JB256RTSS GE 30"" Free-Standing Electric Range - Stainless Steel/Black",746.99,sears.com,https://www.sears.com/appliances-kitchen-appliances-cooking-appliances/b-1323665151?adcell=hp_S1c_Cooking,2025-01-05 20:09:35,appliances,Flash Sale!
Kenmore 75293  4.8 cu. ft. Front-Control Gas Range with True Convection & Air Fry - ...,1259.99,sears.com,https://www.sears.com/appliances-kitchen-appliances-cooking-appliances/b-1323665151?adcell=hp_S1c_Cooking,2025-01-05 20:09:35,appliances,Flash Sale!
"GE Appliances GRF600AVWW 30"" Free-Standing Electric Convection Range with No Preheat...",942.89,sears.com,https://www.sears.com/appliances-kitchen-appliances-cooking-appliances/b-1323665151?adcell=hp_S1c_Cooking,2025-01-05 20:09:35,appliances,
"GE Appliances GRF400SVWW 30"" Free-Standing Electric Range",718.39,sears.com,https://www.sears.com/appliances-kitchen-appliances-cooking-appliances/b-1323665151?adcell=hp_S1c_Cooking,2025-01-05 20:09:35,appliances,
"Frigidaire Gallery GCRG3060BF  30"" Gas Range with No Preheat & Air Fry - Stainless S...",1212.29,sears.com,https://www.sears.com/appliances-kitchen-appliances-cooking-appliances/b-1323665151?adcell=hp_S1c_Cooking,2025-01-05 20:09:35,appliances,
"GE Profile Series PTD7000SNSS 30"" Built-In Convection Double Wall Oven - Stainless S...",3999.59,sears.com,https://www.sears.com/appliances-kitchen-appliances-cooking-appliances/b-1323665151?adcell=hp_S1c_Cooking,2025-01-05 20:09:35,appliances,Flash Sale!
"GE Appliances JTD5000DVBB 30"" Smart Built-In Self-Clean Convection Double Wall Oven ...",3199.49,sears.com,https://www.sears.com/appliances-kitchen-appliances-cooking-appliances/b-1323665151?adcell=hp_S1c_Cooking,2025-01-05 20:09:35,appliances,Flash Sale!
"GE Profile Series PKS7000SNSS 27"" Built-In Convection Single Wall Oven-Stainless ste...",2899.79,sears.com,https://www.sears.com/appliances-kitchen-appliances-cooking-appliances/b-1323665151?adcell=hp_S1c_Cooking,2025-01-05 20:09:35,appliances,Flash Sale!
Samsung NX60T8111SG/AA 6.0 cf gas slide-in in Stainless,1259.1,sears.com,https://www.sears.com/appliances-kitchen-appliances-cooking-appliances/b-1323665151?adcell=hp_S1c_Cooking,2025-01-05 20:09:35,appliances,Flash Sale!
"GE Appliances JKD3000SNSS 27"" Built-In Double Wall Oven - Stainless Steel",2600.09,sears.com,https://www.sears.com/appliances-kitchen-appliances-cooking-appliances/b-1323665151?adcell=hp_S1c_Cooking,2025-01-05 20:09:35,appliances,Flash Sale!
"GE Appliances JT3800SHSS 30"" Built-In Combination Microwave & Wall Oven - Stainless ...",2554.0,sears.com,https://www.sears.com/appliances-kitchen-appliances-cooking-appliances/b-1323665151?adcell=hp_S1c_Cooking,2025-01-05 20:09:35,appliances,
"GE Appliances JBS460DMWW 30"" Free-Standing Electric Range",809.99,sears.com,https://www.sears.com/appliances-kitchen-appliances-cooking-appliances/b-1323665151?adcell=hp_S1c_Cooking,2025-01-05 20:09:35,appliances,Flash Sale!
"Hotpoint RAS240DMWW 24"" Free-Standing Front-Control Electric Range",719.99,sears.com,https://www.sears.com/appliances-kitchen-appliances-cooking-appliances/b-1323665151?adcell=hp_S1c_Cooking,2025-01-05 20:09:35,appliances,Flash Sale!
"Sharp 2.2 CF Countertop Microwave Oven, Inverter Technology",238.36,sears.com,https://www.sears.com/appliances-kitchen-appliances-cooking-appliances/b-1323665151?adcell=hp_S1c_Cooking,2025-01-05 20:09:35,appliances,
Frigidaire Gallery GCWS3067AD  30'' Single Electric Wall Oven with Total Convection ...,1799.0,sears.com,https://www.sears.com/appliances-kitchen-appliances-cooking-appliances/b-1323665151?adcell=hp_S1c_Cooking,2025-01-05 20:09:35,appliances,
"GE Appliances GRF400SVBB 30"" Free-Standing Electric Range ",719.99,sears.com,https://www.sears.com/appliances-kitchen-appliances-cooking-appliances/b-1323665151?adcell=hp_S1c_Cooking,2025-01-05 20:09:35,appliances,Flash Sale!
"GE Appliances GRF600AVBB 30"" Free-Standing Electric Convection Range with No Preheat...",944.99,sears.com,https://www.sears.com/appliances-kitchen-appliances-cooking-appliances/b-1323665151?adcell=hp_S1c_Cooking,2025-01-05 20:09:35,appliances,Flash Sale!
"GE Appliances GRF500PVWW 30"" Free-Standing Electric Range",764.99,sears.com,https://www.sears.com/appliances-kitchen-appliances-cooking-appliances/b-1323665151?adcell=hp_S1c_Cooking,2025-01-05 20:09:35,appliances,Flash Sale!
"GE Appliances JGBS66DEKBB 30"" Freestanding Gas Range ",665.0,sears.com,https://www.sears.com/appliances-kitchen-appliances-cooking-appliances/b-1323665151?adcell=hp_S1c_Cooking,2025-01-05 20:09:35,appliances,
"Zline Kitchen and Bath ZLINE 36"" Convertible Vent Wall Mount Range Hood in Stainless...",549.95,sears.com,https://www.sears.com/appliances-kitchen-appliances-cooking-appliances/b-1323665151?adcell=hp_S1c_Cooking,2025-01-05 20:09:35,appliances,
"GE Appliances JGP5030DLBB  30"" Built-In Gas Cooktop ",1299.59,sears.com,https://www.sears.com/appliances-kitchen-appliances-cooking-appliances/b-1323665151?adcell=hp_S1c_Cooking,2025-01-05 20:09:35,appliances,Flash Sale!
"GE Appliances JGBS66DEKWW 30"" Freestanding Gas Range",665.0,sears.com,https://www.sears.com/appliances-kitchen-appliances-cooking-appliances/b-1323665151?adcell=hp_S1c_Cooking,2025-01-05 20:09:35,appliances,
Kenmore 95163  4.8 cu. ft. Front-Control Electric Range with True Convection & Air F...,1169.99,sears.com,https://www.sears.com/appliances-kitchen-appliances-cooking-appliances/b-1323665151?adcell=hp_S1c_Cooking,2025-01-05 20:09:35,appliances,Flash Sale!
"GE Profile Series PK7800SKSS 27"" Built-In Convection Wall Oven with Microwave - Stai...",3999.59,sears.com,https://www.sears.com/appliances-kitchen-appliances-cooking-appliances/b-1323665151?adcell=hp_S1c_Cooking,2025-01-05 20:09:35,appliances,Flash Sale!
"GE Appliances JBS360DMWW 30"" Free-Standing Electric Range",629.99,sears.com,https://www.sears.com/appliances-kitchen-appliances-cooking-appliances/b-1323665151?adcell=hp_S1c_Cooking,2025-01-05 20:09:35,appliances,Flash Sale!
"GE Appliances JGBS30DEKBB  30"" Free-Standing Gas Range ",588.0,sears.com,https://www.sears.com/appliances-kitchen-appliances-cooking-appliances/b-1323665151?adcell=hp_S1c_Cooking,2025-01-05 20:09:35,appliances,
Frigidaire FFEC3025UB  30'' Electric Cooktop ,599.0,sears.com,https://www.sears.com/appliances-kitchen-appliances-cooking-appliances/b-1323665151?adcell=hp_S1c_Cooking,2025-01-05 20:09:35,appliances,
Samsung 1.7 cu ft. Smart Over-the-Range Microwave with Convection & Slim Fry in Blac...,586.71,sears.com,https://www.sears.com/appliances-kitchen-appliances-cooking-appliances/b-1323665151?adcell=hp_S1c_Cooking,2025-01-05 20:09:35,appliances,Flash Sale!
GE Appliances PDT715SYVFS Fingerprint Resistant Top Control Stainless Interior Dishw...,1034.99,sears.com,https://www.sears.com/appliances-dishwashers/b-1020017?adcell=hp_S1c_dishwashers,2025-01-05 20:09:35,appliances,Flash Sale!
"Kenmore 22-14585 14585 24"" Built-in Dishwasher with UltraWash® System and Smart...",539.99,sears.com,https://www.sears.com/appliances-dishwashers/b-1020017?adcell=hp_S1c_dishwashers,2025-01-05 20:09:35,appliances,Flash Sale!
GE Appliances GDT650SYVFS ENERGY STAR® Fingerprint Resistant Top Control with S...,809.99,sears.com,https://www.sears.com/appliances-dishwashers/b-1020017?adcell=hp_S1c_dishwashers,2025-01-05 20:09:35,appliances,Flash Sale!
Frigidaire FDSH4501AS  24'' Built-in Dishwasher with Third Level Rack - Stainless St...,549.0,sears.com,https://www.sears.com/appliances-dishwashers/b-1020017?adcell=hp_S1c_dishwashers,2025-01-05 20:09:35,appliances,
Samsung Smart Linear Wash 39dBA Dishwasher in Stainless Steel,1045.46,sears.com,https://www.sears.com/appliances-dishwashers/b-1020017?adcell=hp_S1c_dishwashers,2025-01-05 20:09:35,appliances,Flash Sale!
"GE Appliances GPT225SGLWW 24"" Portable Dishwasher",854.99,sears.com,https://www.sears.com/appliances-dishwashers/b-1020017?adcell=hp_S1c_dishwashers,2025-01-05 20:09:35,appliances,Flash Sale!
GE Appliances GDT630PYRFS 24 in. in Stainless Steel Top Control Built-In Tall Tub Di...,746.99,sears.com,https://www.sears.com/appliances-dishwashers/b-1020017?adcell=hp_S1c_dishwashers,2025-01-05 20:09:35,appliances,Flash Sale!
"Kenmore 22-14622 14622 24"" Built-in Dishwasher with UltraWash® Plus System and ...",629.99,sears.com,https://www.sears.com/appliances-dishwashers/b-1020017?adcell=hp_S1c_dishwashers,2025-01-05 20:09:35,appliances,Flash Sale!
"Kenmore 22-14595  14595 24"" Built-in Dishwasher with UltraWash® System and Smar...",584.99,sears.com,https://www.sears.com/appliances-dishwashers/b-1020017?adcell=hp_S1c_dishwashers,2025-01-05 20:09:35,appliances,Flash Sale!
"Kenmore 22-14582 14582 24"" Built-in Dishwasher with UltraWash® System and Smart...",449.99,sears.com,https://www.sears.com/appliances-dishwashers/b-1020017?adcell=hp_S1c_dishwashers,2025-01-05 20:09:35,appliances,Flash Sale!
"Kenmore 22-14589 14589 24"" Built-in Dishwasher with UltraWash® System and Smart...",449.99,sears.com,https://www.sears.com/appliances-dishwashers/b-1020017?adcell=hp_S1c_dishwashers,2025-01-05 20:09:35,appliances,Flash Sale!
GE Appliances GDT550PYRFS GE® Top Control with Plastic Interior Dishwasher with...,477.0,sears.com,https://www.sears.com/appliances-dishwashers/b-1020017?adcell=hp_S1c_dishwashers,2025-01-05 20:09:35,appliances,
"Kenmore 22-14629 14629 24"" Built-in Dishwasher with UltraWash® Plus System and ...",629.99,sears.com,https://www.sears.com/appliances-dishwashers/b-1020017?adcell=hp_S1c_dishwashers,2025-01-05 20:09:35,appliances,Flash Sale!
Frigidaire FDPC4221AW  24'' Built-In Dishwasher with 5-Level Wash System,329.0,sears.com,https://www.sears.com/appliances-dishwashers/b-1020017?adcell=hp_S1c_dishwashers,2025-01-05 20:09:35,appliances,
Samsung DW80R9950US/AA Linear Wash Dishwasher - Stainless Steel,866.0,sears.com,https://www.sears.com/appliances-dishwashers/b-1020017?adcell=hp_S1c_dishwashers,2025-01-05 20:09:35,appliances,
"Kenmore 22-14599  14599 24"" Built-in Dishwasher with UltraWash® System and Smar...",539.99,sears.com,https://www.sears.com/appliances-dishwashers/b-1020017?adcell=hp_S1c_dishwashers,2025-01-05 20:09:35,appliances,Flash Sale!
"Frigidaire FFCD2413US 24"" Built-In Dishwasher - Stainless Steel",359.0,sears.com,https://www.sears.com/appliances-dishwashers/b-1020017?adcell=hp_S1c_dishwashers,2025-01-05 20:09:35,appliances,
GE Appliances GDP670SMVES ENERGY STAR® Fingerprint Resistant Top Control with S...,899.99,sears.com,https://www.sears.com/appliances-dishwashers/b-1020017?adcell=hp_S1c_dishwashers,2025-01-05 20:09:35,appliances,Flash Sale!
GE Appliances GDP670SGVBB ENERGY STAR® Top Control with Stainless Steel Interio...,854.99,sears.com,https://www.sears.com/appliances-dishwashers/b-1020017?adcell=hp_S1c_dishwashers,2025-01-05 20:09:35,appliances,Flash Sale!
GE Appliances GDP670SGVWW ENERGY STAR® Top Control with Stainless Steel Interio...,854.99,sears.com,https://www.sears.com/appliances-dishwashers/b-1020017?adcell=hp_S1c_dishwashers,2025-01-05 20:09:35,appliances,Flash Sale!
GE Appliances GDT670SFVDS ENERGY STAR® Top Control with Stainless Steel Interio...,989.99,sears.com,https://www.sears.com/appliances-dishwashers/b-1020017?adcell=hp_S1c_dishwashers,2025-01-05 20:09:35,appliances,Flash Sale!
Samsung DW80CG4051SRAA Fingerprint Resistant 51 dBA Dishwasher with 3rd Rack in Stai...,554.0,sears.com,https://www.sears.com/appliances-dishwashers/b-1020017?adcell=hp_S1c_dishwashers,2025-01-05 20:09:35,appliances,
GE Appliances GDT635HSRSS 24 in. in Stainless Steel Top Control Smart Built-In Tall ...,809.99,sears.com,https://www.sears.com/appliances-dishwashers/b-1020017?adcell=hp_S1c_dishwashers,2025-01-05 20:09:35,appliances,Flash Sale!
GE Appliances GDF510PSRSS GE® Dishwasher with Front Controls - Stainless Steel,521.99,sears.com,https://www.sears.com/appliances-dishwashers/b-1020017?adcell=hp_S1c_dishwashers,2025-01-05 20:09:35,appliances,Flash Sale!
LG LDTH7972S  Smart Top Control Dishwasher w/ QuadWash® Pro & Dynamic Heat Dry&...,999.99,sears.com,https://www.sears.com/appliances-dishwashers/b-1020017?adcell=hp_S1c_dishwashers,2025-01-05 20:09:35,appliances,
"Samsung DW80N3030US/AA 24"" Built-In Dishwasher - Stainless Steel",719.99,sears.com,https://www.sears.com/appliances-dishwashers/b-1020017?adcell=hp_S1c_dishwashers,2025-01-05 20:09:35,appliances,Flash Sale!
GE Appliances GDF650SYVFS ENERGY STAR® Front Control with Stainless Steel Inter...,809.99,sears.com,https://www.sears.com/appliances-dishwashers/b-1020017?adcell=hp_S1c_dishwashers,2025-01-05 20:09:35,appliances,Flash Sale!
"Frigidaire FFCD2413UB 24"" Built-In Dishwasher ",359.0,sears.com,https://www.sears.com/appliances-dishwashers/b-1020017?adcell=hp_S1c_dishwashers,2025-01-05 20:09:35,appliances,
"LG LDFC2423V  Front Control Dishwasher, with Dynamic Dry™ - Stainless Steel Lo...",499.99,sears.com,https://www.sears.com/appliances-dishwashers/b-1020017?adcell=hp_S1c_dishwashers,2025-01-05 20:09:35,appliances,
Danby DDW621WDB Countertop Dishwasher with 6 Place Settings 6 Wash Cycles and...,417.84,sears.com,https://www.sears.com/appliances-dishwashers/b-1020017?adcell=hp_S1c_dishwashers,2025-01-05 20:09:35,appliances,Flash Sale!
"Frigidaire FFCD2413UW  24"" Built-In Dishwasher",359.0,sears.com,https://www.sears.com/appliances-dishwashers/b-1020017?adcell=hp_S1c_dishwashers,2025-01-05 20:09:35,appliances,
GE Appliances HDF310PGRBB HOTPOINT One Button Dishwasher with Plastic Interior - Bla...,296.99,sears.com,https://www.sears.com/appliances-dishwashers/b-1020017?adcell=hp_S1c_dishwashers,2025-01-05 20:09:35,appliances,Flash Sale!
"GE Appliances GPT225SSLSS 24"" Portable Dishwasher - Stainless Steel",665.0,sears.com,https://www.sears.com/appliances-dishwashers/b-1020017?adcell=hp_S1c_dishwashers,2025-01-05 20:09:35,appliances,
First Choice Parts 4Pack W10195417 Dishwasher Wheels Lower Rack for Kenmore Whirlpoo...,13.48,sears.com,https://www.sears.com/appliances-dishwashers/b-1020017?adcell=hp_S1c_dishwashers,2025-01-05 20:09:35,appliances,Flash Sale!
"Kenmore 22-14592  14592 24"" Built-in Dishwasher with UltraWash® System and Smar...",539.99,sears.com,https://www.sears.com/appliances-dishwashers/b-1020017?adcell=hp_S1c_dishwashers,2025-01-05 20:09:35,appliances,Flash Sale!
"GE Profile Series PDT145SSLSS 18"" Built-In Dishwasher - Stainless Steel",944.99,sears.com,https://www.sears.com/appliances-dishwashers/b-1020017?adcell=hp_S1c_dishwashers,2025-01-05 20:09:35,appliances,Flash Sale!
Yours Dishwasherware Replacement Basket  UtensilCutlery Basket  Fit For Bosch...,19.27,sears.com,https://www.sears.com/appliances-dishwashers/b-1020017?adcell=hp_S1c_dishwashers,2025-01-05 20:09:35,appliances,Flash Sale!
LG LDFC2423W  Front Control Dishwasher,499.99,sears.com,https://www.sears.com/appliances-dishwashers/b-1020017?adcell=hp_S1c_dishwashers,2025-01-05 20:09:35,appliances,
Kelaro Universal Dishwasher Drain Hose - 6 Foot - corrugated and Flexible Hose for I...,16.68,sears.com,https://www.sears.com/appliances-dishwashers/b-1020017?adcell=hp_S1c_dishwashers,2025-01-05 20:09:35,appliances,Flash Sale!
Kelaro Universal Dishwasher Drain Hose  6 Foot  Corrugated and Flexible Hose for Ins...,16.68,sears.com,https://www.sears.com/appliances-dishwashers/b-1020017?adcell=hp_S1c_dishwashers,2025-01-05 20:09:35,appliances,Flash Sale!
"GE Appliances GDT225SGLWW 24"" Built-In Dishwasher",809.99,sears.com,https://www.sears.com/appliances-dishwashers/b-1020017?adcell=hp_S1c_dishwashers,2025-01-05 20:09:35,appliances,Flash Sale!
LG LDFN3432T  Front Control Dishwasher with QuadWash™ - Stainless Steel,549.99,sears.com,https://www.sears.com/appliances-dishwashers/b-1020017?adcell=hp_S1c_dishwashers,2025-01-05 20:09:35,appliances,
Frigidaire FDPH4316AS  24 in. Built-in Dishwasher with MaxDry™ - Stainless Ste...,475.93,sears.com,https://www.sears.com/appliances-dishwashers/b-1020017?adcell=hp_S1c_dishwashers,2025-01-05 20:09:35,appliances,
LG LDFN4542W  Front Control Dishwasher with QuadWash™ - PrintProof™ White,599.99,sears.com,https://www.sears.com/appliances-dishwashers/b-1020017?adcell=hp_S1c_dishwashers,2025-01-05 20:09:35,appliances,
Frigidaire FDPC4221AS  24'' Built-In Dishwasher with 5-Level Wash System - Stainless...,329.0,sears.com,https://www.sears.com/appliances-dishwashers/b-1020017?adcell=hp_S1c_dishwashers,2025-01-05 20:09:35,appliances,
GE Appliances GDT550PMRES GE® Top Control with Plastic Interior Dishwasher with...,656.99,sears.com,https://www.sears.com/appliances-dishwashers/b-1020017?adcell=hp_S1c_dishwashers,2025-01-05 20:09:35,appliances,Flash Sale!
LG LDFN4542D  Front Control Dishwasher with QuadWash™ - PrintProof™ Blac...,699.99,sears.com,https://www.sears.com/appliances-dishwashers/b-1020017?adcell=hp_S1c_dishwashers,2025-01-05 20:09:35,appliances,
"Frigidaire Gallery FGID2479SF 24"" Built-In Dishwasher with EvenDry System - Stainles...",835.13,sears.com,https://www.sears.com/appliances-dishwashers/b-1020017?adcell=hp_S1c_dishwashers,2025-01-05 20:09:35,appliances,
GE Appliances FUF21SMRWW 21.3 cu. ft. Upright Freezer,989.99,sears.com,https://www.sears.com/appliances-freezers-ice-makers/b-1020019?subCatView=true&adcell=hp_S1c_freezers,2025-01-05 20:09:35,appliances,Flash Sale!
GE Appliances FUF14SMRWW 14.1 cu. ft. Upright Freezer,764.99,sears.com,https://www.sears.com/appliances-freezers-ice-makers/b-1020019?subCatView=true&adcell=hp_S1c_freezers,2025-01-05 20:09:35,appliances,Flash Sale!
GE Appliances FUF21DLRWW 21.3cu.ft. Frost-Free Upright Freezer,1034.99,sears.com,https://www.sears.com/appliances-freezers-ice-makers/b-1020019?subCatView=true&adcell=hp_S1c_freezers,2025-01-05 20:09:35,appliances,Flash Sale!
Frigidaire FFCL1542AW  14.8 cu. ft. Chest Freezer,599.0,sears.com,https://www.sears.com/appliances-freezers-ice-makers/b-1020019?subCatView=true&adcell=hp_S1c_freezers,2025-01-05 20:09:35,appliances,
Frigidaire FFUM0623AW  6 cu. ft. Upright Freezer,299.0,sears.com,https://www.sears.com/appliances-freezers-ice-makers/b-1020019?subCatView=true&adcell=hp_S1c_freezers,2025-01-05 20:09:35,appliances,
Frigidaire FFFU16F2VW  15.5 cu. ft. Frost Free Upright Freezer with EvenTemp™ ...,753.99,sears.com,https://www.sears.com/appliances-freezers-ice-makers/b-1020019?subCatView=true&adcell=hp_S1c_freezers,2025-01-05 20:09:35,appliances,Flash Sale!
Frigidaire EFRF7003 7 CF Chest Freezer,260.41,sears.com,https://www.sears.com/appliances-freezers-ice-makers/b-1020019?subCatView=true&adcell=hp_S1c_freezers,2025-01-05 20:09:35,appliances,
GE Appliances FCM22DLWW 21.7 cu. ft. Manual Defrost Chest Freezer,1061.99,sears.com,https://www.sears.com/appliances-freezers-ice-makers/b-1020019?subCatView=true&adcell=hp_S1c_freezers,2025-01-05 20:09:35,appliances,Flash Sale!
GE Appliances FUF17DLRWW 17.3cu.ft. Frost-Free Upright Freezer,899.99,sears.com,https://www.sears.com/appliances-freezers-ice-makers/b-1020019?subCatView=true&adcell=hp_S1c_freezers,2025-01-05 20:09:35,appliances,Flash Sale!
Frigidaire EFRF5003 5 CF Chest Freezer,215.51,sears.com,https://www.sears.com/appliances-freezers-ice-makers/b-1020019?subCatView=true&adcell=hp_S1c_freezers,2025-01-05 20:09:35,appliances,
GE Appliances FCM7STWW GE 7.0 Cu. Ft. Manual Defrost Chest Freezer,341.1,sears.com,https://www.sears.com/appliances-freezers-ice-makers/b-1020019?subCatView=true&adcell=hp_S1c_freezers,2025-01-05 20:09:35,appliances,Flash Sale!
"joy pebble nugget stainless steel ice maker, countertop chewable nugget ice machine,...",251.59,sears.com,https://www.sears.com/appliances-freezers-ice-makers/b-1020019?subCatView=true&adcell=hp_S1c_freezers,2025-01-05 20:09:35,appliances,
GE Appliances FUF14DLRWW 14.1cu.ft. Frost-Free Upright Freezer,809.99,sears.com,https://www.sears.com/appliances-freezers-ice-makers/b-1020019?subCatView=true&adcell=hp_S1c_freezers,2025-01-05 20:09:35,appliances,Flash Sale!
"Commercial Cool 2.8 Cu. Ft. Upright Freezer,Black",199.99,sears.com,https://www.sears.com/appliances-freezers-ice-makers/b-1020019?subCatView=true&adcell=hp_S1c_freezers,2025-01-05 20:09:35,appliances,
Avanti CF350F0W 3.5 Cu. Ft. White Chest Freezer,179.99,sears.com,https://www.sears.com/appliances-freezers-ice-makers/b-1020019?subCatView=true&adcell=hp_S1c_freezers,2025-01-05 20:09:35,appliances,
GE Appliances FUF17SMRWW 17.3 cu. ft. Upright Freezer,854.99,sears.com,https://www.sears.com/appliances-freezers-ice-makers/b-1020019?subCatView=true&adcell=hp_S1c_freezers,2025-01-05 20:09:35,appliances,Flash Sale!
Frigidaire FFCL2542AW  24.8 cu. ft. Chest Freezer,949.0,sears.com,https://www.sears.com/appliances-freezers-ice-makers/b-1020019?subCatView=true&adcell=hp_S1c_freezers,2025-01-05 20:09:35,appliances,
Frigidaire FFUE2024AW  20 cu. ft. Upright Freezer,899.0,sears.com,https://www.sears.com/appliances-freezers-ice-makers/b-1020019?subCatView=true&adcell=hp_S1c_freezers,2025-01-05 20:09:35,appliances,
Frigidaire FFCL2042AW  19.8 cu. ft. Chest Freezer,849.0,sears.com,https://www.sears.com/appliances-freezers-ice-makers/b-1020019?subCatView=true&adcell=hp_S1c_freezers,2025-01-05 20:09:35,appliances,
Frigidaire EFRF9003 9 CF Chest Freezer,350.21,sears.com,https://www.sears.com/appliances-freezers-ice-makers/b-1020019?subCatView=true&adcell=hp_S1c_freezers,2025-01-05 20:09:35,appliances,
GE Appliances FCM16DLWW 15.7 cu. ft. Manual Defrost Chest Freezer,881.99,sears.com,https://www.sears.com/appliances-freezers-ice-makers/b-1020019?subCatView=true&adcell=hp_S1c_freezers,2025-01-05 20:09:35,appliances,Flash Sale!
GE Appliances FCM16SLWW 15.7 cu. ft. Chest Freezer with Manual Defrost,791.99,sears.com,https://www.sears.com/appliances-freezers-ice-makers/b-1020019?subCatView=true&adcell=hp_S1c_freezers,2025-01-05 20:09:35,appliances,Flash Sale!
GE Appliances FCM11SRWW GE 10.7 Cu. Ft. Manual Defrost Chest Freezer,701.1,sears.com,https://www.sears.com/appliances-freezers-ice-makers/b-1020019?subCatView=true&adcell=hp_S1c_freezers,2025-01-05 20:09:35,appliances,Flash Sale!
GE Appliances FCM9SRWW GE 8.8 Cu. Ft. Manual Defrost Chest Freezer,521.1,sears.com,https://www.sears.com/appliances-freezers-ice-makers/b-1020019?subCatView=true&adcell=hp_S1c_freezers,2025-01-05 20:09:35,appliances,Flash Sale!
GE Appliances FCM5STWW GE 5.1 Cu. Ft. Manual Defrost Chest Freezer,305.1,sears.com,https://www.sears.com/appliances-freezers-ice-makers/b-1020019?subCatView=true&adcell=hp_S1c_freezers,2025-01-05 20:09:35,appliances,Flash Sale!
Cooler Depot 81 in. W 72 cu. ft. Auto Defrost 3-Door Commercial Upright Reach-In Fre...,4385.0,sears.com,https://www.sears.com/appliances-freezers-ice-makers/b-1020019?subCatView=true&adcell=hp_S1c_freezers,2025-01-05 20:09:35,appliances,
Cooler Depot 500 lbs. Cube Ice Commercial Ice Maker in Stainless Steel,3660.0,sears.com,https://www.sears.com/appliances-freezers-ice-makers/b-1020019?subCatView=true&adcell=hp_S1c_freezers,2025-01-05 20:09:35,appliances,
Avallon AIMg151gSSILH 15 Inch Wide 26 Lbs Built-InFree Standing Ice Maker with 56 Lb...,3174.43,sears.com,https://www.sears.com/appliances-freezers-ice-makers/b-1020019?subCatView=true&adcell=hp_S1c_freezers,2025-01-05 20:09:35,appliances,Flash Sale!
"Summit Appliance Summit 15"" wide 62 lb. built-in undercounter commercially listed in...",3150.01,sears.com,https://www.sears.com/appliances-freezers-ice-makers/b-1020019?subCatView=true&adcell=hp_S1c_freezers,2025-01-05 20:09:35,appliances,
FRIGIDAIRE FPFU19F8WF Frigidaire Professional 19 Cu. Ft. Single-Door Freezer,2999.0,sears.com,https://www.sears.com/appliances-freezers-ice-makers/b-1020019?subCatView=true&adcell=hp_S1c_freezers,2025-01-05 20:09:35,appliances,
thinkstar De500Imouss Outdoor Built-In Ice Maker In Stainless Steel | Large Clear Ic...,2997.26,sears.com,https://www.sears.com/appliances-freezers-ice-makers/b-1020019?subCatView=true&adcell=hp_S1c_freezers,2025-01-05 20:09:35,appliances,Flash Sale!
"thinkstar Mim250 Commercial Ice Maker Machine Programmable, Stainless Steel Self-Con...",2887.46,sears.com,https://www.sears.com/appliances-freezers-ice-makers/b-1020019?subCatView=true&adcell=hp_S1c_freezers,2025-01-05 20:09:35,appliances,Flash Sale!
Summit Appliances Summit Appliance 62 lb. Clear Outdoor/Indoor Icemaker,2847.51,sears.com,https://www.sears.com/appliances-freezers-ice-makers/b-1020019?subCatView=true&adcell=hp_S1c_freezers,2025-01-05 20:09:35,appliances,
"SUMMIT VLT204 19.8 CU.FT. Chest Freezer, -35 c",2803.17,sears.com,https://www.sears.com/appliances-freezers-ice-makers/b-1020019?subCatView=true&adcell=hp_S1c_freezers,2025-01-05 20:09:35,appliances,
Great Choice Products Industrial Modular Full Dice Ice Cube Machine W/ 198 Lbs Stora...,2800.48,sears.com,https://www.sears.com/appliances-freezers-ice-makers/b-1020019?subCatView=true&adcell=hp_S1c_freezers,2025-01-05 20:09:35,appliances,Flash Sale!
Summit 15 wide ADA compliant builtin undercounter panelready NSFlisted clear icemake...,2800.3,sears.com,https://www.sears.com/appliances-freezers-ice-makers/b-1020019?subCatView=true&adcell=hp_S1c_freezers,2025-01-05 20:09:35,appliances,Flash Sale!
Cooler Depot 54 in. W 47 cu. ft. Frost-free Two Door Commercial Reach In Upright Fre...,2778.0,sears.com,https://www.sears.com/appliances-freezers-ice-makers/b-1020019?subCatView=true&adcell=hp_S1c_freezers,2025-01-05 20:09:35,appliances,
"thinkstar Commercial Slushy Machine 15L X 3, 11.88 Gallon Margarita Machine, 600W Fr...",2749.76,sears.com,https://www.sears.com/appliances-freezers-ice-makers/b-1020019?subCatView=true&adcell=hp_S1c_freezers,2025-01-05 20:09:35,appliances,Flash Sale!
"Summit Appliance Bim44Gcssif Built-In Clear Icemaker, 50 Lb Production Capacity, Bui...",2746.3,sears.com,https://www.sears.com/appliances-freezers-ice-makers/b-1020019?subCatView=true&adcell=hp_S1c_freezers,2025-01-05 20:09:35,appliances,Flash Sale!
Summit Appliance Summit Commercial Built-in kegerator for use under ADA compliant co...,2744.59,sears.com,https://www.sears.com/appliances-freezers-ice-makers/b-1020019?subCatView=true&adcell=hp_S1c_freezers,2025-01-05 20:09:35,appliances,
Great Choice Prodcuts Freestanding Ice Machine 353LBS/24H Ice Machine w/ 198 LBS Sto...,2737.61,sears.com,https://www.sears.com/appliances-freezers-ice-makers/b-1020019?subCatView=true&adcell=hp_S1c_freezers,2025-01-05 20:09:35,appliances,Flash Sale!
"Cooler Depot NEW 72"" Commercial Undercounter Freezer 3 Door TUC72F Restaurant Bar NSF",2722.0,sears.com,https://www.sears.com/appliances-freezers-ice-makers/b-1020019?subCatView=true&adcell=hp_S1c_freezers,2025-01-05 20:09:35,appliances,
Summit Appliances Summit Appliance 62 lb Clear OutdoorIndoor Icemaker,2671.73,sears.com,https://www.sears.com/appliances-freezers-ice-makers/b-1020019?subCatView=true&adcell=hp_S1c_freezers,2025-01-05 20:09:35,appliances,Flash Sale!
SIA SWM6100W Freestanding 6KG Washing Machine - E energy,209.0,applianceworldonline.com,https://applianceworldonline.com/collections/washing-machines?filter.p.m.custom.delivery_speed=Fastest+delivery&filter.v.price.gte=&filter.v.price.lte=,2025-01-05 20:09:35,washing-machines,
AEG LC53502 Compact Freestanding 3KG Washing Machine - 1300 RPM - D energy,479.0,applianceworldonline.com,https://applianceworldonline.com/collections/washing-machines?filter.p.m.custom.delivery_speed=Fastest+delivery&filter.v.price.gte=&filter.v.price.lte=,2025-01-05 20:09:35,washing-machines,
Hisense WFQA9014EVJM 9KG Washing Machine - 1400 RPM - A energy,299.0,applianceworldonline.com,https://applianceworldonline.com/collections/washing-machines?filter.p.m.custom.delivery_speed=Fastest+delivery&filter.v.price.gte=&filter.v.price.lte=,2025-01-05 20:09:35,washing-machines,£10 off at cart
Midea MF100W70 Freestanding 7KG Washing Machine - 1200 RPM - D energy,249.0,applianceworldonline.com,https://applianceworldonline.com/collections/washing-machines?filter.p.m.custom.delivery_speed=Fastest+delivery&filter.v.price.gte=&filter.v.price.lte=,2025-01-05 20:09:35,washing-machines,
Hotpoint NSWF 7469 W UK Freestanding Washing Machine - A energy,289.0,applianceworldonline.com,https://applianceworldonline.com/collections/washing-machines?filter.p.m.custom.delivery_speed=Fastest+delivery&filter.v.price.gte=&filter.v.price.lte=,2025-01-05 20:09:35,washing-machines,January Deal!
Hisense WFQP9014EVM 9KG Washing Machine - 1400 RPM - C energy,279.0,applianceworldonline.com,https://applianceworldonline.com/collections/washing-machines?filter.p.m.custom.delivery_speed=Fastest+delivery&filter.v.price.gte=&filter.v.price.lte=,2025-01-05 20:09:35,washing-machines,
Hotpoint BI WMHG 91485 UK - Integrated 9KG Washing Machine - 1400 RPM - B energy,399.0,applianceworldonline.com,https://applianceworldonline.com/collections/washing-machines?filter.p.m.custom.delivery_speed=Fastest+delivery&filter.v.price.gte=&filter.v.price.lte=,2025-01-05 20:09:35,washing-machines,January Deal!
Bosch WAN28259GB Freestanding 9KG Washing Machine - 1400 RPM - A energy,499.0,applianceworldonline.com,https://applianceworldonline.com/collections/washing-machines?filter.p.m.custom.delivery_speed=Fastest+delivery&filter.v.price.gte=&filter.v.price.lte=,2025-01-05 20:09:35,washing-machines,Bosch: Free 5 Year Warranty!
Candy CS1492DW4 Freestanding 9KG Washing Machine - 1400 RPM - B energy,279.0,applianceworldonline.com,https://applianceworldonline.com/collections/washing-machines?filter.p.m.custom.delivery_speed=Fastest+delivery&filter.v.price.gte=&filter.v.price.lte=,2025-01-05 20:09:35,washing-machines,January Deal!
Teknix TKW8142HW Freestanding 8KG Washing Machine - 1400 RPM - A energy,279.0,applianceworldonline.com,https://applianceworldonline.com/collections/washing-machines?filter.p.m.custom.delivery_speed=Fastest+delivery&filter.v.price.gte=&filter.v.price.lte=,2025-01-05 20:09:35,washing-machines,
Bosch WGG24400GB Freestanding 9KG Washing Machine - 1400 RPM - A energy,599.0,applianceworldonline.com,https://applianceworldonline.com/collections/washing-machines?filter.p.m.custom.delivery_speed=Fastest+delivery&filter.v.price.gte=&filter.v.price.lte=,2025-01-05 20:09:35,washing-machines,Bosch: Free 5 Year Warranty!
Midea MF10EW90BA Freestanding 9KG Washing Machine - 1400 RPM - A energy,279.0,applianceworldonline.com,https://applianceworldonline.com/collections/washing-machines?filter.p.m.custom.delivery_speed=Fastest+delivery&filter.v.price.gte=&filter.v.price.lte=,2025-01-05 20:09:35,washing-machines,January Deal!
Indesit BWE 91496X W UK N 9KG Washing Machine - 1400 RPM - A energy,292.0,applianceworldonline.com,https://applianceworldonline.com/collections/washing-machines?filter.p.m.custom.delivery_speed=Fastest+delivery&filter.v.price.gte=&filter.v.price.lte=,2025-01-05 20:09:35,washing-machines,
White Knight BIWM148 Integrated 8KG Washing Machine - 1400 RPM - D energy,298.0,applianceworldonline.com,https://applianceworldonline.com/collections/washing-machines?filter.p.m.custom.delivery_speed=Fastest+delivery&filter.v.price.gte=&filter.v.price.lte=,2025-01-05 20:09:35,washing-machines,
Hotpoint NSWF 946 GG UK - Graphite Freestanding 9KG Washing Machine - 1400 RPM - A energy,329.0,applianceworldonline.com,https://applianceworldonline.com/collections/washing-machines?filter.p.m.custom.delivery_speed=Fastest+delivery&filter.v.price.gte=&filter.v.price.lte=,2025-01-05 20:09:35,washing-machines,
Hotpoint NM11 948 WC A UK Freestanding 9KG Washing Machine - 1400 RPM - A energy,368.0,applianceworldonline.com,https://applianceworldonline.com/collections/washing-machines?filter.p.m.custom.delivery_speed=Fastest+delivery&filter.v.price.gte=&filter.v.price.lte=,2025-01-05 20:09:35,washing-machines,
Zanussi ZWF842C3PW Freestanding 8KG Washing Machine - 1400 RPM - C energy,345.0,applianceworldonline.com,https://applianceworldonline.com/collections/washing-machines?filter.p.m.custom.delivery_speed=Fastest+delivery&filter.v.price.gte=&filter.v.price.lte=,2025-01-05 20:09:35,washing-machines,
Haier HW120-B14979U1 Freestanding 12KG Washing Machine - 1400 RPM - A energy,519.0,applianceworldonline.com,https://applianceworldonline.com/collections/washing-machines?filter.p.m.custom.delivery_speed=Fastest+delivery&filter.v.price.gte=&filter.v.price.lte=,2025-01-05 20:09:35,washing-machines,£20 off at cart
Bosch WAN282X2GB Freestanding 8KG Washing Machine - 1400 RPM - C energy,448.0,applianceworldonline.com,https://applianceworldonline.com/collections/washing-machines?filter.p.m.custom.delivery_speed=Fastest+delivery&filter.v.price.gte=&filter.v.price.lte=,2025-01-05 20:09:35,washing-machines,Bosch: Free 5 Year Warranty!
Hisense WFGE901649VM Freestanding 9KG Washing Machine - 1600 RPM - A energy,349.0,applianceworldonline.com,https://applianceworldonline.com/collections/washing-machines?filter.p.m.custom.delivery_speed=Fastest+delivery&filter.v.price.gte=&filter.v.price.lte=,2025-01-05 20:09:35,washing-machines,
AEG LFR61844B - 6000 Series White Freestanding 8KG Washing Machine - 1400 RPM - A energy,349.0,applianceworldonline.com,https://applianceworldonline.com/collections/washing-machines?filter.p.m.custom.delivery_speed=Fastest+delivery&filter.v.price.gte=&filter.v.price.lte=,2025-01-05 20:09:35,washing-machines,January Deal!
Hotpoint NSWM 1046 GG UK - Graphite Freestanding 10KG Washing Machine - 1400 RPM - A energy,359.0,applianceworldonline.com,https://applianceworldonline.com/collections/washing-machines?filter.p.m.custom.delivery_speed=Fastest+delivery&filter.v.price.gte=&filter.v.price.lte=,2025-01-05 20:09:35,washing-machines,
Bosch WIW28302GB Integrated 8KG Washing Machine - 1400 RPM - C energy,749.0,applianceworldonline.com,https://applianceworldonline.com/collections/washing-machines?filter.p.m.custom.delivery_speed=Fastest+delivery&filter.v.price.gte=&filter.v.price.lte=,2025-01-05 20:09:35,washing-machines,Bosch: Free 5 Year Warranty!
Samsung WW90CGC04DABEUFreestanding Washing Machine - 1400 RPM - A energy,399.0,applianceworldonline.com,https://applianceworldonline.com/collections/washing-machines?filter.p.m.custom.delivery_speed=Fastest+delivery&filter.v.price.gte=&filter.v.price.lte=,2025-01-05 20:09:35,washing-machines,
Cata CUL57PGSS - Stainless steel Built in Electric Single Oven - A energy slim depth 13amp plug fitted,199.0,applianceworldonline.com,https://applianceworldonline.com/collections/ovens?filter.p.m.custom.delivery_speed=Fastest+delivery&filter.v.price.gte=&filter.v.price.lte=,2025-01-05 20:09:35,washing-machines,
Hotpoint SI4 854 P IX - Stainless steel Built in Electric Single Oven - Pyrolytic cleaning - A+ energy,329.0,applianceworldonline.com,https://applianceworldonline.com/collections/ovens?filter.p.m.custom.delivery_speed=Fastest+delivery&filter.v.price.gte=&filter.v.price.lte=,2025-01-05 20:09:35,washing-machines,
Hotpoint DD2 540 IX - Stainless steel Built in Electric Double Oven - A/A energy,349.0,applianceworldonline.com,https://applianceworldonline.com/collections/ovens?filter.p.m.custom.delivery_speed=Fastest+delivery&filter.v.price.gte=&filter.v.price.lte=,2025-01-05 20:09:35,washing-machines,
Bosch HHF113BR0B - Stainless steel Built in Electric Single Oven - A energy,249.0,applianceworldonline.com,https://applianceworldonline.com/collections/ovens?filter.p.m.custom.delivery_speed=Fastest+delivery&filter.v.price.gte=&filter.v.price.lte=,2025-01-05 20:09:35,washing-machines,January Deal!
Cata UBEF73B.1Built in Electric Single Oven,199.99,applianceworldonline.com,https://applianceworldonline.com/collections/ovens?filter.p.m.custom.delivery_speed=Fastest+delivery&filter.v.price.gte=&filter.v.price.lte=,2025-01-05 20:09:35,washing-machines,
Cata UBGMMT60SS 60 Litre 3 Function Gas Oven – Stainless Steel - A Rated,309.99,applianceworldonline.com,https://applianceworldonline.com/collections/ovens?filter.p.m.custom.delivery_speed=Fastest+delivery&filter.v.price.gte=&filter.v.price.lte=,2025-01-05 20:09:35,washing-machines,
Bosch HHF113BA0BBuilt in Electric Single Oven - A energy,249.0,applianceworldonline.com,https://applianceworldonline.com/collections/ovens?filter.p.m.custom.delivery_speed=Fastest+delivery&filter.v.price.gte=&filter.v.price.lte=,2025-01-05 20:09:35,washing-machines,January Deal!
AEG BCX23101EM - Stainless steel Built in Electric Single Oven - Catalytic cleaning - A energy,259.0,applianceworldonline.com,https://applianceworldonline.com/collections/ovens?filter.p.m.custom.delivery_speed=Fastest+delivery&filter.v.price.gte=&filter.v.price.lte=,2025-01-05 20:09:35,washing-machines,
AEG DCE731110M - Stainless steel Built In Electric Double Oven - Catalytic cleaning - A energy,749.0,applianceworldonline.com,https://applianceworldonline.com/collections/ovens?filter.p.m.custom.delivery_speed=Fastest+delivery&filter.v.price.gte=&filter.v.price.lte=,2025-01-05 20:09:35,washing-machines,January Deal!
AEG BEX33501EBBuilt in Electric Single Oven - Steam Assisted cleaning - A energy,359.0,applianceworldonline.com,https://applianceworldonline.com/collections/ovens?filter.p.m.custom.delivery_speed=Fastest+delivery&filter.v.price.gte=&filter.v.price.lte=,2025-01-05 20:09:35,washing-machines,
sia FSO59BLBuilt in Electric Single Oven,165.0,applianceworldonline.com,https://applianceworldonline.com/collections/ovens?filter.p.m.custom.delivery_speed=Fastest+delivery&filter.v.price.gte=&filter.v.price.lte=,2025-01-05 20:09:35,washing-machines,
Hotpoint SI6 871 SP BLBuilt in Electric Single Oven - Pyrolytic cleaning - A+ energy,359.0,applianceworldonline.com,https://applianceworldonline.com/collections/ovens?filter.p.m.custom.delivery_speed=Fastest+delivery&filter.v.price.gte=&filter.v.price.lte=,2025-01-05 20:09:35,washing-machines,
Teknix BITK602ESX - slim depth Stainless steel Built in Electric Single Oven - Manual cleaning - A energy,198.0,applianceworldonline.com,https://applianceworldonline.com/collections/ovens?filter.p.m.custom.delivery_speed=Fastest+delivery&filter.v.price.gte=&filter.v.price.lte=,2025-01-05 20:09:35,washing-machines,
Belling BI703MFC BLK 444441630Built under Electric Double Oven - Catalytic cleaning - A/A energy,469.0,applianceworldonline.com,https://applianceworldonline.com/collections/ovens?filter.p.m.custom.delivery_speed=Fastest+delivery&filter.v.price.gte=&filter.v.price.lte=,2025-01-05 20:09:35,washing-machines,
"AEG 8000 Series Combi Microwave and Oven, KMX365060B, 43L, Fast Heat-Up, Convection & Microwave, Grill, LED Display, Defrost, Pizza Setting, Child Lock [Energy Class A]",539.0,applianceworldonline.com,https://applianceworldonline.com/collections/ovens?filter.p.m.custom.delivery_speed=Fastest+delivery&filter.v.price.gte=&filter.v.price.lte=,2025-01-05 20:09:35,washing-machines,
Neff B54CR71G0B - Slide and hide® N70 Series Graphite Built in Electric Single Oven - A+ energy,949.0,applianceworldonline.com,https://applianceworldonline.com/collections/ovens?filter.p.m.custom.delivery_speed=Fastest+delivery&filter.v.price.gte=&filter.v.price.lte=,2025-01-05 20:09:35,washing-machines,
AEG DCE531160BBuilt in Electric Double Oven - A energy,729.0,applianceworldonline.com,https://applianceworldonline.com/collections/ovens?filter.p.m.custom.delivery_speed=Fastest+delivery&filter.v.price.gte=&filter.v.price.lte=,2025-01-05 20:09:35,washing-machines,£100 off at cart
Neff U1ACE2HN0B - Stainless steel Built in Electric Double Oven - A/B energy,799.0,applianceworldonline.com,https://applianceworldonline.com/collections/ovens?filter.p.m.custom.delivery_speed=Fastest+delivery&filter.v.price.gte=&filter.v.price.lte=,2025-01-05 20:09:35,washing-machines,
Neff B3ACE4HN0B - Slide and hide ® N50 Series Stainless steel Built in Electric Single Oven - Catalytic cleaning - A energy,699.0,applianceworldonline.com,https://applianceworldonline.com/collections/ovens?filter.p.m.custom.delivery_speed=Fastest+delivery&filter.v.price.gte=&filter.v.price.lte=,2025-01-05 20:09:35,washing-machines,January Deal!
Hotpoint SA2 840 PIX - Stainless steel Built in Electric Single Oven - Pyrolytic cleaning - A+ energy,259.0,applianceworldonline.com,https://applianceworldonline.com/collections/ovens?filter.p.m.custom.delivery_speed=Fastest+delivery&filter.v.price.gte=&filter.v.price.lte=,2025-01-05 20:09:35,washing-machines,
AEG DCB535060M - Stainless steel Built in Electric Double Oven - Catalytic cleaning - A energy,539.0,applianceworldonline.com,https://applianceworldonline.com/collections/ovens?filter.p.m.custom.delivery_speed=Fastest+delivery&filter.v.price.gte=&filter.v.price.lte=,2025-01-05 20:09:35,washing-machines,
AEG BPS355061M - Stainless steel Built in Electric Single Oven - A+ energy,459.0,applianceworldonline.com,https://applianceworldonline.com/collections/ovens?filter.p.m.custom.delivery_speed=Fastest+delivery&filter.v.price.gte=&filter.v.price.lte=,2025-01-05 20:09:35,washing-machines,
Statesman BDM373BLBuilt in Electric Double Oven - B energy,369.0,applianceworldonline.com,https://applianceworldonline.com/collections/ovens?filter.p.m.custom.delivery_speed=Fastest+delivery&filter.v.price.gte=&filter.v.price.lte=,2025-01-05 20:09:35,washing-machines,
BOSCH Series 6 Perfect Dry SMV6ZCX10G Full-size Fully Integrated WiFi-enabled Dishwasher,749.0,applianceworldonline.com,https://applianceworldonline.com/collections/60cm-dishwashers?filter.p.m.custom.delivery_speed=Fastest+delivery&filter.v.price.gte=&filter.v.price.lte=,2025-01-05 20:09:35,washing-machines,Bosch: Free 5 Year Warranty!
Smeg DI262D - Integrated Dishwasher - D energy,329.0,applianceworldonline.com,https://applianceworldonline.com/collections/60cm-dishwashers?filter.p.m.custom.delivery_speed=Fastest+delivery&filter.v.price.gte=&filter.v.price.lte=,2025-01-05 20:09:35,washing-machines,
Smeg DI362DQ - Integrated Dishwasher - D energy,399.0,applianceworldonline.com,https://applianceworldonline.com/collections/60cm-dishwashers?filter.p.m.custom.delivery_speed=Fastest+delivery&filter.v.price.gte=&filter.v.price.lte=,2025-01-05 20:09:35,washing-machines,
sia SBID60 - Integrated Dishwasher - E energy,259.0,applianceworldonline.com,https://applianceworldonline.com/collections/60cm-dishwashers?filter.p.m.custom.delivery_speed=Fastest+delivery&filter.v.price.gte=&filter.v.price.lte=,2025-01-05 20:09:35,washing-machines,
Indesit D2I HL326 UK Integrated Dishwasher - E energy,279.0,applianceworldonline.com,https://applianceworldonline.com/collections/60cm-dishwashers?filter.p.m.custom.delivery_speed=Fastest+delivery&filter.v.price.gte=&filter.v.price.lte=,2025-01-05 20:09:35,washing-machines,
Hotpoint H2I HD526 UK Integrated Dishwasher - E energy,279.0,applianceworldonline.com,https://applianceworldonline.com/collections/60cm-dishwashers?filter.p.m.custom.delivery_speed=Fastest+delivery&filter.v.price.gte=&filter.v.price.lte=,2025-01-05 20:09:35,washing-machines,January Deal!
Teknix TFD616S - Stainless steel Freestanding Dishwasher - E energy,319.0,applianceworldonline.com,https://applianceworldonline.com/collections/60cm-dishwashers?filter.p.m.custom.delivery_speed=Fastest+delivery&filter.v.price.gte=&filter.v.price.lte=,2025-01-05 20:09:35,washing-machines,
Hotpoint H2F HL626 UK Freestanding Dishwasher - E energy,295.0,applianceworldonline.com,https://applianceworldonline.com/collections/60cm-dishwashers?filter.p.m.custom.delivery_speed=Fastest+delivery&filter.v.price.gte=&filter.v.price.lte=,2025-01-05 20:09:35,washing-machines,
sia SFSD60W Freestanding Dishwasher - E energy,239.0,applianceworldonline.com,https://applianceworldonline.com/collections/60cm-dishwashers?filter.p.m.custom.delivery_speed=Fastest+delivery&filter.v.price.gte=&filter.v.price.lte=,2025-01-05 20:09:35,washing-machines,
Bosch SMS2ITW08G Freestanding Dishwasher - E energy,399.0,applianceworldonline.com,https://applianceworldonline.com/collections/60cm-dishwashers?filter.p.m.custom.delivery_speed=Fastest+delivery&filter.v.price.gte=&filter.v.price.lte=,2025-01-05 20:09:35,washing-machines,Bosch: Free 5 Year Warranty!
Bosch SMV2HTX02G - 13 place Integrated Dishwasher - D energy,449.0,applianceworldonline.com,https://applianceworldonline.com/collections/60cm-dishwashers?filter.p.m.custom.delivery_speed=Fastest+delivery&filter.v.price.gte=&filter.v.price.lte=,2025-01-05 20:09:35,washing-machines,Bosch: Free 5 Year Warranty!
Bosch SMV4HVX00G - Stainless steel Integrated Dishwasher - D energy,499.0,applianceworldonline.com,https://applianceworldonline.com/collections/60cm-dishwashers?filter.p.m.custom.delivery_speed=Fastest+delivery&filter.v.price.gte=&filter.v.price.lte=,2025-01-05 20:09:35,washing-machines,Bosch: Free 5 Year Warranty!
Bosch SMS4EKW06G Freestanding Dishwasher - B energy,549.0,applianceworldonline.com,https://applianceworldonline.com/collections/60cm-dishwashers?filter.p.m.custom.delivery_speed=Fastest+delivery&filter.v.price.gte=&filter.v.price.lte=,2025-01-05 20:09:35,washing-machines,Bosch: Free 5 Year Warranty!
Midea MDWPF1233C(W)-WG-UK Freestanding Dishwasher - E energy,279.0,applianceworldonline.com,https://applianceworldonline.com/collections/60cm-dishwashers?filter.p.m.custom.delivery_speed=Fastest+delivery&filter.v.price.gte=&filter.v.price.lte=,2025-01-05 20:09:35,washing-machines,
White Knight AT60BIDW 60Cm Integrated Dishwasher - E rated,269.0,applianceworldonline.com,https://applianceworldonline.com/collections/60cm-dishwashers?filter.p.m.custom.delivery_speed=Fastest+delivery&filter.v.price.gte=&filter.v.price.lte=,2025-01-05 20:09:35,washing-machines,
Midea MDWPF1233C(S)-WG-UK Freestanding Dishwasher - E energy,299.99,applianceworldonline.com,https://applianceworldonline.com/collections/60cm-dishwashers?filter.p.m.custom.delivery_speed=Fastest+delivery&filter.v.price.gte=&filter.v.price.lte=,2025-01-05 20:09:35,washing-machines,
Hoover HF 4C7L0A-80 - Antracite 14 Place Dishwasher - Freestanding - Energy Class C,329.0,applianceworldonline.com,https://applianceworldonline.com/collections/60cm-dishwashers?filter.p.m.custom.delivery_speed=Fastest+delivery&filter.v.price.gte=&filter.v.price.lte=,2025-01-05 20:09:35,washing-machines,
Bosch SMS26AW08G Series 2 Freestanding Dishwasher 60cm White E energy,399.0,applianceworldonline.com,https://applianceworldonline.com/collections/60cm-dishwashers?filter.p.m.custom.delivery_speed=Fastest+delivery&filter.v.price.gte=&filter.v.price.lte=,2025-01-05 20:09:35,washing-machines,Bosch: Free 5 Year Warranty!
Indesit D2F HK26 UK Freestanding Dishwasher - E energy,278.0,applianceworldonline.com,https://applianceworldonline.com/collections/60cm-dishwashers?filter.p.m.custom.delivery_speed=Fastest+delivery&filter.v.price.gte=&filter.v.price.lte=,2025-01-05 20:09:35,washing-machines,
Indesit D2F HK26 S UK Freestanding Dishwasher - E energy,289.0,applianceworldonline.com,https://applianceworldonline.com/collections/60cm-dishwashers?filter.p.m.custom.delivery_speed=Fastest+delivery&filter.v.price.gte=&filter.v.price.lte=,2025-01-05 20:09:35,washing-machines,
Indesit D2F HK26 B UKFreestanding Dishwasher - E energy,299.0,applianceworldonline.com,https://applianceworldonline.com/collections/60cm-dishwashers?filter.p.m.custom.delivery_speed=Fastest+delivery&filter.v.price.gte=&filter.v.price.lte=,2025-01-05 20:09:35,washing-machines,
Beko BDFN15420X - Freestanding Full Size Dishwasher with HygieneIntense - E energy,329.0,applianceworldonline.com,https://applianceworldonline.com/collections/60cm-dishwashers?filter.p.m.custom.delivery_speed=Fastest+delivery&filter.v.price.gte=&filter.v.price.lte=,2025-01-05 20:09:35,washing-machines,
Zanussi ZDLN2521 Integrated Dishwasher - E energy,399.0,applianceworldonline.com,https://applianceworldonline.com/collections/60cm-dishwashers?filter.p.m.custom.delivery_speed=Fastest+delivery&filter.v.price.gte=&filter.v.price.lte=,2025-01-05 20:09:35,washing-machines,
Montpellier MDI655KIntegrated Dishwasher - E energy,339.0,applianceworldonline.com,https://applianceworldonline.com/collections/60cm-dishwashers?filter.p.m.custom.delivery_speed=Fastest+delivery&filter.v.price.gte=&filter.v.price.lte=,2025-01-05 20:09:35,washing-machines,
24 in. Built-In Smart Convection Microwave Drawer Oven (SMD2499FS),2199.99,sharpusa.com,https://shop.sharpusa.com/products/microwave-ovens/,2025-01-06 20:05:47,microwave-ovens,
24 in. 1.2 cu. ft. 950W Sharp Stainless Steel Smart Easy Wave Open Microwave Drawer Oven (SMD2479JS),1499.99,sharpusa.com,https://shop.sharpusa.com/products/microwave-ovens/,2025-01-06 20:05:47,microwave-ovens,
24 in. 1.2 cu. ft. 950W Sharp Stainless Steel Smart Easy Wave Open Microwave Drawer Oven (SMD2489ES),1499.99,sharpusa.com,https://shop.sharpusa.com/products/microwave-ovens/,2025-01-06 20:05:47,microwave-ovens,
24 in. 1.2 cu. ft. 950W Sharp Black Stainless Steel Microwave Drawer Oven (SMD2470AH),1399.99,sharpusa.com,https://shop.sharpusa.com/products/microwave-ovens/,2025-01-06 20:05:47,microwave-ovens,
30 in. 1.2 cu. ft. 950W Sharp Stainless Steel Microwave Drawer Oven (SMD3070ASY),1399.99,sharpusa.com,https://shop.sharpusa.com/products/microwave-ovens/,2025-01-06 20:05:47,microwave-ovens,
24 in. 1.2 cu. ft. 950W Sharp Stainless Steel Microwave Drawer Oven (SMD2470ASY),1299.99,sharpusa.com,https://shop.sharpusa.com/products/microwave-ovens/,2025-01-06 20:05:47,microwave-ovens,
24 in. 1.2 cu. ft. Built-In Stainless Steel Microwave Drawer Oven (SMD2440JS),1199.99,sharpusa.com,https://shop.sharpusa.com/products/microwave-ovens/,2025-01-06 20:05:47,microwave-ovens,
24 in. 1.2 cu. ft. 950W Sharp Easy Open Stainless Steel Microwave Drawer (KB6524PSY),1099.99,sharpusa.com,https://shop.sharpusa.com/products/microwave-ovens/,2025-01-06 20:05:47,microwave-ovens,
1.1 cu. ft. 850W Sharp Stainless Steel Over-the-Range Convection Microwave Oven (R1874TY),599.99,sharpusa.com,https://shop.sharpusa.com/products/microwave-ovens/,2025-01-06 20:05:47,microwave-ovens,
1.5 cu. ft. 900W Sharp Stainless Steel Carousel Convection + Microwave Oven (SMC1585BS),599.99,sharpusa.com,https://shop.sharpusa.com/products/microwave-ovens/,2025-01-06 20:05:47,microwave-ovens,
Sharp 1.5 cu. ft. 900W Stainless Steel Convection Countertop Microwave Oven (SMC1585KS),599.99,sharpusa.com,https://shop.sharpusa.com/products/microwave-ovens/,2025-01-06 20:05:47,microwave-ovens,
1.5 cu. ft. 900W Sharp Matte Black Carousel Convection Microwave Oven (SMC1585BB),499.99,sharpusa.com,https://shop.sharpusa.com/products/microwave-ovens/,2025-01-06 20:05:47,microwave-ovens,
Sharp Smart Combi Built-In Steam Oven (SSC2489GS),2499.99,sharpusa.com,https://shop.sharpusa.com/products/steam-ovens/,2025-01-06 20:05:47,steam-ovens,
Sharp SuperSteam+ Smart Superheated Steam and Convection Built-In Wall Oven (SSC2489DS),2499.99,sharpusa.com,https://shop.sharpusa.com/products/steam-ovens/,2025-01-06 20:05:47,steam-ovens,
Supersteam+ Superheated Steam and Convection Built-in Wall Oven (SSC3088AS),1999.99,sharpusa.com,https://shop.sharpusa.com/products/steam-ovens/,2025-01-06 20:05:47,steam-ovens,
Sharp Superheated Steam Countertop Oven (SSC0586DS),199.0,sharpusa.com,https://shop.sharpusa.com/products/steam-ovens/,2025-01-06 20:05:47,steam-ovens,
Stainless Steel European Convection Built-In Double Wall Oven (SWB3062GS),3199.99,sharpusa.com,https://shop.sharpusa.com/products/traditional-convection-wall-ovens/,2025-01-06 20:05:47,traditional-convection-wall-ovens,
Stainless Steel European Convection Built-In Single Wall Oven (SWA3062GS),2299.99,sharpusa.com,https://shop.sharpusa.com/products/traditional-convection-wall-ovens/,2025-01-06 20:05:47,traditional-convection-wall-ovens,
Stainless Steel European Convection Built-In Double Wall Oven (SWB3052DS),1999.99,sharpusa.com,https://shop.sharpusa.com/products/traditional-convection-wall-ovens/,2025-01-06 20:05:47,traditional-convection-wall-ovens,
24 in. Stainless Steel European Convection Built-In Single Wall Oven (SWA2450GS),1699.99,sharpusa.com,https://shop.sharpusa.com/products/traditional-convection-wall-ovens/,2025-01-06 20:05:47,traditional-convection-wall-ovens,
Stainless Steel European Convection Built-In Single Wall Oven (SWA3052DS),1699.99,sharpusa.com,https://shop.sharpusa.com/products/traditional-convection-wall-ovens/,2025-01-06 20:05:47,traditional-convection-wall-ovens,
"36 in. width Induction Cooktop, European Black Mirror Finish Made with Premium SCHOTT Glass (SDH3652DB)",1299.99,sharpusa.com,https://shop.sharpusa.com/products/induction-cooktops/,2025-01-06 20:05:47,induction-cooktops,
Sharp 30 in. Induction Cooktop with Side Accessories (SCH3043GB),1299.99,sharpusa.com,https://shop.sharpusa.com/products/induction-cooktops/,2025-01-06 20:05:47,induction-cooktops,
Sharp 24 in. Induction Cooktop with Side Accessories (SCH2443GB),1199.99,sharpusa.com,https://shop.sharpusa.com/products/induction-cooktops/,2025-01-06 20:05:47,induction-cooktops,
"30 in. width Induction Cooktop, European Black Mirror Finish Made with Premium SCHOTT Glass (SDH3042DB)",999.99,sharpusa.com,https://shop.sharpusa.com/products/induction-cooktops/,2025-01-06 20:05:47,induction-cooktops,
24 in. Drop-In Radiant Cooktop with Side Accessories  (SCR2442FB),799.99,sharpusa.com,https://shop.sharpusa.com/products/induction-cooktops/,2025-01-06 20:05:47,induction-cooktops,
30 in. Drop-In Radiant Cooktop with Side Accessories  (SCR3042FB),799.99,sharpusa.com,https://shop.sharpusa.com/products/induction-cooktops/,2025-01-06 20:05:47,induction-cooktops,
30 in. Drop-In Radiant Cooktop (SCR3041GB),649.99,sharpusa.com,https://shop.sharpusa.com/products/induction-cooktops/,2025-01-06 20:05:47,induction-cooktops,
Sharp Smart Plasmacluster Ion Air Purifier with True HEPA + Humidifier for Extra Large Rooms (KCP110UW),559.99,sharpusa.com,https://shop.sharpusa.com/products/air-purifiers/,2025-01-06 20:05:47,air-purifiers,
Sharp Smart Plasmacluster Ion Air Purifier with True HEPA + Humidifier for Large Rooms (KCP70UW),469.99,sharpusa.com,https://shop.sharpusa.com/products/air-purifiers/,2025-01-06 20:05:47,air-purifiers,
Sharp Plasmacluster Ion Air Purifier with True HEPA + Humidifier for Large Rooms (KC860U),449.99,sharpusa.com,https://shop.sharpusa.com/products/air-purifiers/,2025-01-06 20:05:47,air-purifiers,
Sharp Smart Plasmacluster Ion Air Purifier with True HEPA for Extra Large Rooms (FXJ80UW),399.99,sharpusa.com,https://shop.sharpusa.com/products/air-purifiers/,2025-01-06 20:05:47,air-purifiers,
Sharp Plasmacluster Ion Air Purifier with True HEPA + Humidifier for Medium Rooms (KC850U),349.99,sharpusa.com,https://shop.sharpusa.com/products/air-purifiers/,2025-01-06 20:05:47,air-purifiers,
Sharp Plasmacluster Ion Air Purifier with True HEPA for Large Rooms (FPA80UW),249.99,sharpusa.com,https://shop.sharpusa.com/products/air-purifiers/,2025-01-06 20:05:47,air-purifiers,
Sharp Plasmacluster Ion Air Purifier with True HEPA for Medium Rooms (FPK50UW),129.99,sharpusa.com,https://shop.sharpusa.com/products/air-purifiers/,2025-01-06 20:05:47,air-purifiers,
Sharp True HEPA Air Purifier with Express Clean for Small Rooms (FPF30UH),99.99,sharpusa.com,https://shop.sharpusa.com/products/air-purifiers/,2025-01-06 20:05:47,air-purifiers,
24 in. Slide-In Smart 42 dB Dishwasher (SDW6888JS),799.99,sharpusa.com,https://shop.sharpusa.com/products/dishwashers/,2025-01-06 20:05:47,dishwashers,
24 in. Slide-In Smart 45 dB Dishwasher (SDW6767HS),649.99,sharpusa.com,https://shop.sharpusa.com/products/dishwashers/,2025-01-06 20:05:47,dishwashers,
24 in. Slide-In Stainless Steel 45 dB Dishwasher (SDW6757ES),629.99,sharpusa.com,https://shop.sharpusa.com/products/dishwashers/,2025-01-06 20:05:47,dishwashers,
Sharp 24 in. Stainless Steel Hybrid 52dB Dishwasher (SDW6504MS),599.99,sharpusa.com,https://shop.sharpusa.com/products/dishwashers/,2025-01-06 20:05:47,dishwashers,
24 in. Slide-In Stainless Steel Pocket Handle 45 dB Dishwasher (SDW6747GS),549.99,sharpusa.com,https://shop.sharpusa.com/products/dishwashers/,2025-01-06 20:05:47,dishwashers,
24 in. Slide-In Stainless Steel Hybrid 49 dB Dishwasher (SDW6506JS),479.99,sharpusa.com,https://shop.sharpusa.com/products/dishwashers/,2025-01-06 20:05:47,dishwashers,
Sharp French 4-Door Counter-Depth Refrigerator with Water Dispenser (SJG2254FS),3299.99,sharpusa.com,https://shop.sharpusa.com/products/refrigerator/,2025-01-06 20:05:47,refrigerators,
Sharp French 3-Door Refrigerator with Water Dispenser (SJF2955KS),2999.99,sharpusa.com,https://shop.sharpusa.com/products/refrigerator/,2025-01-06 20:05:47,refrigerators,
Sharp French 4-Door Counter-Depth Refrigerator (SJG2351FS),1699.99,sharpusa.com,https://shop.sharpusa.com/products/refrigerator/,2025-01-06 20:05:47,refrigerators,
Sharp 24 in. Bottom-Freezer Counter-Depth Refrigerator (SJB1255GS),1299.99,sharpusa.com,https://shop.sharpusa.com/products/refrigerator/,2025-01-06 20:05:47,refrigerators,
Frigidaire FRFS2823AD  27.8 cu. ft. French Door Refrigerator - Black Stainless Steel,1799.0,sears.com,https://www.sears.com/appliances-refrigerators/b-1020022?adcell=hp_S1c_fridges,2025-01-06 20:05:47,appliances,
Samsung 27.4 cu. ft. Large Capacity Side-by-Side Refrigerator in Stainless Steel,1340.82,sears.com,https://www.sears.com/appliances-refrigerators/b-1020022?adcell=hp_S1c_fridges,2025-01-06 20:05:47,appliances,Flash Sale!
Frigidaire Gallery GRMC2273CF 21.5 cu. ft. Counter-Depth 4-Door French Door Refriger...,2049.0,sears.com,https://www.sears.com/appliances-refrigerators/b-1020022?adcell=hp_S1c_fridges,2025-01-06 20:05:47,appliances,
GE Profile Series PSB48YSNSS 48” Built-in 28.7 cu.ft Side by Side refrigerator...,9836.99,sears.com,https://www.sears.com/appliances-refrigerators/b-1020022?adcell=hp_S1c_fridges,2025-01-06 20:05:47,appliances,Flash Sale!
"Kenmore 71335  20.4 cu. ft. Top Freezer Refrigerator w/ Icemaker, 33"" Wide - Stainle...",1034.99,sears.com,https://www.sears.com/appliances-refrigerators/b-1020022?adcell=hp_S1c_fridges,2025-01-06 20:05:47,appliances,Flash Sale!
GE Profile Series PVD28BYNFS -36 Inch 4-Door French Door Smart Refrigerator with 27....,3779.99,sears.com,https://www.sears.com/appliances-refrigerators/b-1020022?adcell=hp_S1c_fridges,2025-01-06 20:05:47,appliances,Flash Sale!
Kenmore 75525  17.5 cu. ft. French Door Refrigerator - Fingerprint-Resistant Stainle...,1169.99,sears.com,https://www.sears.com/appliances-refrigerators/b-1020022?adcell=hp_S1c_fridges,2025-01-06 20:05:47,appliances,Flash Sale!
Frigidaire FRFS2823AS  27.8 cu. ft. French Door Refrigerator - Stainless Steel,1699.0,sears.com,https://www.sears.com/appliances-refrigerators/b-1020022?adcell=hp_S1c_fridges,2025-01-06 20:05:47,appliances,
GE Appliances GBE17HYRFS ENERGY STAR® 17.7 Cu. Ft. Counter-Depth Bottom-Freezer...,1619.99,sears.com,https://www.sears.com/appliances-refrigerators/b-1020022?adcell=hp_S1c_fridges,2025-01-06 20:05:47,appliances,Flash Sale!
GE Appliances GSS25IYNFS 25.1 cu. ft. Side-By-Side Refrigerator - Stainless Steel,1799.99,sears.com,https://www.sears.com/appliances-refrigerators/b-1020022?adcell=hp_S1c_fridges,2025-01-06 20:05:47,appliances,Flash Sale!
LG LRSOS2706D  27.1 cu. ft. Side-by-Side InstaView® Refrigerator with Craft Ice...,1699.99,sears.com,https://www.sears.com/appliances-refrigerators/b-1020022?adcell=hp_S1c_fridges,2025-01-06 20:05:47,appliances,
Frigidaire FRSS2323AW 22.3 cu. ft. 33-Inch-Wide Side-by-Side Refrigerator,1259.1,sears.com,https://www.sears.com/appliances-refrigerators/b-1020022?adcell=hp_S1c_fridges,2025-01-06 20:05:47,appliances,
GE Appliances GWE19JGLBB 18.6 cu. ft. Counter-Depth French Door Refrigerator - Black,1799.99,sears.com,https://www.sears.com/appliances-refrigerators/b-1020022?adcell=hp_S1c_fridges,2025-01-06 20:05:47,appliances,Flash Sale!
GE Appliances GSS23GGPWW 23.0 Cu. Ft. Side-By-Side Refrigerator,1529.99,sears.com,https://www.sears.com/appliances-refrigerators/b-1020022?adcell=hp_S1c_fridges,2025-01-06 20:05:47,appliances,Flash Sale!
Frigidaire FFTR2045VS  20.0 cu. ft. Top Freezer Refrigerator - Stainless Steel,729.0,sears.com,https://www.sears.com/appliances-refrigerators/b-1020022?adcell=hp_S1c_fridges,2025-01-06 20:05:47,appliances,
"GE Appliances GFE26JYMFS 36"" 25.6 cu.ft. Stainless Steel French Door Refrigerator",2429.99,sears.com,https://www.sears.com/appliances-refrigerators/b-1020022?adcell=hp_S1c_fridges,2025-01-06 20:05:47,appliances,Flash Sale!
"GE Appliances GFE26JGMWW 36"" 25.6 cu.ft. White French Door Refrigerator",2339.99,sears.com,https://www.sears.com/appliances-refrigerators/b-1020022?adcell=hp_S1c_fridges,2025-01-06 20:05:47,appliances,Flash Sale!
Samsung Bespoke 4-door french door refrigerator (23 cu. ft.) with beverage center?,2822.17,sears.com,https://www.sears.com/appliances-refrigerators/b-1020022?adcell=hp_S1c_fridges,2025-01-06 20:05:47,appliances,Flash Sale!
GE Appliances GNE29GYNFS GE ENERGY STAR 28.7 Cu. Ft. Fingerprint Resistant French-Do...,2276.99,sears.com,https://www.sears.com/appliances-refrigerators/b-1020022?adcell=hp_S1c_fridges,2025-01-06 20:05:47,appliances,Flash Sale!
LG LRFXS3106S  30.7 cu. ft. Standard-Depth MAX French-Door Refrigerator with Dual Ic...,2099.99,sears.com,https://www.sears.com/appliances-refrigerators/b-1020022?adcell=hp_S1c_fridges,2025-01-06 20:05:47,appliances,
"GE Profile Series PWE23KYNFS 36"" 23.1 cu.ft. Stainless Steel French Door Refrigerator",2969.99,sears.com,https://www.sears.com/appliances-refrigerators/b-1020022?adcell=hp_S1c_fridges,2025-01-06 20:05:47,appliances,Flash Sale!
Kenmore 61335  20.5 cu. ft. Top Freezer Refrigerator - Stainless Steel w/Fingerprint...,944.99,sears.com,https://www.sears.com/appliances-refrigerators/b-1020022?adcell=hp_S1c_fridges,2025-01-06 20:05:47,appliances,Flash Sale!
Kenmore 72312  18.1 cu. ft. Top Freezer Refrigerator with Icemaker,899.99,sears.com,https://www.sears.com/appliances-refrigerators/b-1020022?adcell=hp_S1c_fridges,2025-01-06 20:05:47,appliances,Flash Sale!
Frigidaire Gallery GRSC2352AF  22.3 cu. ft. Counter-Depth Side-by-Side Refrigerator ...,1249.0,sears.com,https://www.sears.com/appliances-refrigerators/b-1020022?adcell=hp_S1c_fridges,2025-01-06 20:05:47,appliances,
LG LRSOS2706S  27.1 cu. ft. Side-by-Side InstaView® Refrigerator with Craft Ice...,1599.99,sears.com,https://www.sears.com/appliances-refrigerators/b-1020022?adcell=hp_S1c_fridges,2025-01-06 20:05:47,appliances,
Frigidaire FFTR2045VW  20.0 cu. ft. Top Freezer Refrigerator,699.0,sears.com,https://www.sears.com/appliances-refrigerators/b-1020022?adcell=hp_S1c_fridges,2025-01-06 20:05:47,appliances,
Frigidaire Gallery GRFS2853AF  27.8 cu. ft. French Door Refrigerator - Smudge-Proof&...,2693.99,sears.com,https://www.sears.com/appliances-refrigerators/b-1020022?adcell=hp_S1c_fridges,2025-01-06 20:05:47,appliances,
LG LRFXC2606S  25.5 cu. ft. Counter Depth French Door Refrigerator with Dual Ice - P...,2099.99,sears.com,https://www.sears.com/appliances-refrigerators/b-1020022?adcell=hp_S1c_fridges,2025-01-06 20:05:47,appliances,
GE Appliances GZS22IMNES 21.8 cu. ft. Side-By-Side Refrigerator - Slate,1889.99,sears.com,https://www.sears.com/appliances-refrigerators/b-1020022?adcell=hp_S1c_fridges,2025-01-06 20:05:47,appliances,Flash Sale!
Samsung RF32CG5900SRAA 30 Cu. Ft. Mega Capacity 3 Door French Door Refrigerator With...,2777.0,sears.com,https://www.sears.com/appliances-refrigerators/b-1020022?adcell=hp_S1c_fridges,2025-01-06 20:05:47,appliances,
Samsung 26.7 cu. ft. Large Capacity Side-by-Side Refrigerator with Touch Screen Fami...,1876.83,sears.com,https://www.sears.com/appliances-refrigerators/b-1020022?adcell=hp_S1c_fridges,2025-01-06 20:05:47,appliances,Flash Sale!
Samsung RF29BB8600QLAA Bespoke 4-Door French Door Refrigerator (29 cu ft) with Bever...,2554.0,sears.com,https://www.sears.com/appliances-refrigerators/b-1020022?adcell=hp_S1c_fridges,2025-01-06 20:05:47,appliances,
LG LRMDS3006S  29.5 cu. ft. Super-Capacity 4-Door Refrigerator w/ Door-in-Door®...,2999.99,sears.com,https://www.sears.com/appliances-refrigerators/b-1020022?adcell=hp_S1c_fridges,2025-01-06 20:05:47,appliances,
GE Appliances GYE18JYLFS ENERGY STAR® 17.5 Cu. Ft. Counter-Depth French-Door Re...,2519.99,sears.com,https://www.sears.com/appliances-refrigerators/b-1020022?adcell=hp_S1c_fridges,2025-01-06 20:05:47,appliances,Flash Sale!
GE Appliances GFE28GYNFS ENERGY STAR 27.7cu.ft. French Door Refrigerator - Stainless...,2221.0,sears.com,https://www.sears.com/appliances-refrigerators/b-1020022?adcell=hp_S1c_fridges,2025-01-06 20:05:47,appliances,
LG LMXS28626S 27.8 cu. ft. 4-Door French Door Refrigerator - Stainless Steel,1799.99,sears.com,https://www.sears.com/appliances-refrigerators/b-1020022?adcell=hp_S1c_fridges,2025-01-06 20:05:47,appliances,
GE Appliances GWE19JGLWW ENERGY STAR® 18.6 Cu. Ft. Counter-Depth French-Door Re...,1799.99,sears.com,https://www.sears.com/appliances-refrigerators/b-1020022?adcell=hp_S1c_fridges,2025-01-06 20:05:47,appliances,Flash Sale!
Kenmore 61332  20.5 cu. ft. Top Freezer Refrigerator,854.99,sears.com,https://www.sears.com/appliances-refrigerators/b-1020022?adcell=hp_S1c_fridges,2025-01-06 20:05:47,appliances,Flash Sale!
LG LRFS28XBS  27.7 cu. ft. 3-Door French Door Refrigerator - PrintProof Stainless St...,1699.99,sears.com,https://www.sears.com/appliances-refrigerators/b-1020022?adcell=hp_S1c_fridges,2025-01-06 20:05:47,appliances,
LG LRMVS3006S  29.5 cu. ft. 4-Door InstaView™ Door-in-Door® Refrigerator ...,3199.99,sears.com,https://www.sears.com/appliances-refrigerators/b-1020022?adcell=hp_S1c_fridges,2025-01-06 20:05:47,appliances,
GE Appliances GSS25GYPFS 25.3 Cu. Ft. Side-By-Side Refrigerator - Stainless Steel,1457.99,sears.com,https://www.sears.com/appliances-refrigerators/b-1020022?adcell=hp_S1c_fridges,2025-01-06 20:05:47,appliances,Flash Sale!
Kenmore 61339  20.5 cu. ft. Top Freezer Refrigerator - Black,854.99,sears.com,https://www.sears.com/appliances-refrigerators/b-1020022?adcell=hp_S1c_fridges,2025-01-06 20:05:47,appliances,Flash Sale!
Frigidaire Gallery GRSC2352AD  22.3 cu. ft. Counter-Depth Side-by-Side Refrigerator ...,1399.0,sears.com,https://www.sears.com/appliances-refrigerators/b-1020022?adcell=hp_S1c_fridges,2025-01-06 20:05:47,appliances,
Samsung RF30BB6200QLAA Bespoke 3-Door French Door Refrigerator (30 cu ft) w/ AutoFil...,2110.0,sears.com,https://www.sears.com/appliances-refrigerators/b-1020022?adcell=hp_S1c_fridges,2025-01-06 20:05:47,appliances,
GE Cafe CYE22TP3MD1 22.2 cu. ft. Counter-Depth French Door Refrigerator w/ Hot Water...,3689.99,sears.com,https://www.sears.com/appliances-refrigerators/b-1020022?adcell=hp_S1c_fridges,2025-01-06 20:05:47,appliances,Flash Sale!
Samsung RS27T5200SR/AA  27.4cu.ft. Side-By-Side Refrigerator with Ice & Water Dispen...,1332.0,sears.com,https://www.sears.com/appliances-refrigerators/b-1020022?adcell=hp_S1c_fridges,2025-01-06 20:05:47,appliances,
"GE Appliances GTS22KGNRWW 33"" 21.9 cu.ft. White Top Freezer Refrigerator",989.99,sears.com,https://www.sears.com/appliances-refrigerators/b-1020022?adcell=hp_S1c_fridges,2025-01-06 20:05:47,appliances,Flash Sale!
GE Appliances GFE24JYKFS ENERGY STAR® 23.6 Cu. Ft. French-Door Refrigerator - S...,2519.99,sears.com,https://www.sears.com/appliances-refrigerators/b-1020022?adcell=hp_S1c_fridges,2025-01-06 20:05:47,appliances,Flash Sale!
24 in. Built-In Smart Convection Microwave Drawer Oven (SMD2499FS),2199.99,sharpusa.com,https://shop.sharpusa.com/products/microwave-ovens/,2025-01-07 00:54:18,microwave-ovens,
24 in. 1.2 cu. ft. 950W Sharp Stainless Steel Smart Easy Wave Open Microwave Drawer Oven (SMD2479JS),1499.99,sharpusa.com,https://shop.sharpusa.com/products/microwave-ovens/,2025-01-07 00:54:18,microwave-ovens,
24 in. 1.2 cu. ft. 950W Sharp Stainless Steel Smart Easy Wave Open Microwave Drawer Oven (SMD2489ES),1499.99,sharpusa.com,https://shop.sharpusa.com/products/microwave-ovens/,2025-01-07 00:54:18,microwave-ovens,
24 in. 1.2 cu. ft. 950W Sharp Black Stainless Steel Microwave Drawer Oven (SMD2470AH),1399.99,sharpusa.com,https://shop.sharpusa.com/products/microwave-ovens/,2025-01-07 00:54:18,microwave-ovens,
30 in. 1.2 cu. ft. 950W Sharp Stainless Steel Microwave Drawer Oven (SMD3070ASY),1399.99,sharpusa.com,https://shop.sharpusa.com/products/microwave-ovens/,2025-01-07 00:54:18,microwave-ovens,
24 in. 1.2 cu. ft. 950W Sharp Stainless Steel Microwave Drawer Oven (SMD2470ASY),1299.99,sharpusa.com,https://shop.sharpusa.com/products/microwave-ovens/,2025-01-07 00:54:18,microwave-ovens,
24 in. 1.2 cu. ft. Built-In Stainless Steel Microwave Drawer Oven (SMD2440JS),1199.99,sharpusa.com,https://shop.sharpusa.com/products/microwave-ovens/,2025-01-07 00:54:18,microwave-ovens,
24 in. 1.2 cu. ft. 950W Sharp Easy Open Stainless Steel Microwave Drawer (KB6524PSY),1099.99,sharpusa.com,https://shop.sharpusa.com/products/microwave-ovens/,2025-01-07 00:54:18,microwave-ovens,
1.1 cu. ft. 850W Sharp Stainless Steel Over-the-Range Convection Microwave Oven (R1874TY),599.99,sharpusa.com,https://shop.sharpusa.com/products/microwave-ovens/,2025-01-07 00:54:18,microwave-ovens,
1.5 cu. ft. 900W Sharp Stainless Steel Carousel Convection + Microwave Oven (SMC1585BS),599.99,sharpusa.com,https://shop.sharpusa.com/products/microwave-ovens/,2025-01-07 00:54:18,microwave-ovens,
Sharp 1.5 cu. ft. 900W Stainless Steel Convection Countertop Microwave Oven (SMC1585KS),599.99,sharpusa.com,https://shop.sharpusa.com/products/microwave-ovens/,2025-01-07 00:54:18,microwave-ovens,
1.5 cu. ft. 900W Sharp Matte Black Carousel Convection Microwave Oven (SMC1585BB),499.99,sharpusa.com,https://shop.sharpusa.com/products/microwave-ovens/,2025-01-07 00:54:18,microwave-ovens,
Sharp Smart Combi Built-In Steam Oven (SSC2489GS),2499.99,sharpusa.com,https://shop.sharpusa.com/products/steam-ovens/,2025-01-07 00:54:18,steam-ovens,
Sharp SuperSteam+ Smart Superheated Steam and Convection Built-In Wall Oven (SSC2489DS),2499.99,sharpusa.com,https://shop.sharpusa.com/products/steam-ovens/,2025-01-07 00:54:18,steam-ovens,
Supersteam+ Superheated Steam and Convection Built-in Wall Oven (SSC3088AS),1999.99,sharpusa.com,https://shop.sharpusa.com/products/steam-ovens/,2025-01-07 00:54:18,steam-ovens,
Sharp Superheated Steam Countertop Oven (SSC0586DS),199.0,sharpusa.com,https://shop.sharpusa.com/products/steam-ovens/,2025-01-07 00:54:18,steam-ovens,
Stainless Steel European Convection Built-In Double Wall Oven (SWB3062GS),3199.99,sharpusa.com,https://shop.sharpusa.com/products/traditional-convection-wall-ovens/,2025-01-07 00:54:18,traditional-convection-wall-ovens,
Stainless Steel European Convection Built-In Single Wall Oven (SWA3062GS),2299.99,sharpusa.com,https://shop.sharpusa.com/products/traditional-convection-wall-ovens/,2025-01-07 00:54:18,traditional-convection-wall-ovens,
Stainless Steel European Convection Built-In Double Wall Oven (SWB3052DS),1999.99,sharpusa.com,https://shop.sharpusa.com/products/traditional-convection-wall-ovens/,2025-01-07 00:54:18,traditional-convection-wall-ovens,
24 in. Stainless Steel European Convection Built-In Single Wall Oven (SWA2450GS),1699.99,sharpusa.com,https://shop.sharpusa.com/products/traditional-convection-wall-ovens/,2025-01-07 00:54:18,traditional-convection-wall-ovens,
Stainless Steel European Convection Built-In Single Wall Oven (SWA3052DS),1699.99,sharpusa.com,https://shop.sharpusa.com/products/traditional-convection-wall-ovens/,2025-01-07 00:54:18,traditional-convection-wall-ovens,
"36 in. width Induction Cooktop, European Black Mirror Finish Made with Premium SCHOTT Glass (SDH3652DB)",1299.99,sharpusa.com,https://shop.sharpusa.com/products/induction-cooktops/,2025-01-07 00:54:18,induction-cooktops,
Sharp 30 in. Induction Cooktop with Side Accessories (SCH3043GB),1299.99,sharpusa.com,https://shop.sharpusa.com/products/induction-cooktops/,2025-01-07 00:54:18,induction-cooktops,
Sharp 24 in. Induction Cooktop with Side Accessories (SCH2443GB),1199.99,sharpusa.com,https://shop.sharpusa.com/products/induction-cooktops/,2025-01-07 00:54:18,induction-cooktops,
"30 in. width Induction Cooktop, European Black Mirror Finish Made with Premium SCHOTT Glass (SDH3042DB)",999.99,sharpusa.com,https://shop.sharpusa.com/products/induction-cooktops/,2025-01-07 00:54:18,induction-cooktops,
24 in. Drop-In Radiant Cooktop with Side Accessories  (SCR2442FB),799.99,sharpusa.com,https://shop.sharpusa.com/products/induction-cooktops/,2025-01-07 00:54:18,induction-cooktops,
30 in. Drop-In Radiant Cooktop with Side Accessories  (SCR3042FB),799.99,sharpusa.com,https://shop.sharpusa.com/products/induction-cooktops/,2025-01-07 00:54:18,induction-cooktops,
30 in. Drop-In Radiant Cooktop (SCR3041GB),649.99,sharpusa.com,https://shop.sharpusa.com/products/induction-cooktops/,2025-01-07 00:54:18,induction-cooktops,
Sharp Smart Plasmacluster Ion Air Purifier with True HEPA + Humidifier for Extra Large Rooms (KCP110UW),559.99,sharpusa.com,https://shop.sharpusa.com/products/air-purifiers/,2025-01-07 00:54:18,air-purifiers,
Sharp Smart Plasmacluster Ion Air Purifier with True HEPA + Humidifier for Large Rooms (KCP70UW),469.99,sharpusa.com,https://shop.sharpusa.com/products/air-purifiers/,2025-01-07 00:54:18,air-purifiers,
Sharp Plasmacluster Ion Air Purifier with True HEPA + Humidifier for Large Rooms (KC860U),449.99,sharpusa.com,https://shop.sharpusa.com/products/air-purifiers/,2025-01-07 00:54:18,air-purifiers,
Sharp Smart Plasmacluster Ion Air Purifier with True HEPA for Extra Large Rooms (FXJ80UW),399.99,sharpusa.com,https://shop.sharpusa.com/products/air-purifiers/,2025-01-07 00:54:18,air-purifiers,
Sharp Plasmacluster Ion Air Purifier with True HEPA + Humidifier for Medium Rooms (KC850U),349.99,sharpusa.com,https://shop.sharpusa.com/products/air-purifiers/,2025-01-07 00:54:18,air-purifiers,
Sharp Plasmacluster Ion Air Purifier with True HEPA for Large Rooms (FPA80UW),249.99,sharpusa.com,https://shop.sharpusa.com/products/air-purifiers/,2025-01-07 00:54:18,air-purifiers,
Sharp Plasmacluster Ion Air Purifier with True HEPA for Medium Rooms (FPK50UW),129.99,sharpusa.com,https://shop.sharpusa.com/products/air-purifiers/,2025-01-07 00:54:18,air-purifiers,
Sharp True HEPA Air Purifier with Express Clean for Small Rooms (FPF30UH),99.99,sharpusa.com,https://shop.sharpusa.com/products/air-purifiers/,2025-01-07 00:54:18,air-purifiers,
24 in. Slide-In Smart 42 dB Dishwasher (SDW6888JS),799.99,sharpusa.com,https://shop.sharpusa.com/products/dishwashers/,2025-01-07 00:54:18,dishwashers,
24 in. Slide-In Smart 45 dB Dishwasher (SDW6767HS),649.99,sharpusa.com,https://shop.sharpusa.com/products/dishwashers/,2025-01-07 00:54:18,dishwashers,
24 in. Slide-In Stainless Steel 45 dB Dishwasher (SDW6757ES),629.99,sharpusa.com,https://shop.sharpusa.com/products/dishwashers/,2025-01-07 00:54:18,dishwashers,
Sharp 24 in. Stainless Steel Hybrid 52dB Dishwasher (SDW6504MS),599.99,sharpusa.com,https://shop.sharpusa.com/products/dishwashers/,2025-01-07 00:54:18,dishwashers,
24 in. Slide-In Stainless Steel Pocket Handle 45 dB Dishwasher (SDW6747GS),549.99,sharpusa.com,https://shop.sharpusa.com/products/dishwashers/,2025-01-07 00:54:18,dishwashers,
24 in. Slide-In Stainless Steel Hybrid 49 dB Dishwasher (SDW6506JS),479.99,sharpusa.com,https://shop.sharpusa.com/products/dishwashers/,2025-01-07 00:54:18,dishwashers,
Sharp French 4-Door Counter-Depth Refrigerator with Water Dispenser (SJG2254FS),3299.99,sharpusa.com,https://shop.sharpusa.com/products/refrigerator/,2025-01-07 00:54:18,refrigerators,
Sharp French 3-Door Refrigerator with Water Dispenser (SJF2955KS),2999.99,sharpusa.com,https://shop.sharpusa.com/products/refrigerator/,2025-01-07 00:54:18,refrigerators,
Sharp French 4-Door Counter-Depth Refrigerator (SJG2351FS),1699.99,sharpusa.com,https://shop.sharpusa.com/products/refrigerator/,2025-01-07 00:54:18,refrigerators,
Sharp 24 in. Bottom-Freezer Counter-Depth Refrigerator (SJB1255GS),1299.99,sharpusa.com,https://shop.sharpusa.com/products/refrigerator/,2025-01-07 00:54:18,refrigerators,
"GE Appliances JGSS66SELSS  30"" Slide-In Front Control Gas Range - Stainless Steel",888.0,sears.com,https://www.sears.com/appliances-kitchen-appliances-cooking-appliances/b-1323665151?adcell=hp_S1c_Cooking,2025-01-07 00:54:18,appliances,
"GE Appliances JGBS66REKSS 30"" Freestanding Gas Range - Stainless Steel",721.0,sears.com,https://www.sears.com/appliances-kitchen-appliances-cooking-appliances/b-1323665151?adcell=hp_S1c_Cooking,2025-01-07 00:54:18,appliances,
"GE Appliances JBS86SPSS  30"" Electric Double Oven - Stainless Steel",1221.0,sears.com,https://www.sears.com/appliances-kitchen-appliances-cooking-appliances/b-1323665151?adcell=hp_S1c_Cooking,2025-01-07 00:54:18,appliances,
"Frigidaire FCRG3062AS  30"" Freestanding Gas Range with Steam Clean - Stainless Steel",944.99,sears.com,https://www.sears.com/appliances-kitchen-appliances-cooking-appliances/b-1323665151?adcell=hp_S1c_Cooking,2025-01-07 00:54:18,appliances,
"GE Appliances JGBS86SPSS  30"" Gas Double Oven - Stainless Steel",1332.99,sears.com,https://www.sears.com/appliances-kitchen-appliances-cooking-appliances/b-1323665151?adcell=hp_S1c_Cooking,2025-01-07 00:54:18,appliances,
"GE Appliances GRF400SVSS 30"" Free-Standing Electric Range -  Stainless Steel/Black",808.19,sears.com,https://www.sears.com/appliances-kitchen-appliances-cooking-appliances/b-1323665151?adcell=hp_S1c_Cooking,2025-01-07 00:54:18,appliances,
"Samsung NE63A6711SS/AA 30"" 6.3 cu.ft. Stainless Steel Electric Range with 5 Burners ...",999.99,sears.com,https://www.sears.com/appliances-kitchen-appliances-cooking-appliances/b-1323665151?adcell=hp_S1c_Cooking,2025-01-07 00:54:18,appliances,
Kenmore 75293  4.8 cu. ft. Front-Control Gas Range with True Convection & Air Fry - ...,1499.99,sears.com,https://www.sears.com/appliances-kitchen-appliances-cooking-appliances/b-1323665151?adcell=hp_S1c_Cooking,2025-01-07 00:54:18,appliances,
"GE Appliances GRF600AVWW 30"" Free-Standing Electric Convection Range with No Preheat...",999.99,sears.com,https://www.sears.com/appliances-kitchen-appliances-cooking-appliances/b-1323665151?adcell=hp_S1c_Cooking,2025-01-07 00:54:18,appliances,
"GE Appliances JGBS30RETSS 30"" Free-Standing Gas Range Stainless Steel",665.99,sears.com,https://www.sears.com/appliances-kitchen-appliances-cooking-appliances/b-1323665151?adcell=hp_S1c_Cooking,2025-01-07 00:54:18,appliances,
"GE Appliances GRF400SVWW 30"" Free-Standing Electric Range",718.39,sears.com,https://www.sears.com/appliances-kitchen-appliances-cooking-appliances/b-1323665151?adcell=hp_S1c_Cooking,2025-01-07 00:54:18,appliances,
"Frigidaire Gallery GCRG3060BF  30"" Gas Range with No Preheat & Air Fry - Stainless S...",1214.99,sears.com,https://www.sears.com/appliances-kitchen-appliances-cooking-appliances/b-1323665151?adcell=hp_S1c_Cooking,2025-01-07 00:54:18,appliances,
"GE Appliances JT3800SHSS 30"" Built-In Combination Microwave & Wall Oven - Stainless ...",2554.0,sears.com,https://www.sears.com/appliances-kitchen-appliances-cooking-appliances/b-1323665151?adcell=hp_S1c_Cooking,2025-01-07 00:54:18,appliances,
"Sharp 2.2 CF Countertop Microwave Oven, Inverter Technology",240.74,sears.com,https://www.sears.com/appliances-kitchen-appliances-cooking-appliances/b-1323665151?adcell=hp_S1c_Cooking,2025-01-07 00:54:18,appliances,
Frigidaire Gallery GCWS3067AD  30'' Single Electric Wall Oven with Total Convection ...,1799.99,sears.com,https://www.sears.com/appliances-kitchen-appliances-cooking-appliances/b-1323665151?adcell=hp_S1c_Cooking,2025-01-07 00:54:18,appliances,
"Zline Kitchen and Bath ZLINE 36"" Convertible Vent Wall Mount Range Hood in Stainless...",549.95,sears.com,https://www.sears.com/appliances-kitchen-appliances-cooking-appliances/b-1323665151?adcell=hp_S1c_Cooking,2025-01-07 00:54:18,appliances,
"GE Appliances JGBS66DEKWW 30"" Freestanding Gas Range",665.0,sears.com,https://www.sears.com/appliances-kitchen-appliances-cooking-appliances/b-1323665151?adcell=hp_S1c_Cooking,2025-01-07 00:54:18,appliances,
Kenmore 95163  4.8 cu. ft. Front-Control Electric Range with True Convection & Air F...,1299.99,sears.com,https://www.sears.com/appliances-kitchen-appliances-cooking-appliances/b-1323665151?adcell=hp_S1c_Cooking,2025-01-07 00:54:18,appliances,
Frigidaire FFEC3025UB  30'' Electric Cooktop - Black,599.99,sears.com,https://www.sears.com/appliances-kitchen-appliances-cooking-appliances/b-1323665151?adcell=hp_S1c_Cooking,2025-01-07 00:54:18,appliances,
Frigidaire FMOS1846BS  1.8 cu ft. Over-the-Range Microwave - Stainless Steel,299.99,sears.com,https://www.sears.com/appliances-kitchen-appliances-cooking-appliances/b-1323665151?adcell=hp_S1c_Cooking,2025-01-07 00:54:18,appliances,
"Kenmore 22-14585 14585 24"" Built-in Dishwasher with UltraWash® System and Smart...",599.99,sears.com,https://www.sears.com/appliances-dishwashers/b-1020017?adcell=hp_S1c_dishwashers,2025-01-07 00:54:18,appliances,
Frigidaire FDSH4501AS  24'' Built-in Dishwasher with Third Level Rack - Stainless St...,549.99,sears.com,https://www.sears.com/appliances-dishwashers/b-1020017?adcell=hp_S1c_dishwashers,2025-01-07 00:54:18,appliances,
"Kenmore 22-14595  14595 24"" Built-in Dishwasher with UltraWash® System and Smar...",649.99,sears.com,https://www.sears.com/appliances-dishwashers/b-1020017?adcell=hp_S1c_dishwashers,2025-01-07 00:54:18,appliances,
"Kenmore 22-14622 14622 24"" Built-in Dishwasher with UltraWash® Plus System and ...",699.99,sears.com,https://www.sears.com/appliances-dishwashers/b-1020017?adcell=hp_S1c_dishwashers,2025-01-07 00:54:18,appliances,
"Kenmore 22-14589 14589 24"" Built-in Dishwasher with UltraWash® System and Smart...",499.99,sears.com,https://www.sears.com/appliances-dishwashers/b-1020017?adcell=hp_S1c_dishwashers,2025-01-07 00:54:18,appliances,
"Kenmore 22-14582 14582 24"" Built-in Dishwasher with UltraWash® System and Smart...",499.99,sears.com,https://www.sears.com/appliances-dishwashers/b-1020017?adcell=hp_S1c_dishwashers,2025-01-07 00:54:18,appliances,
GE Appliances GDT550PYRFS GE® Top Control with Plastic Interior Dishwasher with...,477.0,sears.com,https://www.sears.com/appliances-dishwashers/b-1020017?adcell=hp_S1c_dishwashers,2025-01-07 00:54:18,appliances,
"Kenmore 22-14629 14629 24"" Built-in Dishwasher with UltraWash® Plus System and ...",699.99,sears.com,https://www.sears.com/appliances-dishwashers/b-1020017?adcell=hp_S1c_dishwashers,2025-01-07 00:54:18,appliances,
LG LDTH7972S  Smart Top Control Dishwasher w/ QuadWash® Pro & Dynamic Heat Dry&...,999.99,sears.com,https://www.sears.com/appliances-dishwashers/b-1020017?adcell=hp_S1c_dishwashers,2025-01-07 00:54:18,appliances,
Frigidaire FDPC4221AW  24'' Built-In Dishwasher with 5-Level Wash System,329.99,sears.com,https://www.sears.com/appliances-dishwashers/b-1020017?adcell=hp_S1c_dishwashers,2025-01-07 00:54:18,appliances,
Samsung DW80R9950US/AA Linear Wash Dishwasher - Stainless Steel,866.99,sears.com,https://www.sears.com/appliances-dishwashers/b-1020017?adcell=hp_S1c_dishwashers,2025-01-07 00:54:18,appliances,
"Kenmore 22-14599  14599 24"" Built-in Dishwasher with UltraWash® System and Smar...",599.99,sears.com,https://www.sears.com/appliances-dishwashers/b-1020017?adcell=hp_S1c_dishwashers,2025-01-07 00:54:18,appliances,
"Frigidaire FFCD2413US 24"" Built-In Dishwasher - Stainless Steel",359.99,sears.com,https://www.sears.com/appliances-dishwashers/b-1020017?adcell=hp_S1c_dishwashers,2025-01-07 00:54:18,appliances,
Samsung DW80CG4051SRAA Fingerprint Resistant 51 dBA Dishwasher with 3rd Rack in Stai...,554.99,sears.com,https://www.sears.com/appliances-dishwashers/b-1020017?adcell=hp_S1c_dishwashers,2025-01-07 00:54:18,appliances,
"Frigidaire FFCD2413UB 24"" Built-In Dishwasher - Black",359.99,sears.com,https://www.sears.com/appliances-dishwashers/b-1020017?adcell=hp_S1c_dishwashers,2025-01-07 00:54:18,appliances,
"LG LDFC2423V  Front Control Dishwasher, with Dynamic Dry™ - Stainless Steel Lo...",499.99,sears.com,https://www.sears.com/appliances-dishwashers/b-1020017?adcell=hp_S1c_dishwashers,2025-01-07 00:54:18,appliances,
Danby DDW621WDB Countertop Dishwasher with 6 Place Settings 6 Wash Cycles and Silver...,464.27,sears.com,https://www.sears.com/appliances-dishwashers/b-1020017?adcell=hp_S1c_dishwashers,2025-01-07 00:54:18,appliances,
"Frigidaire FFCD2413UW  24"" Built-In Dishwasher",359.99,sears.com,https://www.sears.com/appliances-dishwashers/b-1020017?adcell=hp_S1c_dishwashers,2025-01-07 00:54:18,appliances,
"GE Appliances GPT225SSLSS 24"" Portable Dishwasher - Stainless Steel",721.99,sears.com,https://www.sears.com/appliances-dishwashers/b-1020017?adcell=hp_S1c_dishwashers,2025-01-07 00:54:18,appliances,
LG LDTH5554D  Top Control Dishwasher with 1-Hour Wash & Dry Cycle & Dynamic Heat Dry...,899.99,sears.com,https://www.sears.com/appliances-dishwashers/b-1020017?adcell=hp_S1c_dishwashers,2025-01-07 00:54:18,appliances,
First Choice Parts 4Pack W10195417 Dishwasher Wheels Lower Rack for Kenmore Whirlpoo...,14.98,sears.com,https://www.sears.com/appliances-dishwashers/b-1020017?adcell=hp_S1c_dishwashers,2025-01-07 00:54:18,appliances,
"Kenmore 22-14592  14592 24"" Built-in Dishwasher with UltraWash® System and Smar...",599.99,sears.com,https://www.sears.com/appliances-dishwashers/b-1020017?adcell=hp_S1c_dishwashers,2025-01-07 00:54:18,appliances,
"AMI PARTS W10508950 Dishwasher Upper Dishrack Slide Rail Stop clip By AMI,To Be Able...",8.34,sears.com,https://www.sears.com/appliances-dishwashers/b-1020017?adcell=hp_S1c_dishwashers,2025-01-07 00:54:18,appliances,
LG LDFC2423W  Front Control Dishwasher,499.99,sears.com,https://www.sears.com/appliances-dishwashers/b-1020017?adcell=hp_S1c_dishwashers,2025-01-07 00:54:18,appliances,
Kelaro Universal Dishwasher Drain Hose - 6 Foot - corrugated and Flexible Hose for I...,18.53,sears.com,https://www.sears.com/appliances-dishwashers/b-1020017?adcell=hp_S1c_dishwashers,2025-01-07 00:54:18,appliances,
LG LDFN3432T  Front Control Dishwasher with QuadWash™ - Stainless Steel,549.99,sears.com,https://www.sears.com/appliances-dishwashers/b-1020017?adcell=hp_S1c_dishwashers,2025-01-07 00:54:18,appliances,
Frigidaire FDPH4316AS  24 in. Built-in Dishwasher with MaxDry™ - Stainless Ste...,476.99,sears.com,https://www.sears.com/appliances-dishwashers/b-1020017?adcell=hp_S1c_dishwashers,2025-01-07 00:54:18,appliances,
Frigidaire FDPC4221AS  24'' Built-In Dishwasher with 5-Level Wash System - Stainless...,329.99,sears.com,https://www.sears.com/appliances-dishwashers/b-1020017?adcell=hp_S1c_dishwashers,2025-01-07 00:54:18,appliances,
LG LDFN4542D  Front Control Dishwasher with QuadWash™ - PrintProof™ Blac...,699.99,sears.com,https://www.sears.com/appliances-dishwashers/b-1020017?adcell=hp_S1c_dishwashers,2025-01-07 00:54:18,appliances,
"Frigidaire Gallery FGID2479SF 24"" Built-In Dishwasher with EvenDry System - Stainles...",835.13,sears.com,https://www.sears.com/appliances-dishwashers/b-1020017?adcell=hp_S1c_dishwashers,2025-01-07 00:54:18,appliances,
Frigidaire FFCL1542AW  14.8 cu. ft. Chest Freezer,599.0,sears.com,https://www.sears.com/appliances-freezers-ice-makers/b-1020019?subCatView=true&adcell=hp_S1c_freezers,2025-01-07 00:54:18,appliances,
Frigidaire FFUM0623AW  6 cu. ft. Upright Freezer,299.99,sears.com,https://www.sears.com/appliances-freezers-ice-makers/b-1020019?subCatView=true&adcell=hp_S1c_freezers,2025-01-07 00:54:18,appliances,
Frigidaire FFFU16F2VW  15.5 cu. ft. Frost Free Upright Freezer with EvenTemp™ ...,769.88,sears.com,https://www.sears.com/appliances-freezers-ice-makers/b-1020019?subCatView=true&adcell=hp_S1c_freezers,2025-01-07 00:54:18,appliances,
Frigidaire EFRF7003 7 CF Chest Freezer,260.41,sears.com,https://www.sears.com/appliances-freezers-ice-makers/b-1020019?subCatView=true&adcell=hp_S1c_freezers,2025-01-07 00:54:18,appliances,
Frigidaire EFRF5003 5 CF Chest Freezer,215.51,sears.com,https://www.sears.com/appliances-freezers-ice-makers/b-1020019?subCatView=true&adcell=hp_S1c_freezers,2025-01-07 00:54:18,appliances,
"joy pebble nugget stainless steel ice maker, countertop chewable nugget ice machine,...",251.59,sears.com,https://www.sears.com/appliances-freezers-ice-makers/b-1020019?subCatView=true&adcell=hp_S1c_freezers,2025-01-07 00:54:18,appliances,
"Commercial Cool 2.8 Cu. Ft. Upright Freezer,Black",199.99,sears.com,https://www.sears.com/appliances-freezers-ice-makers/b-1020019?subCatView=true&adcell=hp_S1c_freezers,2025-01-07 00:54:18,appliances,
Avanti CF350F0W 3.5 Cu. Ft. White Chest Freezer,179.99,sears.com,https://www.sears.com/appliances-freezers-ice-makers/b-1020019?subCatView=true&adcell=hp_S1c_freezers,2025-01-07 00:54:18,appliances,
Frigidaire FFCL2542AW  24.8 cu. ft. Chest Freezer,949.99,sears.com,https://www.sears.com/appliances-freezers-ice-makers/b-1020019?subCatView=true&adcell=hp_S1c_freezers,2025-01-07 00:54:18,appliances,
Frigidaire FFUE2024AW  20 cu. ft. Upright Freezer,899.0,sears.com,https://www.sears.com/appliances-freezers-ice-makers/b-1020019?subCatView=true&adcell=hp_S1c_freezers,2025-01-07 00:54:18,appliances,
Frigidaire FFCL2042AW  19.8 cu. ft. Chest Freezer,849.0,sears.com,https://www.sears.com/appliances-freezers-ice-makers/b-1020019?subCatView=true&adcell=hp_S1c_freezers,2025-01-07 00:54:18,appliances,
Frigidaire EFRF9003 9 CF Chest Freezer,350.21,sears.com,https://www.sears.com/appliances-freezers-ice-makers/b-1020019?subCatView=true&adcell=hp_S1c_freezers,2025-01-07 00:54:18,appliances,
Cooler Depot 81 in. W 72 cu. ft. Auto Defrost 3-Door Commercial Upright Reach-In Fre...,4385.0,sears.com,https://www.sears.com/appliances-freezers-ice-makers/b-1020019?subCatView=true&adcell=hp_S1c_freezers,2025-01-07 00:54:18,appliances,
Cooler Depot 500 lbs. Cube Ice Commercial Ice Maker in Stainless Steel,3660.0,sears.com,https://www.sears.com/appliances-freezers-ice-makers/b-1020019?subCatView=true&adcell=hp_S1c_freezers,2025-01-07 00:54:18,appliances,
Avallon AIMg151gSSILH 15 Inch Wide 26 Lbs Built-InFree Standing Ice Maker with 56 Lb...,3527.14,sears.com,https://www.sears.com/appliances-freezers-ice-makers/b-1020019?subCatView=true&adcell=hp_S1c_freezers,2025-01-07 00:54:18,appliances,
"Summit Appliance Summit 15"" wide 62 lb. built-in undercounter commercially listed in...",3150.01,sears.com,https://www.sears.com/appliances-freezers-ice-makers/b-1020019?subCatView=true&adcell=hp_S1c_freezers,2025-01-07 00:54:18,appliances,
FRIGIDAIRE FPFU19F8WF Frigidaire Professional 19 Cu. Ft. Single-Door Freezer,2999.0,sears.com,https://www.sears.com/appliances-freezers-ice-makers/b-1020019?subCatView=true&adcell=hp_S1c_freezers,2025-01-07 00:54:18,appliances,
thinkstar De500Imouss Outdoor Built-In Ice Maker In Stainless Steel | Large Clear Ic...,3330.29,sears.com,https://www.sears.com/appliances-freezers-ice-makers/b-1020019?subCatView=true&adcell=hp_S1c_freezers,2025-01-07 00:54:18,appliances,
"thinkstar Mim250 Commercial Ice Maker Machine Programmable, Stainless Steel Self-Con...",3208.29,sears.com,https://www.sears.com/appliances-freezers-ice-makers/b-1020019?subCatView=true&adcell=hp_S1c_freezers,2025-01-07 00:54:18,appliances,
Summit Appliances Summit Appliance 62 lb. Clear Outdoor/Indoor Icemaker,2847.51,sears.com,https://www.sears.com/appliances-freezers-ice-makers/b-1020019?subCatView=true&adcell=hp_S1c_freezers,2025-01-07 00:54:18,appliances,
"SUMMIT VLT204 19.8 CU.FT. Chest Freezer, -35 c",2803.17,sears.com,https://www.sears.com/appliances-freezers-ice-makers/b-1020019?subCatView=true&adcell=hp_S1c_freezers,2025-01-07 00:54:18,appliances,
Great Choice Products Industrial Modular Full Dice Ice Cube Machine W/ 198 Lbs Stora...,3111.65,sears.com,https://www.sears.com/appliances-freezers-ice-makers/b-1020019?subCatView=true&adcell=hp_S1c_freezers,2025-01-07 00:54:18,appliances,
Summit 15 wide ADA compliant builtin undercounter panelready NSFlisted clear icemake...,3111.44,sears.com,https://www.sears.com/appliances-freezers-ice-makers/b-1020019?subCatView=true&adcell=hp_S1c_freezers,2025-01-07 00:54:18,appliances,
Cooler Depot 54 in. W 47 cu. ft. Frost-free Two Door Commercial Reach In Upright Fre...,2778.0,sears.com,https://www.sears.com/appliances-freezers-ice-makers/b-1020019?subCatView=true&adcell=hp_S1c_freezers,2025-01-07 00:54:18,appliances,
"thinkstar Commercial Slushy Machine 15L X 3, 11.88 Gallon Margarita Machine, 600W Fr...",3055.29,sears.com,https://www.sears.com/appliances-freezers-ice-makers/b-1020019?subCatView=true&adcell=hp_S1c_freezers,2025-01-07 00:54:18,appliances,
"Summit Appliance Bim44Gcssif Built-In Clear Icemaker, 50 Lb Production Capacity, Bui...",3051.44,sears.com,https://www.sears.com/appliances-freezers-ice-makers/b-1020019?subCatView=true&adcell=hp_S1c_freezers,2025-01-07 00:54:18,appliances,
Summit Appliance Summit Commercial Built-in kegerator for use under ADA compliant co...,2744.59,sears.com,https://www.sears.com/appliances-freezers-ice-makers/b-1020019?subCatView=true&adcell=hp_S1c_freezers,2025-01-07 00:54:18,appliances,
Great Choice Prodcuts Freestanding Ice Machine 353LBS/24H Ice Machine w/ 198 LBS Sto...,3041.79,sears.com,https://www.sears.com/appliances-freezers-ice-makers/b-1020019?subCatView=true&adcell=hp_S1c_freezers,2025-01-07 00:54:18,appliances,
"Cooler Depot NEW 72"" Commercial Undercounter Freezer 3 Door TUC72F Restaurant Bar NSF",2722.0,sears.com,https://www.sears.com/appliances-freezers-ice-makers/b-1020019?subCatView=true&adcell=hp_S1c_freezers,2025-01-07 00:54:18,appliances,
Summit Appliances Summit Appliance 62 lb Clear OutdoorIndoor Icemaker,2968.59,sears.com,https://www.sears.com/appliances-freezers-ice-makers/b-1020019?subCatView=true&adcell=hp_S1c_freezers,2025-01-07 00:54:18,appliances,
Summit Appliance Summit Commercial ADA compliant built-in commercial dual tap wine k...,2554.23,sears.com,https://www.sears.com/appliances-freezers-ice-makers/b-1020019?subCatView=true&adcell=hp_S1c_freezers,2025-01-07 00:54:18,appliances,
24 in. Built-In Smart Convection Microwave Drawer Oven (SMD2499FS),2199.99,sharpusa.com,https://shop.sharpusa.com/products/microwave-ovens/,2025-01-07 20:06:04,microwave-ovens,
24 in. 1.2 cu. ft. 950W Sharp Stainless Steel Smart Easy Wave Open Microwave Drawer Oven (SMD2479JS),1499.99,sharpusa.com,https://shop.sharpusa.com/products/microwave-ovens/,2025-01-07 20:06:04,microwave-ovens,
24 in. 1.2 cu. ft. 950W Sharp Stainless Steel Smart Easy Wave Open Microwave Drawer Oven (SMD2489ES),1499.99,sharpusa.com,https://shop.sharpusa.com/products/microwave-ovens/,2025-01-07 20:06:04,microwave-ovens,
24 in. 1.2 cu. ft. 950W Sharp Black Stainless Steel Microwave Drawer Oven (SMD2470AH),1399.99,sharpusa.com,https://shop.sharpusa.com/products/microwave-ovens/,2025-01-07 20:06:04,microwave-ovens,
30 in. 1.2 cu. ft. 950W Sharp Stainless Steel Microwave Drawer Oven (SMD3070ASY),1399.99,sharpusa.com,https://shop.sharpusa.com/products/microwave-ovens/,2025-01-07 20:06:04,microwave-ovens,
24 in. 1.2 cu. ft. 950W Sharp Stainless Steel Microwave Drawer Oven (SMD2470ASY),1299.99,sharpusa.com,https://shop.sharpusa.com/products/microwave-ovens/,2025-01-07 20:06:04,microwave-ovens,
24 in. 1.2 cu. ft. Built-In Stainless Steel Microwave Drawer Oven (SMD2440JS),1199.99,sharpusa.com,https://shop.sharpusa.com/products/microwave-ovens/,2025-01-07 20:06:04,microwave-ovens,
24 in. 1.2 cu. ft. 950W Sharp Easy Open Stainless Steel Microwave Drawer (KB6524PSY),1099.99,sharpusa.com,https://shop.sharpusa.com/products/microwave-ovens/,2025-01-07 20:06:04,microwave-ovens,
1.1 cu. ft. 850W Sharp Stainless Steel Over-the-Range Convection Microwave Oven (R1874TY),599.99,sharpusa.com,https://shop.sharpusa.com/products/microwave-ovens/,2025-01-07 20:06:04,microwave-ovens,
1.5 cu. ft. 900W Sharp Stainless Steel Carousel Convection + Microwave Oven (SMC1585BS),599.99,sharpusa.com,https://shop.sharpusa.com/products/microwave-ovens/,2025-01-07 20:06:04,microwave-ovens,
Sharp 1.5 cu. ft. 900W Stainless Steel Convection Countertop Microwave Oven (SMC1585KS),599.99,sharpusa.com,https://shop.sharpusa.com/products/microwave-ovens/,2025-01-07 20:06:04,microwave-ovens,
1.5 cu. ft. 900W Sharp Matte Black Carousel Convection Microwave Oven (SMC1585BB),499.99,sharpusa.com,https://shop.sharpusa.com/products/microwave-ovens/,2025-01-07 20:06:04,microwave-ovens,
Sharp Smart Combi Built-In Steam Oven (SSC2489GS),2499.99,sharpusa.com,https://shop.sharpusa.com/products/steam-ovens/,2025-01-07 20:06:04,steam-ovens,
Sharp SuperSteam+ Smart Superheated Steam and Convection Built-In Wall Oven (SSC2489DS),2499.99,sharpusa.com,https://shop.sharpusa.com/products/steam-ovens/,2025-01-07 20:06:04,steam-ovens,
Supersteam+ Superheated Steam and Convection Built-in Wall Oven (SSC3088AS),1999.99,sharpusa.com,https://shop.sharpusa.com/products/steam-ovens/,2025-01-07 20:06:04,steam-ovens,
Sharp Superheated Steam Countertop Oven (SSC0586DS),199.0,sharpusa.com,https://shop.sharpusa.com/products/steam-ovens/,2025-01-07 20:06:04,steam-ovens,
Stainless Steel European Convection Built-In Double Wall Oven (SWB3062GS),3199.99,sharpusa.com,https://shop.sharpusa.com/products/traditional-convection-wall-ovens/,2025-01-07 20:06:04,traditional-convection-wall-ovens,
Stainless Steel European Convection Built-In Single Wall Oven (SWA3062GS),2299.99,sharpusa.com,https://shop.sharpusa.com/products/traditional-convection-wall-ovens/,2025-01-07 20:06:04,traditional-convection-wall-ovens,
Stainless Steel European Convection Built-In Double Wall Oven (SWB3052DS),1999.99,sharpusa.com,https://shop.sharpusa.com/products/traditional-convection-wall-ovens/,2025-01-07 20:06:04,traditional-convection-wall-ovens,
24 in. Stainless Steel European Convection Built-In Single Wall Oven (SWA2450GS),1699.99,sharpusa.com,https://shop.sharpusa.com/products/traditional-convection-wall-ovens/,2025-01-07 20:06:04,traditional-convection-wall-ovens,
Stainless Steel European Convection Built-In Single Wall Oven (SWA3052DS),1699.99,sharpusa.com,https://shop.sharpusa.com/products/traditional-convection-wall-ovens/,2025-01-07 20:06:04,traditional-convection-wall-ovens,
"36 in. width Induction Cooktop, European Black Mirror Finish Made with Premium SCHOTT Glass (SDH3652DB)",1299.99,sharpusa.com,https://shop.sharpusa.com/products/induction-cooktops/,2025-01-07 20:06:04,induction-cooktops,
Sharp 30 in. Induction Cooktop with Side Accessories (SCH3043GB),1299.99,sharpusa.com,https://shop.sharpusa.com/products/induction-cooktops/,2025-01-07 20:06:04,induction-cooktops,
Sharp 24 in. Induction Cooktop with Side Accessories (SCH2443GB),1199.99,sharpusa.com,https://shop.sharpusa.com/products/induction-cooktops/,2025-01-07 20:06:04,induction-cooktops,
"30 in. width Induction Cooktop, European Black Mirror Finish Made with Premium SCHOTT Glass (SDH3042DB)",999.99,sharpusa.com,https://shop.sharpusa.com/products/induction-cooktops/,2025-01-07 20:06:04,induction-cooktops,
24 in. Drop-In Radiant Cooktop with Side Accessories  (SCR2442FB),799.99,sharpusa.com,https://shop.sharpusa.com/products/induction-cooktops/,2025-01-07 20:06:04,induction-cooktops,
30 in. Drop-In Radiant Cooktop with Side Accessories  (SCR3042FB),799.99,sharpusa.com,https://shop.sharpusa.com/products/induction-cooktops/,2025-01-07 20:06:04,induction-cooktops,
30 in. Drop-In Radiant Cooktop (SCR3041GB),649.99,sharpusa.com,https://shop.sharpusa.com/products/induction-cooktops/,2025-01-07 20:06:04,induction-cooktops,
Sharp Smart Plasmacluster Ion Air Purifier with True HEPA + Humidifier for Extra Large Rooms (KCP110UW),559.99,sharpusa.com,https://shop.sharpusa.com/products/air-purifiers/,2025-01-07 20:06:04,air-purifiers,
Sharp Smart Plasmacluster Ion Air Purifier with True HEPA + Humidifier for Large Rooms (KCP70UW),469.99,sharpusa.com,https://shop.sharpusa.com/products/air-purifiers/,2025-01-07 20:06:04,air-purifiers,
Sharp Plasmacluster Ion Air Purifier with True HEPA + Humidifier for Large Rooms (KC860U),449.99,sharpusa.com,https://shop.sharpusa.com/products/air-purifiers/,2025-01-07 20:06:04,air-purifiers,
Sharp Smart Plasmacluster Ion Air Purifier with True HEPA for Extra Large Rooms (FXJ80UW),399.99,sharpusa.com,https://shop.sharpusa.com/products/air-purifiers/,2025-01-07 20:06:04,air-purifiers,
Sharp Plasmacluster Ion Air Purifier with True HEPA + Humidifier for Medium Rooms (KC850U),349.99,sharpusa.com,https://shop.sharpusa.com/products/air-purifiers/,2025-01-07 20:06:04,air-purifiers,
Sharp Plasmacluster Ion Air Purifier with True HEPA for Large Rooms (FPA80UW),249.99,sharpusa.com,https://shop.sharpusa.com/products/air-purifiers/,2025-01-07 20:06:04,air-purifiers,
Sharp Plasmacluster Ion Air Purifier with True HEPA for Medium Rooms (FPK50UW),129.99,sharpusa.com,https://shop.sharpusa.com/products/air-purifiers/,2025-01-07 20:06:04,air-purifiers,
Sharp True HEPA Air Purifier with Express Clean for Small Rooms (FPF30UH),99.99,sharpusa.com,https://shop.sharpusa.com/products/air-purifiers/,2025-01-07 20:06:04,air-purifiers,
24 in. Slide-In Smart 42 dB Dishwasher (SDW6888JS),799.99,sharpusa.com,https://shop.sharpusa.com/products/dishwashers/,2025-01-07 20:06:04,dishwashers,
24 in. Slide-In Smart 45 dB Dishwasher (SDW6767HS),649.99,sharpusa.com,https://shop.sharpusa.com/products/dishwashers/,2025-01-07 20:06:04,dishwashers,
24 in. Slide-In Stainless Steel 45 dB Dishwasher (SDW6757ES),629.99,sharpusa.com,https://shop.sharpusa.com/products/dishwashers/,2025-01-07 20:06:04,dishwashers,
Sharp 24 in. Stainless Steel Hybrid 52dB Dishwasher (SDW6504MS),599.99,sharpusa.com,https://shop.sharpusa.com/products/dishwashers/,2025-01-07 20:06:04,dishwashers,
24 in. Slide-In Stainless Steel Pocket Handle 45 dB Dishwasher (SDW6747GS),549.99,sharpusa.com,https://shop.sharpusa.com/products/dishwashers/,2025-01-07 20:06:04,dishwashers,
24 in. Slide-In Stainless Steel Hybrid 49 dB Dishwasher (SDW6506JS),479.99,sharpusa.com,https://shop.sharpusa.com/products/dishwashers/,2025-01-07 20:06:04,dishwashers,
Sharp French 4-Door Counter-Depth Refrigerator with Water Dispenser (SJG2254FS),3299.99,sharpusa.com,https://shop.sharpusa.com/products/refrigerator/,2025-01-07 20:06:04,refrigerators,
Sharp French 3-Door Refrigerator with Water Dispenser (SJF2955KS),2999.99,sharpusa.com,https://shop.sharpusa.com/products/refrigerator/,2025-01-07 20:06:04,refrigerators,
Sharp French 4-Door Counter-Depth Refrigerator (SJG2351FS),1699.99,sharpusa.com,https://shop.sharpusa.com/products/refrigerator/,2025-01-07 20:06:04,refrigerators,
Sharp 24 in. Bottom-Freezer Counter-Depth Refrigerator (SJB1255GS),1299.99,sharpusa.com,https://shop.sharpusa.com/products/refrigerator/,2025-01-07 20:06:04,refrigerators,
2.1 cu. ft. Over-the-Range Microwave with Wi-Fi in Fingerprint Resistant Stainless Steel,329.0,samsung.com,https://www.samsung.com/us/home-appliances/microwaves/all-microwaves/?type=Over+the+range&shop=Buy+Online,2025-01-07 20:06:04,microwaves,Price includes $130 instant savings - 28% off. Limited time only.
Bespoke 2.1 cu. ft. Over-the-Range Microwave with Auto Dimming Glass Touch Controls in Fingerprint Resistant Stainless Steel,429.0,samsung.com,https://www.samsung.com/us/home-appliances/microwaves/all-microwaves/?type=Over+the+range&shop=Buy+Online,2025-01-07 20:06:04,microwaves,Price includes $150 instant savings - 26% off. Limited time only.
Bespoke 2.1 cu. ft. Over-the-Range Microwave with Edge to Edge Glass Display in Fingerprint Resistant Stainless Steel,379.0,samsung.com,https://www.samsung.com/us/home-appliances/microwaves/all-microwaves/?type=Over+the+range&shop=Buy+Online,2025-01-07 20:06:04,microwaves,Price includes $120 instant savings - 24% off. Limited time only.
"1.1 cu. ft. Bespoke Smart SLIM Over-the-Range Microwave with 400 CFM Hood Ventilation, Wi-Fi & Voice Control in White Glass",479.0,samsung.com,https://www.samsung.com/us/home-appliances/microwaves/all-microwaves/?type=Over+the+range&shop=Buy+Online,2025-01-07 20:06:04,microwaves,Price includes $120 instant savings - 20% off. Limited time only.
"30"" Smart Electric Wall Oven with Microwave Combination in Black Stainless Steel",2699.0,samsung.com,https://www.samsung.com/us/home-appliances/wall-ovens/all-wall-ovens/?shop=Buy+Online,2025-01-07 20:06:04,wall-ovens,Price includes $950 instant savings - 26% off. Limited time only.
"30"" Smart Single Wall Oven in Black Stainless Steel",1399.0,samsung.com,https://www.samsung.com/us/home-appliances/wall-ovens/all-wall-ovens/?shop=Buy+Online,2025-01-07 20:06:04,wall-ovens,Price includes $450 instant savings - 24% off. Limited time only.
"30"" Smart Double Wall Oven in Black Stainless Steel",2099.0,samsung.com,https://www.samsung.com/us/home-appliances/wall-ovens/all-wall-ovens/?shop=Buy+Online,2025-01-07 20:06:04,wall-ovens,Price includes $750 instant savings - 26% off. Limited time only.
"30"" Double Wall Oven in Black Stainless Steel",2399.0,samsung.com,https://www.samsung.com/us/home-appliances/wall-ovens/all-wall-ovens/?shop=Buy+Online,2025-01-07 20:06:04,wall-ovens,
4.5 cu. ft. Ultra Large Capacity Smart wi-fi Enabled Front Load Washer with TurboWash™ 360° and Built-In Intelligence,799.0,lg.com,https://www.lg.com/us/washers,2025-01-07 20:06:04,washers,$350 OFF
Ventless Washer/Dryer Combo LG WashCombo™ All-in-One 5.0 cu. ft. Mega Capacity with Inverter HeatPump™ Technology and Direct Drive Motor,1999.0,lg.com,https://www.lg.com/us/washers,2025-01-07 20:06:04,washers,"$1,000 OFF"
5.0 cu. ft. Mega Capacity Top Load Washer with TurboDrum™ Technology,749.0,lg.com,https://www.lg.com/us/washers,2025-01-07 20:06:04,washers,$200 OFF
"5.5 cu.ft. Mega Capacity Smart Top Load Washer with EasyUnload™, AI Sensing, ezDispense®, Water Faucet & LCD Digital Dial Control",1049.0,lg.com,https://www.lg.com/us/washers,2025-01-07 20:06:04,washers,$250 OFF
"LG STUDIO Smart Top Control Dishwasher with 1-Hour Wash & Dry, QuadWash® Pro, TrueSteam® and Dynamic Heat Dry™",1199.0,lg.com,https://www.lg.com/us/dishwashers,2025-01-07 20:06:04,dishwashers,$300 OFF
"Smart Top-Control Dishwasher with 1-Hour Wash & Dry, QuadWash® Pro, and Dynamic Heat Dry™",749.0,lg.com,https://www.lg.com/us/dishwashers,2025-01-07 20:06:04,dishwashers,$300 OFF
Front Control Dishwasher with QuadWash™ and EasyRack™ Plus,749.0,lg.com,https://www.lg.com/us/dishwashers,2025-01-07 20:06:04,dishwashers,
Front Control Dishwasher with QuadWash™,529.0,lg.com,https://www.lg.com/us/dishwashers,2025-01-07 20:06:04,dishwashers,$270 OFF
"LG STUDIO, 36"" Chimney Style Hood, Essence White",1199.0,lg.com,https://www.lg.com/us/cooking-appliances,2025-01-07 20:06:04,cooking-appliances,$100 OFF
"LG STUDIO, 30"" Chimney Style Hood, Essence White",1099.0,lg.com,https://www.lg.com/us/cooking-appliances,2025-01-07 20:06:04,cooking-appliances,$100 OFF
LG STUDIO 1.7/4.7 cu. ft. Combination Double Wall Oven with Air Fry,3599.0,lg.com,https://www.lg.com/us/cooking-appliances,2025-01-07 20:06:04,cooking-appliances,$600 OFF
LG STUDIO 6.3 cu. ft. InstaView® Gas Slide-in Range with ProBake Convection® and Air Fry,2299.0,lg.com,https://www.lg.com/us/cooking-appliances,2025-01-07 20:06:04,cooking-appliances,$600 OFF
LG STUDIO 6.3 cu. ft. InstaView® Electric Slide-in Range with ProBake Convection® and Air Fry,2199.0,lg.com,https://www.lg.com/us/cooking-appliances,2025-01-07 20:06:04,cooking-appliances,$600 OFF
LG STUDIO 1.7 cu. ft. Over-the-Range Convection Microwave Oven with Air Fry,899.0,lg.com,https://www.lg.com/us/cooking-appliances,2025-01-07 20:06:04,cooking-appliances,$50 OFF
2.0 cu. ft. Smart Over-the-Range Microwave,349.0,lg.com,https://www.lg.com/us/cooking-appliances,2025-01-07 20:06:04,cooking-appliances,$110 OFF
"6.3 cu. ft. Smart Induction Slide-in Range with InstaView®, ProBake Convection®, Air Fry, and Air Sous Vide",2099.0,lg.com,https://www.lg.com/us/cooking-appliances,2025-01-07 20:06:04,cooking-appliances,$900 OFF
6.3 cu ft. Smart wi-fi Enabled ProBake Convection® InstaView® Gas Slide-In Range with Air Fry,1399.0,lg.com,https://www.lg.com/us/cooking-appliances,2025-01-07 20:06:04,cooking-appliances,$700 OFF
LG STUDIO 36” Electric Cooktop,1099.0,lg.com,https://www.lg.com/us/cooking-appliances,2025-01-07 20:06:04,cooking-appliances,$300 OFF
2.1 cu. ft. Smart Over-the-Range Microwave with ExtendaVent® 2.0,399.0,lg.com,https://www.lg.com/us/cooking-appliances,2025-01-07 20:06:04,cooking-appliances,$130 OFF
1.8 cu. ft. Smart Over-the-Range Microwave,299.0,lg.com,https://www.lg.com/us/cooking-appliances,2025-01-07 20:06:04,cooking-appliances,$90 OFF
24 in. Built-In Smart Convection Microwave Drawer Oven (SMD2499FS),2199.99,sharpusa.com,https://shop.sharpusa.com/products/microwave-ovens/,2025-01-08 20:13:24,microwave-ovens,
24 in. 1.2 cu. ft. 950W Sharp Stainless Steel Smart Easy Wave Open Microwave Drawer Oven (SMD2479JS),1499.99,sharpusa.com,https://shop.sharpusa.com/products/microwave-ovens/,2025-01-08 20:13:24,microwave-ovens,
24 in. 1.2 cu. ft. 950W Sharp Stainless Steel Smart Easy Wave Open Microwave Drawer Oven (SMD2489ES),1499.99,sharpusa.com,https://shop.sharpusa.com/products/microwave-ovens/,2025-01-08 20:13:24,microwave-ovens,
24 in. 1.2 cu. ft. 950W Sharp Black Stainless Steel Microwave Drawer Oven (SMD2470AH),1399.99,sharpusa.com,https://shop.sharpusa.com/products/microwave-ovens/,2025-01-08 20:13:24,microwave-ovens,
30 in. 1.2 cu. ft. 950W Sharp Stainless Steel Microwave Drawer Oven (SMD3070ASY),1399.99,sharpusa.com,https://shop.sharpusa.com/products/microwave-ovens/,2025-01-08 20:13:24,microwave-ovens,
24 in. 1.2 cu. ft. 950W Sharp Stainless Steel Microwave Drawer Oven (SMD2470ASY),1299.99,sharpusa.com,https://shop.sharpusa.com/products/microwave-ovens/,2025-01-08 20:13:24,microwave-ovens,
24 in. 1.2 cu. ft. Built-In Stainless Steel Microwave Drawer Oven (SMD2440JS),1199.99,sharpusa.com,https://shop.sharpusa.com/products/microwave-ovens/,2025-01-08 20:13:24,microwave-ovens,
24 in. 1.2 cu. ft. 950W Sharp Easy Open Stainless Steel Microwave Drawer (KB6524PSY),1099.99,sharpusa.com,https://shop.sharpusa.com/products/microwave-ovens/,2025-01-08 20:13:24,microwave-ovens,
1.1 cu. ft. 850W Sharp Stainless Steel Over-the-Range Convection Microwave Oven (R1874TY),599.99,sharpusa.com,https://shop.sharpusa.com/products/microwave-ovens/,2025-01-08 20:13:24,microwave-ovens,
1.5 cu. ft. 900W Sharp Stainless Steel Carousel Convection + Microwave Oven (SMC1585BS),599.99,sharpusa.com,https://shop.sharpusa.com/products/microwave-ovens/,2025-01-08 20:13:24,microwave-ovens,
Sharp 1.5 cu. ft. 900W Stainless Steel Convection Countertop Microwave Oven (SMC1585KS),599.99,sharpusa.com,https://shop.sharpusa.com/products/microwave-ovens/,2025-01-08 20:13:24,microwave-ovens,
1.5 cu. ft. 900W Sharp Matte Black Carousel Convection Microwave Oven (SMC1585BB),499.99,sharpusa.com,https://shop.sharpusa.com/products/microwave-ovens/,2025-01-08 20:13:24,microwave-ovens,
Sharp Smart Combi Built-In Steam Oven (SSC2489GS),2499.99,sharpusa.com,https://shop.sharpusa.com/products/steam-ovens/,2025-01-08 20:13:24,steam-ovens,
Sharp SuperSteam+ Smart Superheated Steam and Convection Built-In Wall Oven (SSC2489DS),2499.99,sharpusa.com,https://shop.sharpusa.com/products/steam-ovens/,2025-01-08 20:13:24,steam-ovens,
Supersteam+ Superheated Steam and Convection Built-in Wall Oven (SSC3088AS),1999.99,sharpusa.com,https://shop.sharpusa.com/products/steam-ovens/,2025-01-08 20:13:24,steam-ovens,
Sharp Superheated Steam Countertop Oven (SSC0586DS),199.0,sharpusa.com,https://shop.sharpusa.com/products/steam-ovens/,2025-01-08 20:13:24,steam-ovens,
Stainless Steel European Convection Built-In Double Wall Oven (SWB3062GS),3199.99,sharpusa.com,https://shop.sharpusa.com/products/traditional-convection-wall-ovens/,2025-01-08 20:13:24,traditional-convection-wall-ovens,
Stainless Steel European Convection Built-In Single Wall Oven (SWA3062GS),2299.99,sharpusa.com,https://shop.sharpusa.com/products/traditional-convection-wall-ovens/,2025-01-08 20:13:24,traditional-convection-wall-ovens,
Stainless Steel European Convection Built-In Double Wall Oven (SWB3052DS),1999.99,sharpusa.com,https://shop.sharpusa.com/products/traditional-convection-wall-ovens/,2025-01-08 20:13:24,traditional-convection-wall-ovens,
24 in. Stainless Steel European Convection Built-In Single Wall Oven (SWA2450GS),1699.99,sharpusa.com,https://shop.sharpusa.com/products/traditional-convection-wall-ovens/,2025-01-08 20:13:24,traditional-convection-wall-ovens,
Stainless Steel European Convection Built-In Single Wall Oven (SWA3052DS),1699.99,sharpusa.com,https://shop.sharpusa.com/products/traditional-convection-wall-ovens/,2025-01-08 20:13:24,traditional-convection-wall-ovens,
"36 in. width Induction Cooktop, European Black Mirror Finish Made with Premium SCHOTT Glass (SDH3652DB)",1299.99,sharpusa.com,https://shop.sharpusa.com/products/induction-cooktops/,2025-01-08 20:13:24,induction-cooktops,
Sharp 30 in. Induction Cooktop with Side Accessories (SCH3043GB),1299.99,sharpusa.com,https://shop.sharpusa.com/products/induction-cooktops/,2025-01-08 20:13:24,induction-cooktops,
Sharp 24 in. Induction Cooktop with Side Accessories (SCH2443GB),1199.99,sharpusa.com,https://shop.sharpusa.com/products/induction-cooktops/,2025-01-08 20:13:24,induction-cooktops,
"30 in. width Induction Cooktop, European Black Mirror Finish Made with Premium SCHOTT Glass (SDH3042DB)",999.99,sharpusa.com,https://shop.sharpusa.com/products/induction-cooktops/,2025-01-08 20:13:24,induction-cooktops,
24 in. Drop-In Radiant Cooktop with Side Accessories  (SCR2442FB),799.99,sharpusa.com,https://shop.sharpusa.com/products/induction-cooktops/,2025-01-08 20:13:24,induction-cooktops,
30 in. Drop-In Radiant Cooktop with Side Accessories  (SCR3042FB),799.99,sharpusa.com,https://shop.sharpusa.com/products/induction-cooktops/,2025-01-08 20:13:24,induction-cooktops,
30 in. Drop-In Radiant Cooktop (SCR3041GB),649.99,sharpusa.com,https://shop.sharpusa.com/products/induction-cooktops/,2025-01-08 20:13:24,induction-cooktops,
Sharp Smart Plasmacluster Ion Air Purifier with True HEPA + Humidifier for Extra Large Rooms (KCP110UW),559.99,sharpusa.com,https://shop.sharpusa.com/products/air-purifiers/,2025-01-08 20:13:24,air-purifiers,
Sharp Smart Plasmacluster Ion Air Purifier with True HEPA + Humidifier for Large Rooms (KCP70UW),469.99,sharpusa.com,https://shop.sharpusa.com/products/air-purifiers/,2025-01-08 20:13:24,air-purifiers,
Sharp Plasmacluster Ion Air Purifier with True HEPA + Humidifier for Large Rooms (KC860U),449.99,sharpusa.com,https://shop.sharpusa.com/products/air-purifiers/,2025-01-08 20:13:24,air-purifiers,
Sharp Smart Plasmacluster Ion Air Purifier with True HEPA for Extra Large Rooms (FXJ80UW),399.99,sharpusa.com,https://shop.sharpusa.com/products/air-purifiers/,2025-01-08 20:13:24,air-purifiers,
Sharp Plasmacluster Ion Air Purifier with True HEPA + Humidifier for Medium Rooms (KC850U),349.99,sharpusa.com,https://shop.sharpusa.com/products/air-purifiers/,2025-01-08 20:13:24,air-purifiers,
Sharp Plasmacluster Ion Air Purifier with True HEPA for Large Rooms (FPA80UW),249.99,sharpusa.com,https://shop.sharpusa.com/products/air-purifiers/,2025-01-08 20:13:24,air-purifiers,
Sharp Plasmacluster Ion Air Purifier with True HEPA for Medium Rooms (FPK50UW),129.99,sharpusa.com,https://shop.sharpusa.com/products/air-purifiers/,2025-01-08 20:13:24,air-purifiers,
Sharp True HEPA Air Purifier with Express Clean for Small Rooms (FPF30UH),99.99,sharpusa.com,https://shop.sharpusa.com/products/air-purifiers/,2025-01-08 20:13:24,air-purifiers,
24 in. Slide-In Smart 42 dB Dishwasher (SDW6888JS),799.99,sharpusa.com,https://shop.sharpusa.com/products/dishwashers/,2025-01-08 20:13:24,dishwashers,
24 in. Slide-In Smart 45 dB Dishwasher (SDW6767HS),649.99,sharpusa.com,https://shop.sharpusa.com/products/dishwashers/,2025-01-08 20:13:24,dishwashers,
24 in. Slide-In Stainless Steel 45 dB Dishwasher (SDW6757ES),629.99,sharpusa.com,https://shop.sharpusa.com/products/dishwashers/,2025-01-08 20:13:24,dishwashers,
Sharp 24 in. Stainless Steel Hybrid 52dB Dishwasher (SDW6504MS),599.99,sharpusa.com,https://shop.sharpusa.com/products/dishwashers/,2025-01-08 20:13:24,dishwashers,
24 in. Slide-In Stainless Steel Pocket Handle 45 dB Dishwasher (SDW6747GS),549.99,sharpusa.com,https://shop.sharpusa.com/products/dishwashers/,2025-01-08 20:13:24,dishwashers,
24 in. Slide-In Stainless Steel Hybrid 49 dB Dishwasher (SDW6506JS),479.99,sharpusa.com,https://shop.sharpusa.com/products/dishwashers/,2025-01-08 20:13:24,dishwashers,
Sharp French 4-Door Counter-Depth Refrigerator with Water Dispenser (SJG2254FS),3299.99,sharpusa.com,https://shop.sharpusa.com/products/refrigerator/,2025-01-08 20:13:24,refrigerators,
Sharp French 3-Door Refrigerator with Water Dispenser (SJF2955KS),2999.99,sharpusa.com,https://shop.sharpusa.com/products/refrigerator/,2025-01-08 20:13:24,refrigerators,
Sharp French 4-Door Counter-Depth Refrigerator (SJG2351FS),1699.99,sharpusa.com,https://shop.sharpusa.com/products/refrigerator/,2025-01-08 20:13:24,refrigerators,
Sharp 24 in. Bottom-Freezer Counter-Depth Refrigerator (SJB1255GS),1299.99,sharpusa.com,https://shop.sharpusa.com/products/refrigerator/,2025-01-08 20:13:24,refrigerators,
Frigidaire FRFS2823AD  27.8 cu. ft. French Door Refrigerator - Black Stainless Steel,1799.99,sears.com,https://www.sears.com/appliances-refrigerators/b-1020022?adcell=hp_S1c_fridges,2025-01-08 20:13:24,appliances,
Frigidaire Gallery GRMC2273CF 21.5 cu. ft. Counter-Depth 4-Door French Door Refriger...,2049.99,sears.com,https://www.sears.com/appliances-refrigerators/b-1020022?adcell=hp_S1c_fridges,2025-01-08 20:13:24,appliances,
Frigidaire FRFS2823AS  27.8 cu. ft. French Door Refrigerator - Stainless Steel,1699.99,sears.com,https://www.sears.com/appliances-refrigerators/b-1020022?adcell=hp_S1c_fridges,2025-01-08 20:13:24,appliances,
Kenmore 75525  17.5 cu. ft. French Door Refrigerator - Fingerprint-Resistant Stainle...,1299.99,sears.com,https://www.sears.com/appliances-refrigerators/b-1020022?adcell=hp_S1c_fridges,2025-01-08 20:13:24,appliances,
"Kenmore 71335  20.4 cu. ft. Top Freezer Refrigerator w/ Icemaker, 33"" Wide - Stainle...",1149.99,sears.com,https://www.sears.com/appliances-refrigerators/b-1020022?adcell=hp_S1c_fridges,2025-01-08 20:13:24,appliances,
Frigidaire FFTR2045VS  20.0 cu. ft. Top Freezer Refrigerator - Stainless Steel,729.99,sears.com,https://www.sears.com/appliances-refrigerators/b-1020022?adcell=hp_S1c_fridges,2025-01-08 20:13:24,appliances,
LG LRSOS2706D  27.1 cu. ft. Side-by-Side InstaView® Refrigerator with Craft Ice...,1699.99,sears.com,https://www.sears.com/appliances-refrigerators/b-1020022?adcell=hp_S1c_fridges,2025-01-08 20:13:24,appliances,
Kenmore 61335  20.5 cu. ft. Top Freezer Refrigerator - Stainless Steel w/Fingerprint...,1049.99,sears.com,https://www.sears.com/appliances-refrigerators/b-1020022?adcell=hp_S1c_fridges,2025-01-08 20:13:24,appliances,
LG LRFXS3106S  30.7 cu. ft. Standard-Depth MAX French-Door Refrigerator with Dual Ic...,2099.99,sears.com,https://www.sears.com/appliances-refrigerators/b-1020022?adcell=hp_S1c_fridges,2025-01-08 20:13:24,appliances,
Kenmore 72312  18.1 cu. ft. Top Freezer Refrigerator with Icemaker,999.99,sears.com,https://www.sears.com/appliances-refrigerators/b-1020022?adcell=hp_S1c_fridges,2025-01-08 20:13:24,appliances,
LG LRMDS3006S  29.5 cu. ft. Super-Capacity 4-Door Refrigerator w/ Door-in-Door®...,2999.99,sears.com,https://www.sears.com/appliances-refrigerators/b-1020022?adcell=hp_S1c_fridges,2025-01-08 20:13:24,appliances,
Frigidaire Gallery GRFS2853AF  27.8 cu. ft. French Door Refrigerator - Smudge-Proof&...,2693.99,sears.com,https://www.sears.com/appliances-refrigerators/b-1020022?adcell=hp_S1c_fridges,2025-01-08 20:13:24,appliances,
Frigidaire FRSS2323AW 22.3 cu. ft. 33-Inch-Wide Side-by-Side Refrigerator,1259.99,sears.com,https://www.sears.com/appliances-refrigerators/b-1020022?adcell=hp_S1c_fridges,2025-01-08 20:13:24,appliances,
Samsung RF32CG5900SRAA 30 Cu. Ft. Mega Capacity 3 Door French Door Refrigerator With...,2777.99,sears.com,https://www.sears.com/appliances-refrigerators/b-1020022?adcell=hp_S1c_fridges,2025-01-08 20:13:24,appliances,
GE Appliances GFE28GYNFS ENERGY STAR 27.7cu.ft. French Door Refrigerator - Stainless...,2221.0,sears.com,https://www.sears.com/appliances-refrigerators/b-1020022?adcell=hp_S1c_fridges,2025-01-08 20:13:24,appliances,
LG LMXS28626S 27.8 cu. ft. 4-Door French Door Refrigerator - Stainless Steel,1899.99,sears.com,https://www.sears.com/appliances-refrigerators/b-1020022?adcell=hp_S1c_fridges,2025-01-08 20:13:24,appliances,
Haier QHE16HYPFS 16.8 Cu. Ft. Quad Door Refrigerator - Stainless Steel,1619.99,sears.com,https://www.sears.com/appliances-refrigerators/b-1020022?adcell=hp_S1c_fridges,2025-01-08 20:13:24,appliances,
Kenmore 61332  20.5 cu. ft. Top Freezer Refrigerator,949.99,sears.com,https://www.sears.com/appliances-refrigerators/b-1020022?adcell=hp_S1c_fridges,2025-01-08 20:13:24,appliances,
LG LRSOS2706S  27.1 cu. ft. Side-by-Side InstaView® Refrigerator with Craft Ice...,1599.99,sears.com,https://www.sears.com/appliances-refrigerators/b-1020022?adcell=hp_S1c_fridges,2025-01-08 20:13:24,appliances,
LG LRMVS3006S  29.5 cu. ft. 4-Door InstaView™ Door-in-Door® Refrigerator ...,3199.99,sears.com,https://www.sears.com/appliances-refrigerators/b-1020022?adcell=hp_S1c_fridges,2025-01-08 20:13:24,appliances,
Frigidaire FFTR2045VW  20.0 cu. ft. Top Freezer Refrigerator,699.99,sears.com,https://www.sears.com/appliances-refrigerators/b-1020022?adcell=hp_S1c_fridges,2025-01-08 20:13:24,appliances,
GE Appliances GSS25GYPFS 25.3 Cu. Ft. Side-By-Side Refrigerator - Stainless Steel,1619.99,sears.com,https://www.sears.com/appliances-refrigerators/b-1020022?adcell=hp_S1c_fridges,2025-01-08 20:13:24,appliances,
Frigidaire Gallery GRSC2352AD  22.3 cu. ft. Counter-Depth Side-by-Side Refrigerator ...,1399.99,sears.com,https://www.sears.com/appliances-refrigerators/b-1020022?adcell=hp_S1c_fridges,2025-01-08 20:13:24,appliances,
LG LRFXC2606S  25.5 cu. ft. Counter Depth French Door Refrigerator with Dual Ice - P...,2099.99,sears.com,https://www.sears.com/appliances-refrigerators/b-1020022?adcell=hp_S1c_fridges,2025-01-08 20:13:24,appliances,
Samsung RS27T5200SR/AA  27.4cu.ft. Side-By-Side Refrigerator with Ice & Water Dispen...,1332.99,sears.com,https://www.sears.com/appliances-refrigerators/b-1020022?adcell=hp_S1c_fridges,2025-01-08 20:13:24,appliances,
Samsung RF29BB8600QLAA Bespoke 4-Door French Door Refrigerator (29 cu ft) with Bever...,2554.99,sears.com,https://www.sears.com/appliances-refrigerators/b-1020022?adcell=hp_S1c_fridges,2025-01-08 20:13:24,appliances,
2.1 cu. ft. Over-the-Range Microwave with Wi-Fi in Fingerprint Resistant Stainless Steel,329.0,samsung.com,https://www.samsung.com/us/home-appliances/microwaves/all-microwaves/?type=Over+the+range&shop=Buy+Online,2025-01-08 20:13:24,microwaves,Price includes $130 instant savings - 28% off. Limited time only.
Bespoke 2.1 cu. ft. Over-the-Range Microwave with Auto Dimming Glass Touch Controls in Fingerprint Resistant Stainless Steel,429.0,samsung.com,https://www.samsung.com/us/home-appliances/microwaves/all-microwaves/?type=Over+the+range&shop=Buy+Online,2025-01-08 20:13:24,microwaves,Price includes $150 instant savings - 26% off. Limited time only.
Bespoke 2.1 cu. ft. Over-the-Range Microwave with Edge to Edge Glass Display in Fingerprint Resistant Stainless Steel,379.0,samsung.com,https://www.samsung.com/us/home-appliances/microwaves/all-microwaves/?type=Over+the+range&shop=Buy+Online,2025-01-08 20:13:24,microwaves,Price includes $120 instant savings - 24% off. Limited time only.
"1.1 cu. ft. Bespoke Smart SLIM Over-the-Range Microwave with 400 CFM Hood Ventilation, Wi-Fi & Voice Control in White Glass",479.0,samsung.com,https://www.samsung.com/us/home-appliances/microwaves/all-microwaves/?type=Over+the+range&shop=Buy+Online,2025-01-08 20:13:24,microwaves,Price includes $120 instant savings - 20% off. Limited time only.
4.5 cu. ft. Ultra Large Capacity Smart wi-fi Enabled Front Load Washer with TurboWash™ 360° and Built-In Intelligence,799.0,lg.com,https://www.lg.com/us/washers,2025-01-08 20:13:24,washers,$350 OFF
Ventless Washer/Dryer Combo LG WashCombo™ All-in-One 5.0 cu. ft. Mega Capacity with Inverter HeatPump™ Technology and Direct Drive Motor,1999.0,lg.com,https://www.lg.com/us/washers,2025-01-08 20:13:24,washers,"$1,000 OFF"
5.0 cu. ft. Mega Capacity Top Load Washer with TurboDrum™ Technology,749.0,lg.com,https://www.lg.com/us/washers,2025-01-08 20:13:24,washers,$200 OFF
"5.5 cu.ft. Mega Capacity Smart Top Load Washer with EasyUnload™, AI Sensing, ezDispense®, Water Faucet & LCD Digital Dial Control",1049.0,lg.com,https://www.lg.com/us/washers,2025-01-08 20:13:24,washers,$250 OFF
"LG STUDIO Smart Top Control Dishwasher with 1-Hour Wash & Dry, QuadWash® Pro, TrueSteam® and Dynamic Heat Dry™",1199.0,lg.com,https://www.lg.com/us/dishwashers,2025-01-08 20:13:24,dishwashers,$300 OFF
"Smart Top Control Dishwasher with 1-Hour Wash & Dry, QuadWash® Pro, TrueSteam®, and Dynamic Heat Dry™",899.0,lg.com,https://www.lg.com/us/dishwashers,2025-01-08 20:13:24,dishwashers,$400 OFF
Front Control Dishwasher with QuadWash™ and EasyRack™ Plus,749.0,lg.com,https://www.lg.com/us/dishwashers,2025-01-08 20:13:24,dishwashers,
Front Control Dishwasher with QuadWash™,529.0,lg.com,https://www.lg.com/us/dishwashers,2025-01-08 20:13:24,dishwashers,$270 OFF
24 in. Built-In Smart Convection Microwave Drawer Oven (SMD2499FS),2199.99,sharpusa.com,https://shop.sharpusa.com/products/microwave-ovens/,2025-01-09 20:09:35,microwave-ovens,
24 in. 1.2 cu. ft. 950W Sharp Stainless Steel Smart Easy Wave Open Microwave Drawer Oven (SMD2479JS),1499.99,sharpusa.com,https://shop.sharpusa.com/products/microwave-ovens/,2025-01-09 20:09:35,microwave-ovens,
24 in. 1.2 cu. ft. 950W Sharp Stainless Steel Smart Easy Wave Open Microwave Drawer Oven (SMD2489ES),1499.99,sharpusa.com,https://shop.sharpusa.com/products/microwave-ovens/,2025-01-09 20:09:35,microwave-ovens,
24 in. 1.2 cu. ft. 950W Sharp Black Stainless Steel Microwave Drawer Oven (SMD2470AH),1399.99,sharpusa.com,https://shop.sharpusa.com/products/microwave-ovens/,2025-01-09 20:09:35,microwave-ovens,
30 in. 1.2 cu. ft. 950W Sharp Stainless Steel Microwave Drawer Oven (SMD3070ASY),1399.99,sharpusa.com,https://shop.sharpusa.com/products/microwave-ovens/,2025-01-09 20:09:35,microwave-ovens,
24 in. 1.2 cu. ft. 950W Sharp Stainless Steel Microwave Drawer Oven (SMD2470ASY),1299.99,sharpusa.com,https://shop.sharpusa.com/products/microwave-ovens/,2025-01-09 20:09:35,microwave-ovens,
24 in. 1.2 cu. ft. Built-In Stainless Steel Microwave Drawer Oven (SMD2440JS),1199.99,sharpusa.com,https://shop.sharpusa.com/products/microwave-ovens/,2025-01-09 20:09:35,microwave-ovens,
24 in. 1.2 cu. ft. 950W Sharp Easy Open Stainless Steel Microwave Drawer (KB6524PSY),1099.99,sharpusa.com,https://shop.sharpusa.com/products/microwave-ovens/,2025-01-09 20:09:35,microwave-ovens,
1.1 cu. ft. 850W Sharp Stainless Steel Over-the-Range Convection Microwave Oven (R1874TY),599.99,sharpusa.com,https://shop.sharpusa.com/products/microwave-ovens/,2025-01-09 20:09:35,microwave-ovens,
1.5 cu. ft. 900W Sharp Stainless Steel Carousel Convection + Microwave Oven (SMC1585BS),599.99,sharpusa.com,https://shop.sharpusa.com/products/microwave-ovens/,2025-01-09 20:09:35,microwave-ovens,
Sharp 1.5 cu. ft. 900W Stainless Steel Convection Countertop Microwave Oven (SMC1585KS),599.99,sharpusa.com,https://shop.sharpusa.com/products/microwave-ovens/,2025-01-09 20:09:35,microwave-ovens,
1.5 cu. ft. 900W Sharp Matte Black Carousel Convection Microwave Oven (SMC1585BB),499.99,sharpusa.com,https://shop.sharpusa.com/products/microwave-ovens/,2025-01-09 20:09:35,microwave-ovens,
Sharp Smart Combi Built-In Steam Oven (SSC2489GS),2499.99,sharpusa.com,https://shop.sharpusa.com/products/steam-ovens/,2025-01-09 20:09:35,steam-ovens,
Sharp SuperSteam+ Smart Superheated Steam and Convection Built-In Wall Oven (SSC2489DS),2499.99,sharpusa.com,https://shop.sharpusa.com/products/steam-ovens/,2025-01-09 20:09:35,steam-ovens,
Supersteam+ Superheated Steam and Convection Built-in Wall Oven (SSC3088AS),1999.99,sharpusa.com,https://shop.sharpusa.com/products/steam-ovens/,2025-01-09 20:09:35,steam-ovens,
Sharp Superheated Steam Countertop Oven (SSC0586DS),199.0,sharpusa.com,https://shop.sharpusa.com/products/steam-ovens/,2025-01-09 20:09:35,steam-ovens,
Stainless Steel European Convection Built-In Double Wall Oven (SWB3062GS),2499.99,sharpusa.com,https://shop.sharpusa.com/products/traditional-convection-wall-ovens/,2025-01-09 20:09:35,traditional-convection-wall-ovens,
Stainless Steel European Convection Built-In Double Wall Oven (SWB3052DS),1799.99,sharpusa.com,https://shop.sharpusa.com/products/traditional-convection-wall-ovens/,2025-01-09 20:09:35,traditional-convection-wall-ovens,
Stainless Steel European Convection Built-In Single Wall Oven (SWA3062GS),1699.99,sharpusa.com,https://shop.sharpusa.com/products/traditional-convection-wall-ovens/,2025-01-09 20:09:35,traditional-convection-wall-ovens,
24 in. Stainless Steel European Convection Built-In Single Wall Oven (SWA2450GS),1299.99,sharpusa.com,https://shop.sharpusa.com/products/traditional-convection-wall-ovens/,2025-01-09 20:09:35,traditional-convection-wall-ovens,
Stainless Steel European Convection Built-In Single Wall Oven (SWA3052DS),1299.99,sharpusa.com,https://shop.sharpusa.com/products/traditional-convection-wall-ovens/,2025-01-09 20:09:35,traditional-convection-wall-ovens,
Sharp 30 in. Induction Cooktop with Side Accessories (SCH3043GB),1299.99,sharpusa.com,https://shop.sharpusa.com/products/induction-cooktops/,2025-01-09 20:09:35,induction-cooktops,
Sharp 24 in. Induction Cooktop with Side Accessories (SCH2443GB),1199.99,sharpusa.com,https://shop.sharpusa.com/products/induction-cooktops/,2025-01-09 20:09:35,induction-cooktops,
24 in. Drop-In Radiant Cooktop with Side Accessories  (SCR2442FB),799.99,sharpusa.com,https://shop.sharpusa.com/products/induction-cooktops/,2025-01-09 20:09:35,induction-cooktops,
30 in. Drop-In Radiant Cooktop with Side Accessories  (SCR3042FB),799.99,sharpusa.com,https://shop.sharpusa.com/products/induction-cooktops/,2025-01-09 20:09:35,induction-cooktops,
30 in. Drop-In Radiant Cooktop (SCR3041GB),649.99,sharpusa.com,https://shop.sharpusa.com/products/induction-cooktops/,2025-01-09 20:09:35,induction-cooktops,
Sharp Smart Plasmacluster Ion Air Purifier with True HEPA + Humidifier for Extra Large Rooms (KCP110UW),559.99,sharpusa.com,https://shop.sharpusa.com/products/air-purifiers/,2025-01-09 20:09:35,air-purifiers,
Sharp Plasmacluster Ion Air Purifier with True HEPA + Humidifier for Large Rooms (KC860U),499.99,sharpusa.com,https://shop.sharpusa.com/products/air-purifiers/,2025-01-09 20:09:35,air-purifiers,
Sharp Smart Plasmacluster Ion Air Purifier with True HEPA + Humidifier for Large Rooms (KCP70UW),469.99,sharpusa.com,https://shop.sharpusa.com/products/air-purifiers/,2025-01-09 20:09:35,air-purifiers,
Sharp Plasmacluster Ion Air Purifier with True HEPA + Humidifier for Medium Rooms (KC850U),399.99,sharpusa.com,https://shop.sharpusa.com/products/air-purifiers/,2025-01-09 20:09:35,air-purifiers,
Sharp Smart Plasmacluster Ion Air Purifier with True HEPA for Extra Large Rooms (FXJ80UW),399.99,sharpusa.com,https://shop.sharpusa.com/products/air-purifiers/,2025-01-09 20:09:35,air-purifiers,
Sharp Plasmacluster Ion Air Purifier with True HEPA for Large Rooms (FPA80UW),249.99,sharpusa.com,https://shop.sharpusa.com/products/air-purifiers/,2025-01-09 20:09:35,air-purifiers,
Sharp Plasmacluster Ion Air Purifier with True HEPA for Medium Rooms (FPK50UW),129.99,sharpusa.com,https://shop.sharpusa.com/products/air-purifiers/,2025-01-09 20:09:35,air-purifiers,
Sharp True HEPA Air Purifier with Express Clean for Small Rooms (FPF30UH),99.99,sharpusa.com,https://shop.sharpusa.com/products/air-purifiers/,2025-01-09 20:09:35,air-purifiers,
24 in. Slide-In Smart 42 dB Dishwasher (SDW6888JS),749.99,sharpusa.com,https://shop.sharpusa.com/products/dishwashers/,2025-01-09 20:09:35,dishwashers,
24 in. Slide-In Smart 45 dB Dishwasher (SDW6767HS),649.99,sharpusa.com,https://shop.sharpusa.com/products/dishwashers/,2025-01-09 20:09:35,dishwashers,
24 in. Slide-In Stainless Steel 45 dB Dishwasher (SDW6757ES),599.99,sharpusa.com,https://shop.sharpusa.com/products/dishwashers/,2025-01-09 20:09:35,dishwashers,
Sharp 24 in. Stainless Steel Hybrid 52dB Dishwasher (SDW6504MS),599.99,sharpusa.com,https://shop.sharpusa.com/products/dishwashers/,2025-01-09 20:09:35,dishwashers,
24 in. Slide-In Stainless Steel Pocket Handle 45 dB Dishwasher (SDW6747GS),549.99,sharpusa.com,https://shop.sharpusa.com/products/dishwashers/,2025-01-09 20:09:35,dishwashers,
24 in. Slide-In Stainless Steel Hybrid 49 dB Dishwasher (SDW6506JS),479.99,sharpusa.com,https://shop.sharpusa.com/products/dishwashers/,2025-01-09 20:09:35,dishwashers,
Sharp French 3-Door Refrigerator with Water Dispenser (SJF2955KS),2999.99,sharpusa.com,https://shop.sharpusa.com/products/refrigerator/,2025-01-09 20:09:35,refrigerators,
Sharp French 4-Door Counter-Depth Refrigerator with Water Dispenser (SJG2254FS),2599.99,sharpusa.com,https://shop.sharpusa.com/products/refrigerator/,2025-01-09 20:09:35,refrigerators,
Sharp French 4-Door Counter-Depth Refrigerator (SJG2351FS),1599.99,sharpusa.com,https://shop.sharpusa.com/products/refrigerator/,2025-01-09 20:09:35,refrigerators,
Sharp 24 in. Bottom-Freezer Counter-Depth Refrigerator (SJB1255GS),999.99,sharpusa.com,https://shop.sharpusa.com/products/refrigerator/,2025-01-09 20:09:35,refrigerators,
24 in. Built-In Smart Convection Microwave Drawer Oven (SMD2499FS),2199.99,sharpusa.com,https://shop.sharpusa.com/products/microwave-ovens/,2025-01-10 20:08:42,microwave-ovens,
24 in. 1.2 cu. ft. 950W Sharp Stainless Steel Smart Easy Wave Open Microwave Drawer Oven (SMD2479JS),1499.99,sharpusa.com,https://shop.sharpusa.com/products/microwave-ovens/,2025-01-10 20:08:42,microwave-ovens,
24 in. 1.2 cu. ft. 950W Sharp Stainless Steel Smart Easy Wave Open Microwave Drawer Oven (SMD2489ES),1499.99,sharpusa.com,https://shop.sharpusa.com/products/microwave-ovens/,2025-01-10 20:08:42,microwave-ovens,
24 in. 1.2 cu. ft. 950W Sharp Black Stainless Steel Microwave Drawer Oven (SMD2470AH),1399.99,sharpusa.com,https://shop.sharpusa.com/products/microwave-ovens/,2025-01-10 20:08:42,microwave-ovens,
30 in. 1.2 cu. ft. 950W Sharp Stainless Steel Microwave Drawer Oven (SMD3070ASY),1399.99,sharpusa.com,https://shop.sharpusa.com/products/microwave-ovens/,2025-01-10 20:08:42,microwave-ovens,
24 in. 1.2 cu. ft. 950W Sharp Stainless Steel Microwave Drawer Oven (SMD2470ASY),1299.99,sharpusa.com,https://shop.sharpusa.com/products/microwave-ovens/,2025-01-10 20:08:42,microwave-ovens,
24 in. 1.2 cu. ft. Built-In Stainless Steel Microwave Drawer Oven (SMD2440JS),1199.99,sharpusa.com,https://shop.sharpusa.com/products/microwave-ovens/,2025-01-10 20:08:42,microwave-ovens,
24 in. 1.2 cu. ft. 950W Sharp Easy Open Stainless Steel Microwave Drawer (KB6524PSY),1099.99,sharpusa.com,https://shop.sharpusa.com/products/microwave-ovens/,2025-01-10 20:08:42,microwave-ovens,
1.1 cu. ft. 850W Sharp Stainless Steel Over-the-Range Convection Microwave Oven (R1874TY),599.99,sharpusa.com,https://shop.sharpusa.com/products/microwave-ovens/,2025-01-10 20:08:42,microwave-ovens,
1.5 cu. ft. 900W Sharp Stainless Steel Carousel Convection + Microwave Oven (SMC1585BS),599.99,sharpusa.com,https://shop.sharpusa.com/products/microwave-ovens/,2025-01-10 20:08:42,microwave-ovens,
Sharp 1.5 cu. ft. 900W Stainless Steel Convection Countertop Microwave Oven (SMC1585KS),599.99,sharpusa.com,https://shop.sharpusa.com/products/microwave-ovens/,2025-01-10 20:08:42,microwave-ovens,
1.5 cu. ft. 900W Sharp Matte Black Carousel Convection Microwave Oven (SMC1585BB),499.99,sharpusa.com,https://shop.sharpusa.com/products/microwave-ovens/,2025-01-10 20:08:42,microwave-ovens,
Sharp Smart Combi Built-In Steam Oven (SSC2489GS),2499.99,sharpusa.com,https://shop.sharpusa.com/products/steam-ovens/,2025-01-10 20:08:42,steam-ovens,
Sharp SuperSteam+ Smart Superheated Steam and Convection Built-In Wall Oven (SSC2489DS),2499.99,sharpusa.com,https://shop.sharpusa.com/products/steam-ovens/,2025-01-10 20:08:42,steam-ovens,
Supersteam+ Superheated Steam and Convection Built-in Wall Oven (SSC3088AS),1999.99,sharpusa.com,https://shop.sharpusa.com/products/steam-ovens/,2025-01-10 20:08:42,steam-ovens,
Sharp Superheated Steam Countertop Oven (SSC0586DS),199.0,sharpusa.com,https://shop.sharpusa.com/products/steam-ovens/,2025-01-10 20:08:42,steam-ovens,
Stainless Steel European Convection Built-In Double Wall Oven (SWB3062GS),2499.99,sharpusa.com,https://shop.sharpusa.com/products/traditional-convection-wall-ovens/,2025-01-10 20:08:42,traditional-convection-wall-ovens,
Stainless Steel European Convection Built-In Double Wall Oven (SWB3052DS),1799.99,sharpusa.com,https://shop.sharpusa.com/products/traditional-convection-wall-ovens/,2025-01-10 20:08:42,traditional-convection-wall-ovens,
Stainless Steel European Convection Built-In Single Wall Oven (SWA3062GS),1699.99,sharpusa.com,https://shop.sharpusa.com/products/traditional-convection-wall-ovens/,2025-01-10 20:08:42,traditional-convection-wall-ovens,
24 in. Stainless Steel European Convection Built-In Single Wall Oven (SWA2450GS),1299.99,sharpusa.com,https://shop.sharpusa.com/products/traditional-convection-wall-ovens/,2025-01-10 20:08:42,traditional-convection-wall-ovens,
Stainless Steel European Convection Built-In Single Wall Oven (SWA3052DS),1299.99,sharpusa.com,https://shop.sharpusa.com/products/traditional-convection-wall-ovens/,2025-01-10 20:08:42,traditional-convection-wall-ovens,
Sharp 30 in. Induction Cooktop with Side Accessories (SCH3043GB),1299.99,sharpusa.com,https://shop.sharpusa.com/products/induction-cooktops/,2025-01-10 20:08:42,induction-cooktops,
Sharp 24 in. Induction Cooktop with Side Accessories (SCH2443GB),1199.99,sharpusa.com,https://shop.sharpusa.com/products/induction-cooktops/,2025-01-10 20:08:42,induction-cooktops,
24 in. Drop-In Radiant Cooktop with Side Accessories  (SCR2442FB),799.99,sharpusa.com,https://shop.sharpusa.com/products/induction-cooktops/,2025-01-10 20:08:42,induction-cooktops,
30 in. Drop-In Radiant Cooktop with Side Accessories  (SCR3042FB),799.99,sharpusa.com,https://shop.sharpusa.com/products/induction-cooktops/,2025-01-10 20:08:42,induction-cooktops,
30 in. Drop-In Radiant Cooktop (SCR3041GB),649.99,sharpusa.com,https://shop.sharpusa.com/products/induction-cooktops/,2025-01-10 20:08:42,induction-cooktops,
Sharp Smart Plasmacluster Ion Air Purifier with True HEPA + Humidifier for Extra Large Rooms (KCP110UW),559.99,sharpusa.com,https://shop.sharpusa.com/products/air-purifiers/,2025-01-10 20:08:42,air-purifiers,
Sharp Plasmacluster Ion Air Purifier with True HEPA + Humidifier for Large Rooms (KC860U),499.99,sharpusa.com,https://shop.sharpusa.com/products/air-purifiers/,2025-01-10 20:08:42,air-purifiers,
Sharp Smart Plasmacluster Ion Air Purifier with True HEPA + Humidifier for Large Rooms (KCP70UW),469.99,sharpusa.com,https://shop.sharpusa.com/products/air-purifiers/,2025-01-10 20:08:42,air-purifiers,
Sharp Plasmacluster Ion Air Purifier with True HEPA + Humidifier for Medium Rooms (KC850U),399.99,sharpusa.com,https://shop.sharpusa.com/products/air-purifiers/,2025-01-10 20:08:42,air-purifiers,
Sharp Smart Plasmacluster Ion Air Purifier with True HEPA for Extra Large Rooms (FXJ80UW),399.99,sharpusa.com,https://shop.sharpusa.com/products/air-purifiers/,2025-01-10 20:08:42,air-purifiers,
Sharp Plasmacluster Ion Air Purifier with True HEPA for Large Rooms (FPA80UW),249.99,sharpusa.com,https://shop.sharpusa.com/products/air-purifiers/,2025-01-10 20:08:42,air-purifiers,
Sharp Plasmacluster Ion Air Purifier with True HEPA for Medium Rooms (FPK50UW),129.99,sharpusa.com,https://shop.sharpusa.com/products/air-purifiers/,2025-01-10 20:08:42,air-purifiers,
Sharp True HEPA Air Purifier with Express Clean for Small Rooms (FPF30UH),99.99,sharpusa.com,https://shop.sharpusa.com/products/air-purifiers/,2025-01-10 20:08:42,air-purifiers,
24 in. Slide-In Smart 42 dB Dishwasher (SDW6888JS),749.99,sharpusa.com,https://shop.sharpusa.com/products/dishwashers/,2025-01-10 20:08:42,dishwashers,
24 in. Slide-In Smart 45 dB Dishwasher (SDW6767HS),649.99,sharpusa.com,https://shop.sharpusa.com/products/dishwashers/,2025-01-10 20:08:42,dishwashers,
24 in. Slide-In Stainless Steel 45 dB Dishwasher (SDW6757ES),599.99,sharpusa.com,https://shop.sharpusa.com/products/dishwashers/,2025-01-10 20:08:42,dishwashers,
Sharp 24 in. Stainless Steel Hybrid 52dB Dishwasher (SDW6504MS),599.99,sharpusa.com,https://shop.sharpusa.com/products/dishwashers/,2025-01-10 20:08:42,dishwashers,
24 in. Slide-In Stainless Steel Pocket Handle 45 dB Dishwasher (SDW6747GS),549.99,sharpusa.com,https://shop.sharpusa.com/products/dishwashers/,2025-01-10 20:08:42,dishwashers,
24 in. Slide-In Stainless Steel Hybrid 49 dB Dishwasher (SDW6506JS),479.99,sharpusa.com,https://shop.sharpusa.com/products/dishwashers/,2025-01-10 20:08:42,dishwashers,
Sharp French 3-Door Refrigerator with Water Dispenser (SJF2955KS),2999.99,sharpusa.com,https://shop.sharpusa.com/products/refrigerator/,2025-01-10 20:08:42,refrigerators,
Sharp French 4-Door Counter-Depth Refrigerator with Water Dispenser (SJG2254FS),2599.99,sharpusa.com,https://shop.sharpusa.com/products/refrigerator/,2025-01-10 20:08:42,refrigerators,
Sharp French 4-Door Counter-Depth Refrigerator (SJG2351FS),1599.99,sharpusa.com,https://shop.sharpusa.com/products/refrigerator/,2025-01-10 20:08:42,refrigerators,
Sharp 24 in. Bottom-Freezer Counter-Depth Refrigerator (SJB1255GS),999.99,sharpusa.com,https://shop.sharpusa.com/products/refrigerator/,2025-01-10 20:08:42,refrigerators,
24 in. Built-In Smart Convection Microwave Drawer Oven (SMD2499FS),2199.99,sharpusa.com,https://shop.sharpusa.com/products/microwave-ovens/,2025-01-12 22:16:43,microwave-ovens,
24 in. 1.2 cu. ft. 950W Sharp Stainless Steel Smart Easy Wave Open Microwave Drawer Oven (SMD2479JS),1499.99,sharpusa.com,https://shop.sharpusa.com/products/microwave-ovens/,2025-01-12 22:16:43,microwave-ovens,
24 in. 1.2 cu. ft. 950W Sharp Stainless Steel Smart Easy Wave Open Microwave Drawer Oven (SMD2489ES),1499.99,sharpusa.com,https://shop.sharpusa.com/products/microwave-ovens/,2025-01-12 22:16:43,microwave-ovens,
24 in. 1.2 cu. ft. 950W Sharp Black Stainless Steel Microwave Drawer Oven (SMD2470AH),1399.99,sharpusa.com,https://shop.sharpusa.com/products/microwave-ovens/,2025-01-12 22:16:43,microwave-ovens,
30 in. 1.2 cu. ft. 950W Sharp Stainless Steel Microwave Drawer Oven (SMD3070ASY),1399.99,sharpusa.com,https://shop.sharpusa.com/products/microwave-ovens/,2025-01-12 22:16:43,microwave-ovens,
24 in. 1.2 cu. ft. 950W Sharp Stainless Steel Microwave Drawer Oven (SMD2470ASY),1299.99,sharpusa.com,https://shop.sharpusa.com/products/microwave-ovens/,2025-01-12 22:16:43,microwave-ovens,
24 in. 1.2 cu. ft. Built-In Stainless Steel Microwave Drawer Oven (SMD2440JS),1199.99,sharpusa.com,https://shop.sharpusa.com/products/microwave-ovens/,2025-01-12 22:16:43,microwave-ovens,
24 in. 1.2 cu. ft. 950W Sharp Easy Open Stainless Steel Microwave Drawer (KB6524PSY),1099.99,sharpusa.com,https://shop.sharpusa.com/products/microwave-ovens/,2025-01-12 22:16:43,microwave-ovens,
1.1 cu. ft. 850W Sharp Stainless Steel Over-the-Range Convection Microwave Oven (R1874TY),599.99,sharpusa.com,https://shop.sharpusa.com/products/microwave-ovens/,2025-01-12 22:16:43,microwave-ovens,
1.5 cu. ft. 900W Sharp Stainless Steel Carousel Convection + Microwave Oven (SMC1585BS),599.99,sharpusa.com,https://shop.sharpusa.com/products/microwave-ovens/,2025-01-12 22:16:43,microwave-ovens,
Sharp 1.5 cu. ft. 900W Stainless Steel Convection Countertop Microwave Oven (SMC1585KS),599.99,sharpusa.com,https://shop.sharpusa.com/products/microwave-ovens/,2025-01-12 22:16:43,microwave-ovens,
1.5 cu. ft. 900W Sharp Matte Black Carousel Convection Microwave Oven (SMC1585BB),499.99,sharpusa.com,https://shop.sharpusa.com/products/microwave-ovens/,2025-01-12 22:16:43,microwave-ovens,
Sharp Smart Combi Built-In Steam Oven (SSC2489GS),2499.99,sharpusa.com,https://shop.sharpusa.com/products/steam-ovens/,2025-01-12 22:16:43,steam-ovens,
Sharp SuperSteam+ Smart Superheated Steam and Convection Built-In Wall Oven (SSC2489DS),2499.99,sharpusa.com,https://shop.sharpusa.com/products/steam-ovens/,2025-01-12 22:16:43,steam-ovens,
Supersteam+ Superheated Steam and Convection Built-in Wall Oven (SSC3088AS),1999.99,sharpusa.com,https://shop.sharpusa.com/products/steam-ovens/,2025-01-12 22:16:43,steam-ovens,
Sharp Superheated Steam Countertop Oven (SSC0586DS),199.0,sharpusa.com,https://shop.sharpusa.com/products/steam-ovens/,2025-01-12 22:16:43,steam-ovens,
Stainless Steel European Convection Built-In Double Wall Oven (SWB3062GS),2499.99,sharpusa.com,https://shop.sharpusa.com/products/traditional-convection-wall-ovens/,2025-01-12 22:16:43,traditional-convection-wall-ovens,
Stainless Steel European Convection Built-In Double Wall Oven (SWB3052DS),1799.99,sharpusa.com,https://shop.sharpusa.com/products/traditional-convection-wall-ovens/,2025-01-12 22:16:43,traditional-convection-wall-ovens,
Stainless Steel European Convection Built-In Single Wall Oven (SWA3062GS),1699.99,sharpusa.com,https://shop.sharpusa.com/products/traditional-convection-wall-ovens/,2025-01-12 22:16:43,traditional-convection-wall-ovens,
24 in. Stainless Steel European Convection Built-In Single Wall Oven (SWA2450GS),1299.99,sharpusa.com,https://shop.sharpusa.com/products/traditional-convection-wall-ovens/,2025-01-12 22:16:43,traditional-convection-wall-ovens,
Stainless Steel European Convection Built-In Single Wall Oven (SWA3052DS),1299.99,sharpusa.com,https://shop.sharpusa.com/products/traditional-convection-wall-ovens/,2025-01-12 22:16:43,traditional-convection-wall-ovens,
Sharp 30 in. Induction Cooktop with Side Accessories (SCH3043GB),1299.99,sharpusa.com,https://shop.sharpusa.com/products/induction-cooktops/,2025-01-12 22:16:43,induction-cooktops,
Sharp 24 in. Induction Cooktop with Side Accessories (SCH2443GB),1199.99,sharpusa.com,https://shop.sharpusa.com/products/induction-cooktops/,2025-01-12 22:16:43,induction-cooktops,
24 in. Drop-In Radiant Cooktop with Side Accessories  (SCR2442FB),799.99,sharpusa.com,https://shop.sharpusa.com/products/induction-cooktops/,2025-01-12 22:16:43,induction-cooktops,
30 in. Drop-In Radiant Cooktop with Side Accessories  (SCR3042FB),799.99,sharpusa.com,https://shop.sharpusa.com/products/induction-cooktops/,2025-01-12 22:16:43,induction-cooktops,
30 in. Drop-In Radiant Cooktop (SCR3041GB),649.99,sharpusa.com,https://shop.sharpusa.com/products/induction-cooktops/,2025-01-12 22:16:43,induction-cooktops,
Sharp Smart Plasmacluster Ion Air Purifier with True HEPA + Humidifier for Extra Large Rooms (KCP110UW),559.99,sharpusa.com,https://shop.sharpusa.com/products/air-purifiers/,2025-01-12 22:16:43,air-purifiers,
Sharp Plasmacluster Ion Air Purifier with True HEPA + Humidifier for Large Rooms (KC860U),499.99,sharpusa.com,https://shop.sharpusa.com/products/air-purifiers/,2025-01-12 22:16:43,air-purifiers,
Sharp Smart Plasmacluster Ion Air Purifier with True HEPA + Humidifier for Large Rooms (KCP70UW),469.99,sharpusa.com,https://shop.sharpusa.com/products/air-purifiers/,2025-01-12 22:16:43,air-purifiers,
Sharp Plasmacluster Ion Air Purifier with True HEPA + Humidifier for Medium Rooms (KC850U),399.99,sharpusa.com,https://shop.sharpusa.com/products/air-purifiers/,2025-01-12 22:16:43,air-purifiers,
Sharp Smart Plasmacluster Ion Air Purifier with True HEPA for Extra Large Rooms (FXJ80UW),399.99,sharpusa.com,https://shop.sharpusa.com/products/air-purifiers/,2025-01-12 22:16:43,air-purifiers,
Sharp Plasmacluster Ion Air Purifier with True HEPA for Large Rooms (FPA80UW),249.99,sharpusa.com,https://shop.sharpusa.com/products/air-purifiers/,2025-01-12 22:16:43,air-purifiers,
Sharp Plasmacluster Ion Air Purifier with True HEPA for Medium Rooms (FPK50UW),129.99,sharpusa.com,https://shop.sharpusa.com/products/air-purifiers/,2025-01-12 22:16:43,air-purifiers,
Sharp True HEPA Air Purifier with Express Clean for Small Rooms (FPF30UH),99.99,sharpusa.com,https://shop.sharpusa.com/products/air-purifiers/,2025-01-12 22:16:43,air-purifiers,
24 in. Slide-In Smart 42 dB Dishwasher (SDW6888JS),749.99,sharpusa.com,https://shop.sharpusa.com/products/dishwashers/,2025-01-12 22:16:43,dishwashers,
24 in. Slide-In Smart 45 dB Dishwasher (SDW6767HS),649.99,sharpusa.com,https://shop.sharpusa.com/products/dishwashers/,2025-01-12 22:16:43,dishwashers,
24 in. Slide-In Stainless Steel 45 dB Dishwasher (SDW6757ES),599.99,sharpusa.com,https://shop.sharpusa.com/products/dishwashers/,2025-01-12 22:16:43,dishwashers,
Sharp 24 in. Stainless Steel Hybrid 52dB Dishwasher (SDW6504MS),599.99,sharpusa.com,https://shop.sharpusa.com/products/dishwashers/,2025-01-12 22:16:43,dishwashers,
24 in. Slide-In Stainless Steel Pocket Handle 45 dB Dishwasher (SDW6747GS),549.99,sharpusa.com,https://shop.sharpusa.com/products/dishwashers/,2025-01-12 22:16:43,dishwashers,
24 in. Slide-In Stainless Steel Hybrid 49 dB Dishwasher (SDW6506JS),479.99,sharpusa.com,https://shop.sharpusa.com/products/dishwashers/,2025-01-12 22:16:43,dishwashers,
Sharp French 3-Door Refrigerator with Water Dispenser (SJF2955KS),2999.99,sharpusa.com,https://shop.sharpusa.com/products/refrigerator/,2025-01-12 22:16:43,refrigerators,
Sharp French 4-Door Counter-Depth Refrigerator with Water Dispenser (SJG2254FS),2599.99,sharpusa.com,https://shop.sharpusa.com/products/refrigerator/,2025-01-12 22:16:43,refrigerators,
Sharp French 4-Door Counter-Depth Refrigerator (SJG2351FS),1599.99,sharpusa.com,https://shop.sharpusa.com/products/refrigerator/,2025-01-12 22:16:43,refrigerators,
Sharp 24 in. Bottom-Freezer Counter-Depth Refrigerator (SJB1255GS),999.99,sharpusa.com,https://shop.sharpusa.com/products/refrigerator/,2025-01-12 22:16:43,refrigerators,
Samsung 27.4 cu. ft. Large Capacity Side-by-Side Refrigerator in Stainless Steel,1340.82,sears.com,https://www.sears.com/appliances-refrigerators/b-1020022?adcell=hp_S1c_fridges,2025-01-12 22:16:43,appliances,Flash Sale!
Frigidaire FRFS2823AD  27.8 cu. ft. French Door Refrigerator - Black Stainless Steel,1899.0,sears.com,https://www.sears.com/appliances-refrigerators/b-1020022?adcell=hp_S1c_fridges,2025-01-12 22:16:43,appliances,
GE Profile Series PVD28BYNFS -36 Inch 4-Door French Door Smart Refrigerator with 27....,3779.99,sears.com,https://www.sears.com/appliances-refrigerators/b-1020022?adcell=hp_S1c_fridges,2025-01-12 22:16:43,appliances,Flash Sale!
Frigidaire FRFS2823AS  27.8 cu. ft. French Door Refrigerator - Stainless Steel,1699.0,sears.com,https://www.sears.com/appliances-refrigerators/b-1020022?adcell=hp_S1c_fridges,2025-01-12 22:16:43,appliances,
Frigidaire Gallery GRMC2273CF 21.5 cu. ft. Counter-Depth 4-Door French Door Refriger...,1999.0,sears.com,https://www.sears.com/appliances-refrigerators/b-1020022?adcell=hp_S1c_fridges,2025-01-12 22:16:43,appliances,
"Kenmore 71335  20.4 cu. ft. Top Freezer Refrigerator w/ Icemaker, 33"" Wide - Stainle...",829.99,sears.com,https://www.sears.com/appliances-refrigerators/b-1020022?adcell=hp_S1c_fridges,2025-01-12 22:16:43,appliances,
GE Appliances GFE28GYNFS ENERGY STAR 27.7cu.ft. French Door Refrigerator - Stainless...,2221.0,sears.com,https://www.sears.com/appliances-refrigerators/b-1020022?adcell=hp_S1c_fridges,2025-01-12 22:16:43,appliances,
LG LRFXS3106S  30.7 cu. ft. Standard-Depth MAX French-Door Refrigerator with Dual Ic...,2099.99,sears.com,https://www.sears.com/appliances-refrigerators/b-1020022?adcell=hp_S1c_fridges,2025-01-12 22:16:43,appliances,
Kenmore 75525  17.5 cu. ft. French Door Refrigerator - Fingerprint-Resistant Stainle...,1912.49,sears.com,https://www.sears.com/appliances-refrigerators/b-1020022?adcell=hp_S1c_fridges,2025-01-12 22:16:43,appliances,Flash Sale!
GE Appliances GWE19JGLBB 18.6 cu. ft. Counter-Depth French Door Refrigerator - Black,1799.99,sears.com,https://www.sears.com/appliances-refrigerators/b-1020022?adcell=hp_S1c_fridges,2025-01-12 22:16:43,appliances,Flash Sale!
GE Appliances GSS23GGPWW 23.0 Cu. Ft. Side-By-Side Refrigerator,1529.99,sears.com,https://www.sears.com/appliances-refrigerators/b-1020022?adcell=hp_S1c_fridges,2025-01-12 22:16:43,appliances,Flash Sale!
GE Appliances GBE17HYRFS ENERGY STAR® 17.7 Cu. Ft. Counter-Depth Bottom-Freezer...,1619.99,sears.com,https://www.sears.com/appliances-refrigerators/b-1020022?adcell=hp_S1c_fridges,2025-01-12 22:16:43,appliances,Flash Sale!
GE Cafe CYE22TP3MD1 22.2 cu. ft. Counter-Depth French Door Refrigerator w/ Hot Water...,3689.99,sears.com,https://www.sears.com/appliances-refrigerators/b-1020022?adcell=hp_S1c_fridges,2025-01-12 22:16:43,appliances,Flash Sale!
"GE Appliances GFE26JGMWW 36"" 25.6 cu.ft. White French Door Refrigerator",2339.99,sears.com,https://www.sears.com/appliances-refrigerators/b-1020022?adcell=hp_S1c_fridges,2025-01-12 22:16:43,appliances,Flash Sale!
LG LRSOS2706D  27.1 cu. ft. Side-by-Side InstaView® Refrigerator with Craft Ice...,1699.99,sears.com,https://www.sears.com/appliances-refrigerators/b-1020022?adcell=hp_S1c_fridges,2025-01-12 22:16:43,appliances,
Frigidaire FFTR2045VS  20.0 cu. ft. Top Freezer Refrigerator - Stainless Steel,729.0,sears.com,https://www.sears.com/appliances-refrigerators/b-1020022?adcell=hp_S1c_fridges,2025-01-12 22:16:43,appliances,
Samsung Bespoke 4-door french door refrigerator (23 cu. ft.) with beverage center?,2822.17,sears.com,https://www.sears.com/appliances-refrigerators/b-1020022?adcell=hp_S1c_fridges,2025-01-12 22:16:43,appliances,Flash Sale!
Kenmore 61335  20.5 cu. ft. Top Freezer Refrigerator - Stainless Steel w/Fingerprint...,729.99,sears.com,https://www.sears.com/appliances-refrigerators/b-1020022?adcell=hp_S1c_fridges,2025-01-12 22:16:43,appliances,
"GE Profile Series PWE23KYNFS 36"" 23.1 cu.ft. Stainless Steel French Door Refrigerator",2969.99,sears.com,https://www.sears.com/appliances-refrigerators/b-1020022?adcell=hp_S1c_fridges,2025-01-12 22:16:43,appliances,Flash Sale!
Samsung RF32CG5900SRAA 30 Cu. Ft. Mega Capacity 3 Door French Door Refrigerator With...,2777.0,sears.com,https://www.sears.com/appliances-refrigerators/b-1020022?adcell=hp_S1c_fridges,2025-01-12 22:16:43,appliances,
LG LRMDS3006S  29.5 cu. ft. Super-Capacity 4-Door Refrigerator w/ Door-in-Door®...,2999.99,sears.com,https://www.sears.com/appliances-refrigerators/b-1020022?adcell=hp_S1c_fridges,2025-01-12 22:16:43,appliances,
GE Appliances GNE29GYNFS GE ENERGY STAR 28.7 Cu. Ft. Fingerprint Resistant French-Do...,2276.99,sears.com,https://www.sears.com/appliances-refrigerators/b-1020022?adcell=hp_S1c_fridges,2025-01-12 22:16:43,appliances,Flash Sale!
Kenmore 72312  18.1 cu. ft. Top Freezer Refrigerator with Icemaker,799.99,sears.com,https://www.sears.com/appliances-refrigerators/b-1020022?adcell=hp_S1c_fridges,2025-01-12 22:16:43,appliances,
"GE Appliances GFE26JYMFS 36"" 25.6 cu.ft. Stainless Steel French Door Refrigerator",2429.99,sears.com,https://www.sears.com/appliances-refrigerators/b-1020022?adcell=hp_S1c_fridges,2025-01-12 22:16:43,appliances,Flash Sale!
Frigidaire Gallery GRFS2853AF  27.8 cu. ft. French Door Refrigerator - Smudge-Proof&...,2693.99,sears.com,https://www.sears.com/appliances-refrigerators/b-1020022?adcell=hp_S1c_fridges,2025-01-12 22:16:43,appliances,
LG LRSOS2706S  27.1 cu. ft. Side-by-Side InstaView® Refrigerator with Craft Ice...,1599.99,sears.com,https://www.sears.com/appliances-refrigerators/b-1020022?adcell=hp_S1c_fridges,2025-01-12 22:16:43,appliances,
Samsung RF30BB6200QLAA Bespoke 3-Door French Door Refrigerator (30 cu ft) w/ AutoFil...,2110.0,sears.com,https://www.sears.com/appliances-refrigerators/b-1020022?adcell=hp_S1c_fridges,2025-01-12 22:16:43,appliances,
Kenmore 61332  20.5 cu. ft. Top Freezer Refrigerator,729.99,sears.com,https://www.sears.com/appliances-refrigerators/b-1020022?adcell=hp_S1c_fridges,2025-01-12 22:16:43,appliances,
"GE Appliances GTS17DTNRWW 28"" 16.6 cu.ft. White Top Freezer Refrigerator",665.0,sears.com,https://www.sears.com/appliances-refrigerators/b-1020022?adcell=hp_S1c_fridges,2025-01-12 22:16:43,appliances,
Kenmore 51805  20 cu. ft. Side-by-Side Refrigerator - Fingerprint-Resistant Stainles...,1599.99,sears.com,https://www.sears.com/appliances-refrigerators/b-1020022?adcell=hp_S1c_fridges,2025-01-12 22:16:43,appliances,
Samsung 26.7 cu. ft. Large Capacity Side-by-Side Refrigerator with Touch Screen Fami...,1876.83,sears.com,https://www.sears.com/appliances-refrigerators/b-1020022?adcell=hp_S1c_fridges,2025-01-12 22:16:43,appliances,Flash Sale!
GE Appliances GSS25IYNFS 25.1 cu. ft. Side-By-Side Refrigerator - Stainless Steel,1799.99,sears.com,https://www.sears.com/appliances-refrigerators/b-1020022?adcell=hp_S1c_fridges,2025-01-12 22:16:43,appliances,Flash Sale!
GE Appliances GYE18JYLFS ENERGY STAR® 17.5 Cu. Ft. Counter-Depth French-Door Re...,2519.99,sears.com,https://www.sears.com/appliances-refrigerators/b-1020022?adcell=hp_S1c_fridges,2025-01-12 22:16:43,appliances,Flash Sale!
LG LMXS28626S 27.8 cu. ft. 4-Door French Door Refrigerator - Stainless Steel,1899.99,sears.com,https://www.sears.com/appliances-refrigerators/b-1020022?adcell=hp_S1c_fridges,2025-01-12 22:16:43,appliances,
Frigidaire FRSS2323AW 22.3 cu. ft. 33-Inch-Wide Side-by-Side Refrigerator,1259.1,sears.com,https://www.sears.com/appliances-refrigerators/b-1020022?adcell=hp_S1c_fridges,2025-01-12 22:16:43,appliances,
Samsung RS27T5200SR/AA  27.4cu.ft. Side-By-Side Refrigerator with Ice & Water Dispen...,1332.0,sears.com,https://www.sears.com/appliances-refrigerators/b-1020022?adcell=hp_S1c_fridges,2025-01-12 22:16:43,appliances,
GE Appliances GWE19JGLWW ENERGY STAR® 18.6 Cu. Ft. Counter-Depth French-Door Re...,1799.99,sears.com,https://www.sears.com/appliances-refrigerators/b-1020022?adcell=hp_S1c_fridges,2025-01-12 22:16:43,appliances,Flash Sale!
Haier QHE16HYPFS 16.8 Cu. Ft. Quad Door Refrigerator - Stainless Steel,1110.0,sears.com,https://www.sears.com/appliances-refrigerators/b-1020022?adcell=hp_S1c_fridges,2025-01-12 22:16:43,appliances,
LG LRMVS3006S  29.5 cu. ft. 4-Door InstaView™ Door-in-Door® Refrigerator ...,3199.99,sears.com,https://www.sears.com/appliances-refrigerators/b-1020022?adcell=hp_S1c_fridges,2025-01-12 22:16:43,appliances,
GE Appliances GSS25GYPFS 25.3 Cu. Ft. Side-By-Side Refrigerator - Stainless Steel,1457.99,sears.com,https://www.sears.com/appliances-refrigerators/b-1020022?adcell=hp_S1c_fridges,2025-01-12 22:16:43,appliances,Flash Sale!
GE Appliances GBE21DYKFS ENERGY STAR® 21.0 Cu. Ft. Bottom-Freezer Refrigerator ...,1394.99,sears.com,https://www.sears.com/appliances-refrigerators/b-1020022?adcell=hp_S1c_fridges,2025-01-12 22:16:43,appliances,Flash Sale!
Frigidaire Gallery GRSC2352AD  22.3 cu. ft. Counter-Depth Side-by-Side Refrigerator ...,1449.0,sears.com,https://www.sears.com/appliances-refrigerators/b-1020022?adcell=hp_S1c_fridges,2025-01-12 22:16:43,appliances,
"GE Appliances GTS17DTNRBB 28"" 16.6 cu.ft. Black Top Freezer Refrigerator",665.0,sears.com,https://www.sears.com/appliances-refrigerators/b-1020022?adcell=hp_S1c_fridges,2025-01-12 22:16:43,appliances,
Frigidaire FFTR1835VS  18.3 cu. ft. Top Freezer Refrigerator - Stainless Steel,679.0,sears.com,https://www.sears.com/appliances-refrigerators/b-1020022?adcell=hp_S1c_fridges,2025-01-12 22:16:43,appliances,
Samsung 23 cu. ft. Smart Counter Depth Side-by-Side Refrigerator in Stainless Steel,1295.76,sears.com,https://www.sears.com/appliances-refrigerators/b-1020022?adcell=hp_S1c_fridges,2025-01-12 22:16:43,appliances,Flash Sale!
"Kenmore 71332  20.4 cu. ft. Top Freezer Refrigerator w/ Icemaker, 33"" Wide",829.99,sears.com,https://www.sears.com/appliances-refrigerators/b-1020022?adcell=hp_S1c_fridges,2025-01-12 22:16:43,appliances,
LG LRFS28XBS  27.7 cu. ft. 3-Door French Door Refrigerator - PrintProof Stainless St...,1699.99,sears.com,https://www.sears.com/appliances-refrigerators/b-1020022?adcell=hp_S1c_fridges,2025-01-12 22:16:43,appliances,
Frigidaire Gallery GRSC2352AF  22.3 cu. ft. Counter-Depth Side-by-Side Refrigerator ...,1249.0,sears.com,https://www.sears.com/appliances-refrigerators/b-1020022?adcell=hp_S1c_fridges,2025-01-12 22:16:43,appliances,
"GE Profile Series PTD7000BNTS 30"" Built-In Convection Double Wall Oven - Black Stain...",4199.39,sears.com,https://www.sears.com/appliances-kitchen-appliances-cooking-appliances/b-1323665151?adcell=hp_S1c_Cooking,2025-01-12 22:16:43,appliances,Flash Sale!
"GE Appliances JGSS66SELSS  30"" Slide-In Front Control Gas Range - Stainless Steel",1214.99,sears.com,https://www.sears.com/appliances-kitchen-appliances-cooking-appliances/b-1323665151?adcell=hp_S1c_Cooking,2025-01-12 22:16:43,appliances,Flash Sale!
"GE Appliances PP9830DRBB GE Profile 30"" Downdraft Electric Cooktop - Black on Black",2199.59,sears.com,https://www.sears.com/appliances-kitchen-appliances-cooking-appliances/b-1323665151?adcell=hp_S1c_Cooking,2025-01-12 22:16:43,appliances,Flash Sale!
"GE Appliances JRP28SKSS 24"" Double Wall Oven w/ Self Clean Upper Oven - Stainless St...",2299.49,sears.com,https://www.sears.com/appliances-kitchen-appliances-cooking-appliances/b-1323665151?adcell=hp_S1c_Cooking,2025-01-12 22:16:43,appliances,Flash Sale!
"GE Appliances JSS86SPSS 30"" 6.6 cu.ft. Stainless Steel Slide-In Electric Range with ...",2249.99,sears.com,https://www.sears.com/appliances-kitchen-appliances-cooking-appliances/b-1323665151?adcell=hp_S1c_Cooking,2025-01-12 22:16:43,appliances,Flash Sale!
"GE Appliances JBS86SPSS  30"" Electric Double Oven - Stainless Steel",1221.0,sears.com,https://www.sears.com/appliances-kitchen-appliances-cooking-appliances/b-1323665151?adcell=hp_S1c_Cooking,2025-01-12 22:16:43,appliances,
"GE Appliances JGBS66REKSS 30"" Freestanding Gas Range - Stainless Steel",721.0,sears.com,https://www.sears.com/appliances-kitchen-appliances-cooking-appliances/b-1323665151?adcell=hp_S1c_Cooking,2025-01-12 22:16:43,appliances,
"GE Appliances JTD5000SVSS 30"" Smart Built-In Self-Clean Convection Double Wall Oven ...",3199.49,sears.com,https://www.sears.com/appliances-kitchen-appliances-cooking-appliances/b-1323665151?adcell=hp_S1c_Cooking,2025-01-12 22:16:43,appliances,Flash Sale!
"GE Cafe CES700P2MS1 30"" Slide-In Radiant and Convection Range - Stainless Steel",2339.99,sears.com,https://www.sears.com/appliances-kitchen-appliances-cooking-appliances/b-1323665151?adcell=hp_S1c_Cooking,2025-01-12 22:16:43,appliances,Flash Sale!
"GE Appliances JRP28BJBB  24"" Self-Clean Double Electric Wall Oven - Black on Black",2099.69,sears.com,https://www.sears.com/appliances-kitchen-appliances-cooking-appliances/b-1323665151?adcell=hp_S1c_Cooking,2025-01-12 22:16:43,appliances,Flash Sale!
"Frigidaire FCRG3062AS  30"" Freestanding Gas Range with Steam Clean - Stainless Steel",942.89,sears.com,https://www.sears.com/appliances-kitchen-appliances-cooking-appliances/b-1323665151?adcell=hp_S1c_Cooking,2025-01-12 22:16:43,appliances,
Samsung Bespoke 6.0 cu. ft. smart slide-in gas range with air sous vide & air fry in...,1769.79,sears.com,https://www.sears.com/appliances-kitchen-appliances-cooking-appliances/b-1323665151?adcell=hp_S1c_Cooking,2025-01-12 22:16:43,appliances,Flash Sale!
"Samsung NE63A6711SS/AA 30"" 6.3 cu.ft. Stainless Steel Electric Range with 5 Burners ...",999.0,sears.com,https://www.sears.com/appliances-kitchen-appliances-cooking-appliances/b-1323665151?adcell=hp_S1c_Cooking,2025-01-12 22:16:43,appliances,
LG LRGL5825F   5.8 cu. ft. Gas Single Oven InstaView™ Range w/ AirFry - PrintP...,1199.99,sears.com,https://www.sears.com/appliances-kitchen-appliances-cooking-appliances/b-1323665151?adcell=hp_S1c_Cooking,2025-01-12 22:16:43,appliances,
LG LSGL5833D  5.8 cu ft. Wi-Fi Enabled Gas Slide-in Range with Fan Convection & Air ...,1399.99,sears.com,https://www.sears.com/appliances-kitchen-appliances-cooking-appliances/b-1323665151?adcell=hp_S1c_Cooking,2025-01-12 22:16:43,appliances,
"GE Appliances JGBS30RETSS 30"" Free-Standing Gas Range Stainless Steel",610.0,sears.com,https://www.sears.com/appliances-kitchen-appliances-cooking-appliances/b-1323665151?adcell=hp_S1c_Cooking,2025-01-12 22:16:43,appliances,
LG STUDIO LSCE365ST  36” Electric Radiant Cooktop - Stainless Steel,1099.99,sears.com,https://www.sears.com/appliances-kitchen-appliances-cooking-appliances/b-1323665151?adcell=hp_S1c_Cooking,2025-01-12 22:16:43,appliances,
"Frigidaire Gallery GCRG3060BF  30"" Gas Range with No Preheat & Air Fry - Stainless S...",1212.29,sears.com,https://www.sears.com/appliances-kitchen-appliances-cooking-appliances/b-1323665151?adcell=hp_S1c_Cooking,2025-01-12 22:16:43,appliances,
"GE Profile Series PTD7000SNSS 30"" Built-In Convection Double Wall Oven - Stainless S...",3110.0,sears.com,https://www.sears.com/appliances-kitchen-appliances-cooking-appliances/b-1323665151?adcell=hp_S1c_Cooking,2025-01-12 22:16:43,appliances,
"GE Appliances JTD5000DVBB 30"" Smart Built-In Self-Clean Convection Double Wall Oven ...",3199.49,sears.com,https://www.sears.com/appliances-kitchen-appliances-cooking-appliances/b-1323665151?adcell=hp_S1c_Cooking,2025-01-12 22:16:43,appliances,Flash Sale!
"GE Profile Series PKS7000SNSS 27"" Built-In Convection Single Wall Oven-Stainless ste...",2899.79,sears.com,https://www.sears.com/appliances-kitchen-appliances-cooking-appliances/b-1323665151?adcell=hp_S1c_Cooking,2025-01-12 22:16:43,appliances,Flash Sale!
Samsung NX60T8111SG/AA 6.0 cf gas slide-in in Black Stainless,1259.1,sears.com,https://www.sears.com/appliances-kitchen-appliances-cooking-appliances/b-1323665151?adcell=hp_S1c_Cooking,2025-01-12 22:16:43,appliances,Flash Sale!
"GE Appliances JKD3000SNSS 27"" Built-In Double Wall Oven - Stainless Steel",2600.09,sears.com,https://www.sears.com/appliances-kitchen-appliances-cooking-appliances/b-1323665151?adcell=hp_S1c_Cooking,2025-01-12 22:16:43,appliances,Flash Sale!
"GE Appliances JT3800SHSS 30"" Built-In Combination Microwave & Wall Oven - Stainless ...",2554.0,sears.com,https://www.sears.com/appliances-kitchen-appliances-cooking-appliances/b-1323665151?adcell=hp_S1c_Cooking,2025-01-12 22:16:43,appliances,
"GE Appliances JB256RTSS GE 30"" Free-Standing Electric Range - Stainless Steel/Black",746.99,sears.com,https://www.sears.com/appliances-kitchen-appliances-cooking-appliances/b-1323665151?adcell=hp_S1c_Cooking,2025-01-12 22:16:43,appliances,Flash Sale!
LG STUDIO WCES6428F  6.4 cu. ft. Wi-Fi Enabled Combination Wall Oven w/ Air Fry - Pr...,3499.99,sears.com,https://www.sears.com/appliances-kitchen-appliances-cooking-appliances/b-1323665151?adcell=hp_S1c_Cooking,2025-01-12 22:16:43,appliances,
"Hotpoint RAS240DMWW 24"" Free-Standing Front-Control Electric Range",719.99,sears.com,https://www.sears.com/appliances-kitchen-appliances-cooking-appliances/b-1323665151?adcell=hp_S1c_Cooking,2025-01-12 22:16:43,appliances,Flash Sale!
GE Profile Series PVM9005BLTS 2.1 cu. ft. Over-the-Range Sensor Microwave - Black St...,638.99,sears.com,https://www.sears.com/appliances-kitchen-appliances-cooking-appliances/b-1323665151?adcell=hp_S1c_Cooking,2025-01-12 22:16:43,appliances,Flash Sale!
Frigidaire Gallery GCWS3067AD  30'' Single Electric Wall Oven with Total Convection ...,1599.0,sears.com,https://www.sears.com/appliances-kitchen-appliances-cooking-appliances/b-1323665151?adcell=hp_S1c_Cooking,2025-01-12 22:16:43,appliances,
"GE Appliances JGBS66DEKWW 30"" Freestanding Gas Range",665.0,sears.com,https://www.sears.com/appliances-kitchen-appliances-cooking-appliances/b-1323665151?adcell=hp_S1c_Cooking,2025-01-12 22:16:43,appliances,
Frigidaire FFEC3025US  30'' Radiant Electric Cooktop with 4 Elements - Stainless Ste...,549.0,sears.com,https://www.sears.com/appliances-kitchen-appliances-cooking-appliances/b-1323665151?adcell=hp_S1c_Cooking,2025-01-12 22:16:43,appliances,
"Zline Kitchen and Bath ZLINE 36"" Convertible Vent Wall Mount Range Hood in Stainless...",549.95,sears.com,https://www.sears.com/appliances-kitchen-appliances-cooking-appliances/b-1323665151?adcell=hp_S1c_Cooking,2025-01-12 22:16:43,appliances,
Kenmore 95163  4.8 cu. ft. Front-Control Electric Range with True Convection & Air F...,1169.99,sears.com,https://www.sears.com/appliances-kitchen-appliances-cooking-appliances/b-1323665151?adcell=hp_S1c_Cooking,2025-01-12 22:16:43,appliances,
Frigidaire FFEC3025UB  30'' Electric Cooktop - Black,549.0,sears.com,https://www.sears.com/appliances-kitchen-appliances-cooking-appliances/b-1323665151?adcell=hp_S1c_Cooking,2025-01-12 22:16:43,appliances,
LG MHEC1737F  1.7 cu. ft. Over-the-Range Wi-Fi Enabled Convection Microwave Oven wit...,549.99,sears.com,https://www.sears.com/appliances-kitchen-appliances-cooking-appliances/b-1323665151?adcell=hp_S1c_Cooking,2025-01-12 22:16:43,appliances,
"GE Appliances JBS360DMWW 30"" Free-Standing Electric Range",629.99,sears.com,https://www.sears.com/appliances-kitchen-appliances-cooking-appliances/b-1323665151?adcell=hp_S1c_Cooking,2025-01-12 22:16:43,appliances,Flash Sale!
"GE Appliances GRF400SVSS 30"" Free-Standing Electric Range -  Stainless Steel/Black",808.19,sears.com,https://www.sears.com/appliances-kitchen-appliances-cooking-appliances/b-1323665151?adcell=hp_S1c_Cooking,2025-01-12 22:16:43,appliances,
"GE Appliances JGBS30DEKBB  30"" Free-Standing Gas Range - Black",588.0,sears.com,https://www.sears.com/appliances-kitchen-appliances-cooking-appliances/b-1323665151?adcell=hp_S1c_Cooking,2025-01-12 22:16:43,appliances,
Samsung 1.7 cu ft. Smart Over-the-Range Microwave with Convection & Slim Fry in Blac...,586.71,sears.com,https://www.sears.com/appliances-kitchen-appliances-cooking-appliances/b-1323665151?adcell=hp_S1c_Cooking,2025-01-12 22:16:43,appliances,Flash Sale!
LG LSEL6337F  6.3 cu. ft. Smart Wi-Fi Enabled InstaView® Electric Slide-In Rang...,1749.99,sears.com,https://www.sears.com/appliances-kitchen-appliances-cooking-appliances/b-1323665151?adcell=hp_S1c_Cooking,2025-01-12 22:16:43,appliances,
LG MVEL2137F  2.1 cu. ft. Wi-Fi Enabled Over-the-Range Microwave Oven with ExtendaVe...,449.99,sears.com,https://www.sears.com/appliances-kitchen-appliances-cooking-appliances/b-1323665151?adcell=hp_S1c_Cooking,2025-01-12 22:16:43,appliances,
"GE Profile Series PK7800SKSS 27"" Built-In Convection Wall Oven with Microwave - Stai...",3999.59,sears.com,https://www.sears.com/appliances-kitchen-appliances-cooking-appliances/b-1323665151?adcell=hp_S1c_Cooking,2025-01-12 22:16:43,appliances,Flash Sale!
"Sharp 2.2 CF Countertop Microwave Oven, Inverter Technology",240.74,sears.com,https://www.sears.com/appliances-kitchen-appliances-cooking-appliances/b-1323665151?adcell=hp_S1c_Cooking,2025-01-12 22:16:43,appliances,
GE Appliances PES7227SLSS GE Profile™ 2.2 Cu. Ft. Countertop Sensor Microwave ...,413.99,sears.com,https://www.sears.com/appliances-kitchen-appliances-cooking-appliances/b-1323665151?adcell=hp_S1c_Cooking,2025-01-12 22:16:43,appliances,Flash Sale!
LG MVEL2033F  2.0 cu. ft. Wi-Fi Enabled Over-the-Range Microwave Oven with EasyClean...,349.99,sears.com,https://www.sears.com/appliances-kitchen-appliances-cooking-appliances/b-1323665151?adcell=hp_S1c_Cooking,2025-01-12 22:16:43,appliances,
"Samsung NX60A6711SS/AA 30"" 6.0 cu.ft. Stainless Steel Gas Range with 5 Burners and A...",1110.0,sears.com,https://www.sears.com/appliances-kitchen-appliances-cooking-appliances/b-1323665151?adcell=hp_S1c_Cooking,2025-01-12 22:16:43,appliances,
"GE Appliances JTD3000SNSS 30"" Built-In Double Wall Oven - Stainless Steel",2221.0,sears.com,https://www.sears.com/appliances-kitchen-appliances-cooking-appliances/b-1323665151?adcell=hp_S1c_Cooking,2025-01-12 22:16:43,appliances,
GE Appliances GDT650SYVFS ENERGY STAR® Fingerprint Resistant Top Control with S...,809.99,sears.com,https://www.sears.com/appliances-dishwashers/b-1020017?adcell=hp_S1c_dishwashers,2025-01-12 22:16:43,appliances,Flash Sale!
GE Appliances PDT715SYVFS Fingerprint Resistant Top Control Stainless Interior Dishw...,1034.99,sears.com,https://www.sears.com/appliances-dishwashers/b-1020017?adcell=hp_S1c_dishwashers,2025-01-12 22:16:43,appliances,Flash Sale!
"Kenmore 22-14585 14585 24"" Built-in Dishwasher with UltraWash® System and Smart...",429.99,sears.com,https://www.sears.com/appliances-dishwashers/b-1020017?adcell=hp_S1c_dishwashers,2025-01-12 22:16:43,appliances,
"Frigidaire FFCD2413US 24"" Built-In Dishwasher - Stainless Steel",349.0,sears.com,https://www.sears.com/appliances-dishwashers/b-1020017?adcell=hp_S1c_dishwashers,2025-01-12 22:16:43,appliances,
"GE Appliances GPT225SGLWW 24"" Portable Dishwasher",665.0,sears.com,https://www.sears.com/appliances-dishwashers/b-1020017?adcell=hp_S1c_dishwashers,2025-01-12 22:16:43,appliances,
"Kenmore 22-14589 14589 24"" Built-in Dishwasher with UltraWash® System and Smart...",429.99,sears.com,https://www.sears.com/appliances-dishwashers/b-1020017?adcell=hp_S1c_dishwashers,2025-01-12 22:16:43,appliances,
GE Appliances GDP670SYVFS ENERGY STAR® Fingerprint Resistant Top Control with S...,699.0,sears.com,https://www.sears.com/appliances-dishwashers/b-1020017?adcell=hp_S1c_dishwashers,2025-01-12 22:16:43,appliances,
GE Appliances GDP670SGVWW ENERGY STAR® Top Control with Stainless Steel Interio...,721.0,sears.com,https://www.sears.com/appliances-dishwashers/b-1020017?adcell=hp_S1c_dishwashers,2025-01-12 22:16:43,appliances,
GE Appliances GDT630PYRFS 24 in. in Stainless Steel Top Control Built-In Tall Tub Di...,746.99,sears.com,https://www.sears.com/appliances-dishwashers/b-1020017?adcell=hp_S1c_dishwashers,2025-01-12 22:16:43,appliances,Flash Sale!
"Kenmore 22-14625 14625 24"" Built-in Dishwasher with UltraWash® Plus System and ...",549.99,sears.com,https://www.sears.com/appliances-dishwashers/b-1020017?adcell=hp_S1c_dishwashers,2025-01-12 22:16:43,appliances,
GE Appliances GDT550PYRFS GE® Top Control with Plastic Interior Dishwasher with...,477.0,sears.com,https://www.sears.com/appliances-dishwashers/b-1020017?adcell=hp_S1c_dishwashers,2025-01-12 22:16:43,appliances,
LG LDTH7972S  Smart Top Control Dishwasher w/ QuadWash® Pro & Dynamic Heat Dry&...,999.99,sears.com,https://www.sears.com/appliances-dishwashers/b-1020017?adcell=hp_S1c_dishwashers,2025-01-12 22:16:43,appliances,
"Kenmore 22-14582 14582 24"" Built-in Dishwasher with UltraWash® System and Smart...",429.99,sears.com,https://www.sears.com/appliances-dishwashers/b-1020017?adcell=hp_S1c_dishwashers,2025-01-12 22:16:43,appliances,
Samsung Smart Linear Wash 39dBA Dishwasher in Black Stainless Steel,1045.46,sears.com,https://www.sears.com/appliances-dishwashers/b-1020017?adcell=hp_S1c_dishwashers,2025-01-12 22:16:43,appliances,Flash Sale!
Samsung DW80R9950US/AA Linear Wash Dishwasher - Stainless Steel,888.0,sears.com,https://www.sears.com/appliances-dishwashers/b-1020017?adcell=hp_S1c_dishwashers,2025-01-12 22:16:43,appliances,
GE Appliances GDP670SMVES ENERGY STAR® Fingerprint Resistant Top Control with S...,699.0,sears.com,https://www.sears.com/appliances-dishwashers/b-1020017?adcell=hp_S1c_dishwashers,2025-01-12 22:16:43,appliances,
"Kenmore 22-14599  14599 24"" Built-in Dishwasher with UltraWash® System and Smar...",499.99,sears.com,https://www.sears.com/appliances-dishwashers/b-1020017?adcell=hp_S1c_dishwashers,2025-01-12 22:16:43,appliances,
"Kenmore 22-14595  14595 24"" Built-in Dishwasher with UltraWash® System and Smar...",499.99,sears.com,https://www.sears.com/appliances-dishwashers/b-1020017?adcell=hp_S1c_dishwashers,2025-01-12 22:16:43,appliances,
"Kenmore 22-14629 14629 24"" Built-in Dishwasher with UltraWash® Plus System and ...",549.99,sears.com,https://www.sears.com/appliances-dishwashers/b-1020017?adcell=hp_S1c_dishwashers,2025-01-12 22:16:43,appliances,
GE Appliances GDT670SFVDS ENERGY STAR® Top Control with Stainless Steel Interio...,989.99,sears.com,https://www.sears.com/appliances-dishwashers/b-1020017?adcell=hp_S1c_dishwashers,2025-01-12 22:16:43,appliances,Flash Sale!
Samsung DW80CG4051SRAA Fingerprint Resistant 51 dBA Dishwasher with 3rd Rack in Stai...,554.0,sears.com,https://www.sears.com/appliances-dishwashers/b-1020017?adcell=hp_S1c_dishwashers,2025-01-12 22:16:43,appliances,
Frigidaire FDPC4221AW  24'' Built-In Dishwasher with 5-Level Wash System,299.0,sears.com,https://www.sears.com/appliances-dishwashers/b-1020017?adcell=hp_S1c_dishwashers,2025-01-12 22:16:43,appliances,
GE Appliances GDT635HSRSS 24 in. in Stainless Steel Top Control Smart Built-In Tall ...,809.99,sears.com,https://www.sears.com/appliances-dishwashers/b-1020017?adcell=hp_S1c_dishwashers,2025-01-12 22:16:43,appliances,Flash Sale!
"GE Appliances GDF535PGRCC 24"" Bisque Front Control - 55-Decibal",539.99,sears.com,https://www.sears.com/appliances-dishwashers/b-1020017?adcell=hp_S1c_dishwashers,2025-01-12 22:16:43,appliances,Flash Sale!
"LG LDFC2423V  Front Control Dishwasher, with Dynamic Dry™ - Stainless Steel Lo...",499.99,sears.com,https://www.sears.com/appliances-dishwashers/b-1020017?adcell=hp_S1c_dishwashers,2025-01-12 22:16:43,appliances,
GE Appliances GDF650SYVFS ENERGY STAR® Front Control with Stainless Steel Inter...,809.99,sears.com,https://www.sears.com/appliances-dishwashers/b-1020017?adcell=hp_S1c_dishwashers,2025-01-12 22:16:43,appliances,Flash Sale!
"Frigidaire FFCD2413UB 24"" Built-In Dishwasher - Black",349.0,sears.com,https://www.sears.com/appliances-dishwashers/b-1020017?adcell=hp_S1c_dishwashers,2025-01-12 22:16:43,appliances,
Frigidaire FDPC4221AS  24'' Built-In Dishwasher with 5-Level Wash System - Stainless...,299.0,sears.com,https://www.sears.com/appliances-dishwashers/b-1020017?adcell=hp_S1c_dishwashers,2025-01-12 22:16:43,appliances,
Danby DDW621WDB Countertop Dishwasher with 6 Place Settings 6 Wash Cycles and Silver...,423.9,sears.com,https://www.sears.com/appliances-dishwashers/b-1020017?adcell=hp_S1c_dishwashers,2025-01-12 22:16:43,appliances,Flash Sale!
"Frigidaire FFCD2413UW  24"" Built-In Dishwasher",349.0,sears.com,https://www.sears.com/appliances-dishwashers/b-1020017?adcell=hp_S1c_dishwashers,2025-01-12 22:16:43,appliances,
GE Appliances HDF310PGRBB HOTPOINT One Button Dishwasher with Plastic Interior - Bla...,296.99,sears.com,https://www.sears.com/appliances-dishwashers/b-1020017?adcell=hp_S1c_dishwashers,2025-01-12 22:16:43,appliances,Flash Sale!
LG LDTH5554D  Top Control Dishwasher with 1-Hour Wash & Dry Cycle & Dynamic Heat Dry...,899.99,sears.com,https://www.sears.com/appliances-dishwashers/b-1020017?adcell=hp_S1c_dishwashers,2025-01-12 22:16:43,appliances,
"GE Appliances GPT225SSLSS 24"" Portable Dishwasher - Stainless Steel",665.0,sears.com,https://www.sears.com/appliances-dishwashers/b-1020017?adcell=hp_S1c_dishwashers,2025-01-12 22:16:43,appliances,
First Choice Parts 4Pack W10195417 Dishwasher Wheels Lower Rack for Kenmore Whirlpoo...,14.98,sears.com,https://www.sears.com/appliances-dishwashers/b-1020017?adcell=hp_S1c_dishwashers,2025-01-12 22:16:43,appliances,
GE Appliances GDP670SGVBB ENERGY STAR® Top Control with Stainless Steel Interio...,721.0,sears.com,https://www.sears.com/appliances-dishwashers/b-1020017?adcell=hp_S1c_dishwashers,2025-01-12 22:16:43,appliances,
"Kenmore 22-14592  14592 24"" Built-in Dishwasher with UltraWash® System and Smar...",499.99,sears.com,https://www.sears.com/appliances-dishwashers/b-1020017?adcell=hp_S1c_dishwashers,2025-01-12 22:16:43,appliances,
"GE Appliances GDT630PGRWW GE® 24"" White Built In Dishwasher",701.99,sears.com,https://www.sears.com/appliances-dishwashers/b-1020017?adcell=hp_S1c_dishwashers,2025-01-12 22:16:43,appliances,Flash Sale!
"Kenmore 22-14622 14622 24"" Built-in Dishwasher with UltraWash® Plus System and ...",549.99,sears.com,https://www.sears.com/appliances-dishwashers/b-1020017?adcell=hp_S1c_dishwashers,2025-01-12 22:16:43,appliances,
LG LDFC2423W  Front Control Dishwasher,499.99,sears.com,https://www.sears.com/appliances-dishwashers/b-1020017?adcell=hp_S1c_dishwashers,2025-01-12 22:16:43,appliances,
Beaquicy W10508950 Dishwasher Upper Dishrack Slide Rail Stop Clip by Beaquicy  Repla...,7.52,sears.com,https://www.sears.com/appliances-dishwashers/b-1020017?adcell=hp_S1c_dishwashers,2025-01-12 22:16:43,appliances,Flash Sale!
"AMI PARTS W10508950 Dishwasher Upper Dishrack Slide Rail Stop clip By AMI,To Be Able...",7.61,sears.com,https://www.sears.com/appliances-dishwashers/b-1020017?adcell=hp_S1c_dishwashers,2025-01-12 22:16:43,appliances,Flash Sale!
AMI PARTS W10508950 Dishwasher Upper Dishrack Slide Rail Stop Clip By AMITo Be Able ...,7.61,sears.com,https://www.sears.com/appliances-dishwashers/b-1020017?adcell=hp_S1c_dishwashers,2025-01-12 22:16:43,appliances,Flash Sale!
"GE Appliances GDT225SGLWW 24"" Built-In Dishwasher",809.99,sears.com,https://www.sears.com/appliances-dishwashers/b-1020017?adcell=hp_S1c_dishwashers,2025-01-12 22:16:43,appliances,Flash Sale!
"GE Profile Series PDT145SSLSS 18"" Built-In Dishwasher - Stainless Steel",944.99,sears.com,https://www.sears.com/appliances-dishwashers/b-1020017?adcell=hp_S1c_dishwashers,2025-01-12 22:16:43,appliances,Flash Sale!
Frigidaire FDPH4316AS  24 in. Built-in Dishwasher with MaxDry™ - Stainless Ste...,475.93,sears.com,https://www.sears.com/appliances-dishwashers/b-1020017?adcell=hp_S1c_dishwashers,2025-01-12 22:16:43,appliances,
LG LDFC2423B  Front Control Dishwasher - Black,499.99,sears.com,https://www.sears.com/appliances-dishwashers/b-1020017?adcell=hp_S1c_dishwashers,2025-01-12 22:16:43,appliances,
LG LDFN4542W  Front Control Dishwasher with QuadWash™ - PrintProof™ White,599.99,sears.com,https://www.sears.com/appliances-dishwashers/b-1020017?adcell=hp_S1c_dishwashers,2025-01-12 22:16:43,appliances,
LG LDFN4542B  Front Control Dishwasher with QuadWash™ - PrintProof™ Black,599.99,sears.com,https://www.sears.com/appliances-dishwashers/b-1020017?adcell=hp_S1c_dishwashers,2025-01-12 22:16:43,appliances,
GE Appliances FUF21SMRWW 21.3 cu. ft. Upright Freezer,989.99,sears.com,https://www.sears.com/appliances-freezers-ice-makers/b-1020019?subCatView=true&adcell=hp_S1c_freezers,2025-01-12 22:16:43,appliances,Flash Sale!
Frigidaire FFCL2542AW  24.8 cu. ft. Chest Freezer,949.0,sears.com,https://www.sears.com/appliances-freezers-ice-makers/b-1020019?subCatView=true&adcell=hp_S1c_freezers,2025-01-12 22:16:43,appliances,
GE Appliances FUF14SMRWW 14.1 cu. ft. Upright Freezer,764.99,sears.com,https://www.sears.com/appliances-freezers-ice-makers/b-1020019?subCatView=true&adcell=hp_S1c_freezers,2025-01-12 22:16:43,appliances,Flash Sale!
GE Appliances FUF21DLRWW 21.3cu.ft. Frost-Free Upright Freezer,1034.99,sears.com,https://www.sears.com/appliances-freezers-ice-makers/b-1020019?subCatView=true&adcell=hp_S1c_freezers,2025-01-12 22:16:43,appliances,Flash Sale!
Frigidaire FFCL1542AW  14.8 cu. ft. Chest Freezer,599.0,sears.com,https://www.sears.com/appliances-freezers-ice-makers/b-1020019?subCatView=true&adcell=hp_S1c_freezers,2025-01-12 22:16:43,appliances,
Frigidaire FFUM0623AW  6 cu. ft. Upright Freezer,299.0,sears.com,https://www.sears.com/appliances-freezers-ice-makers/b-1020019?subCatView=true&adcell=hp_S1c_freezers,2025-01-12 22:16:43,appliances,
Frigidaire FFFU16F2VW  15.5 cu. ft. Frost Free Upright Freezer with EvenTemp™ ...,629.0,sears.com,https://www.sears.com/appliances-freezers-ice-makers/b-1020019?subCatView=true&adcell=hp_S1c_freezers,2025-01-12 22:16:43,appliances,
GE Appliances FUF14DLRWW 14.1cu.ft. Frost-Free Upright Freezer,809.99,sears.com,https://www.sears.com/appliances-freezers-ice-makers/b-1020019?subCatView=true&adcell=hp_S1c_freezers,2025-01-12 22:16:43,appliances,Flash Sale!
Frigidaire EFRF7003 7 CF Chest Freezer,260.41,sears.com,https://www.sears.com/appliances-freezers-ice-makers/b-1020019?subCatView=true&adcell=hp_S1c_freezers,2025-01-12 22:16:43,appliances,
Avanti CF350F0W 3.5 Cu. Ft. White Chest Freezer,179.99,sears.com,https://www.sears.com/appliances-freezers-ice-makers/b-1020019?subCatView=true&adcell=hp_S1c_freezers,2025-01-12 22:16:43,appliances,
GE Appliances FUF17DLRWW 17.3cu.ft. Frost-Free Upright Freezer,899.99,sears.com,https://www.sears.com/appliances-freezers-ice-makers/b-1020019?subCatView=true&adcell=hp_S1c_freezers,2025-01-12 22:16:43,appliances,Flash Sale!
"Commercial Cool 5.0 Cu. Ft. Upright Freezer,Black",359.99,sears.com,https://www.sears.com/appliances-freezers-ice-makers/b-1020019?subCatView=true&adcell=hp_S1c_freezers,2025-01-12 22:16:43,appliances,
GE Appliances FCM7STWW GE 7.0 Cu. Ft. Manual Defrost Chest Freezer,341.1,sears.com,https://www.sears.com/appliances-freezers-ice-makers/b-1020019?subCatView=true&adcell=hp_S1c_freezers,2025-01-12 22:16:43,appliances,Flash Sale!
"joy pebble nugget stainless steel ice maker, countertop chewable nugget ice machine,...",251.59,sears.com,https://www.sears.com/appliances-freezers-ice-makers/b-1020019?subCatView=true&adcell=hp_S1c_freezers,2025-01-12 22:16:43,appliances,
"Commercial Cool 2.8 Cu. Ft. Upright Freezer,Black",199.99,sears.com,https://www.sears.com/appliances-freezers-ice-makers/b-1020019?subCatView=true&adcell=hp_S1c_freezers,2025-01-12 22:16:43,appliances,
Frigidaire EFRF5003 5 CF Chest Freezer,215.51,sears.com,https://www.sears.com/appliances-freezers-ice-makers/b-1020019?subCatView=true&adcell=hp_S1c_freezers,2025-01-12 22:16:43,appliances,
GE Appliances FCM5STWW GE 5.1 Cu. Ft. Manual Defrost Chest Freezer,305.1,sears.com,https://www.sears.com/appliances-freezers-ice-makers/b-1020019?subCatView=true&adcell=hp_S1c_freezers,2025-01-12 22:16:43,appliances,Flash Sale!
Frigidaire FFUE2024AW  20 cu. ft. Upright Freezer,899.0,sears.com,https://www.sears.com/appliances-freezers-ice-makers/b-1020019?subCatView=true&adcell=hp_S1c_freezers,2025-01-12 22:16:43,appliances,
Frigidaire FFCL2042AW  19.8 cu. ft. Chest Freezer,849.0,sears.com,https://www.sears.com/appliances-freezers-ice-makers/b-1020019?subCatView=true&adcell=hp_S1c_freezers,2025-01-12 22:16:43,appliances,
Frigidaire EFRF9003 9 CF Chest Freezer,350.21,sears.com,https://www.sears.com/appliances-freezers-ice-makers/b-1020019?subCatView=true&adcell=hp_S1c_freezers,2025-01-12 22:16:43,appliances,
GE Appliances FCM22DLWW 21.7 cu. ft. Manual Defrost Chest Freezer,1061.99,sears.com,https://www.sears.com/appliances-freezers-ice-makers/b-1020019?subCatView=true&adcell=hp_S1c_freezers,2025-01-12 22:16:43,appliances,Flash Sale!
GE Appliances FCM16DLWW 15.7 cu. ft. Manual Defrost Chest Freezer,881.99,sears.com,https://www.sears.com/appliances-freezers-ice-makers/b-1020019?subCatView=true&adcell=hp_S1c_freezers,2025-01-12 22:16:43,appliances,Flash Sale!
GE Appliances FUF17SMRWW 17.3 cu. ft. Upright Freezer,854.99,sears.com,https://www.sears.com/appliances-freezers-ice-makers/b-1020019?subCatView=true&adcell=hp_S1c_freezers,2025-01-12 22:16:43,appliances,Flash Sale!
GE Appliances FCM16SLWW 15.7 cu. ft. Chest Freezer with Manual Defrost,791.99,sears.com,https://www.sears.com/appliances-freezers-ice-makers/b-1020019?subCatView=true&adcell=hp_S1c_freezers,2025-01-12 22:16:43,appliances,Flash Sale!
GE Appliances FCM11SRWW GE 10.7 Cu. Ft. Manual Defrost Chest Freezer,701.1,sears.com,https://www.sears.com/appliances-freezers-ice-makers/b-1020019?subCatView=true&adcell=hp_S1c_freezers,2025-01-12 22:16:43,appliances,Flash Sale!
GE Appliances FCM9SRWW GE 8.8 Cu. Ft. Manual Defrost Chest Freezer,521.1,sears.com,https://www.sears.com/appliances-freezers-ice-makers/b-1020019?subCatView=true&adcell=hp_S1c_freezers,2025-01-12 22:16:43,appliances,Flash Sale!
Cooler Depot 81 in. W 72 cu. ft. Auto Defrost 3-Door Commercial Upright Reach-In Fre...,4385.0,sears.com,https://www.sears.com/appliances-freezers-ice-makers/b-1020019?subCatView=true&adcell=hp_S1c_freezers,2025-01-12 22:16:43,appliances,
Summit Set of FFBF181ES2 and FFBF181ES2LHD refrigeratorfreezers with GRILL48B,4134.8,sears.com,https://www.sears.com/appliances-freezers-ice-makers/b-1020019?subCatView=true&adcell=hp_S1c_freezers,2025-01-12 22:16:43,appliances,Flash Sale!
Cooler Depot 500 lbs. Cube Ice Commercial Ice Maker in Stainless Steel,3660.0,sears.com,https://www.sears.com/appliances-freezers-ice-makers/b-1020019?subCatView=true&adcell=hp_S1c_freezers,2025-01-12 22:16:43,appliances,
Avallon AIMg151gSSILH 15 Inch Wide 26 Lbs Built-InFree Standing Ice Maker with 56 Lb...,3220.43,sears.com,https://www.sears.com/appliances-freezers-ice-makers/b-1020019?subCatView=true&adcell=hp_S1c_freezers,2025-01-12 22:16:43,appliances,Flash Sale!
FRIGIDAIRE FPFU19F8WF Frigidaire Professional 19 Cu. Ft. Single-Door Freezer,2999.0,sears.com,https://www.sears.com/appliances-freezers-ice-makers/b-1020019?subCatView=true&adcell=hp_S1c_freezers,2025-01-12 22:16:43,appliances,
thinkstar De500Imouss Outdoor Built-In Ice Maker In Stainless Steel | Large Clear Ic...,2997.26,sears.com,https://www.sears.com/appliances-freezers-ice-makers/b-1020019?subCatView=true&adcell=hp_S1c_freezers,2025-01-12 22:16:43,appliances,Flash Sale!
"thinkstar Mim250 Commercial Ice Maker Machine Programmable, Stainless Steel Self-Con...",2887.46,sears.com,https://www.sears.com/appliances-freezers-ice-makers/b-1020019?subCatView=true&adcell=hp_S1c_freezers,2025-01-12 22:16:43,appliances,Flash Sale!
Summit 15 wide ADA compliant builtin undercounter panelready NSFlisted clear icemake...,2840.89,sears.com,https://www.sears.com/appliances-freezers-ice-makers/b-1020019?subCatView=true&adcell=hp_S1c_freezers,2025-01-12 22:16:43,appliances,Flash Sale!
"SUMMIT VLT204 19.8 CU.FT. Chest Freezer, -35 c",2803.17,sears.com,https://www.sears.com/appliances-freezers-ice-makers/b-1020019?subCatView=true&adcell=hp_S1c_freezers,2025-01-12 22:16:43,appliances,
Great Choice Products Industrial Modular Full Dice Ice Cube Machine W/ 198 Lbs Stora...,2800.48,sears.com,https://www.sears.com/appliances-freezers-ice-makers/b-1020019?subCatView=true&adcell=hp_S1c_freezers,2025-01-12 22:16:43,appliances,Flash Sale!
"Summit Appliance Bim44Gcssif Built-In Clear Icemaker, 50 Lb Production Capacity, Bui...",2786.1,sears.com,https://www.sears.com/appliances-freezers-ice-makers/b-1020019?subCatView=true&adcell=hp_S1c_freezers,2025-01-12 22:16:43,appliances,Flash Sale!
Cooler Depot 54 in. W 47 cu. ft. Frost-free Two Door Commercial Reach In Upright Fre...,2778.0,sears.com,https://www.sears.com/appliances-freezers-ice-makers/b-1020019?subCatView=true&adcell=hp_S1c_freezers,2025-01-12 22:16:43,appliances,
"thinkstar Commercial Slushy Machine 15L X 3, 11.88 Gallon Margarita Machine, 600W Fr...",2749.76,sears.com,https://www.sears.com/appliances-freezers-ice-makers/b-1020019?subCatView=true&adcell=hp_S1c_freezers,2025-01-12 22:16:43,appliances,Flash Sale!
Summit Appliance Summit Commercial Built-in kegerator for use under ADA compliant co...,2744.59,sears.com,https://www.sears.com/appliances-freezers-ice-makers/b-1020019?subCatView=true&adcell=hp_S1c_freezers,2025-01-12 22:16:43,appliances,
Great Choice Prodcuts Freestanding Ice Machine 353LBS/24H Ice Machine w/ 198 LBS Sto...,2737.61,sears.com,https://www.sears.com/appliances-freezers-ice-makers/b-1020019?subCatView=true&adcell=hp_S1c_freezers,2025-01-12 22:16:43,appliances,Flash Sale!
"Cooler Depot NEW 72"" Commercial Undercounter Freezer 3 Door TUC72F Restaurant Bar NSF",2722.0,sears.com,https://www.sears.com/appliances-freezers-ice-makers/b-1020019?subCatView=true&adcell=hp_S1c_freezers,2025-01-12 22:16:43,appliances,
Summit Appliances Summit Appliance 62 lb Clear OutdoorIndoor Icemaker,2710.45,sears.com,https://www.sears.com/appliances-freezers-ice-makers/b-1020019?subCatView=true&adcell=hp_S1c_freezers,2025-01-12 22:16:43,appliances,Flash Sale!
Summit 27 wide builtin undercounter ADA height 2drawer outdoor allrefrigerator,2615.23,sears.com,https://www.sears.com/appliances-freezers-ice-makers/b-1020019?subCatView=true&adcell=hp_S1c_freezers,2025-01-12 22:16:43,appliances,Flash Sale!
Summit 24 wide indooroutdoor ADA compliant 2drawer allrefrigeratorfreezer,2613.92,sears.com,https://www.sears.com/appliances-freezers-ice-makers/b-1020019?subCatView=true&adcell=hp_S1c_freezers,2025-01-12 22:16:43,appliances,Flash Sale!
4.5 cu. ft. Ultra Large Capacity Smart wi-fi Enabled Front Load Washer with TurboWash™ 360° and Built-In Intelligence,799.0,lg.com,https://www.lg.com/us/washers,2025-01-12 22:16:43,washers,$350 OFF
Ventless Washer/Dryer Combo LG WashCombo™ All-in-One 5.0 cu. ft. Mega Capacity with Inverter HeatPump™ Technology and Direct Drive Motor,1999.0,lg.com,https://www.lg.com/us/washers,2025-01-12 22:16:43,washers,"$1,000 OFF"
4.5 cu. ft. Ultra Large Front Load Washer,699.0,lg.com,https://www.lg.com/us/washers,2025-01-12 22:16:43,washers,$250 OFF
5.0 cu. ft. Mega Capacity Top Load Washer with TurboDrum™ Technology,749.0,lg.com,https://www.lg.com/us/washers,2025-01-12 22:16:43,washers,$200 OFF
"5.5 cu.ft. Mega Capacity Smart Top Load Washer with EasyUnload™, AI Sensing, ezDispense®, Water Faucet & LCD Digital Dial Control",1049.0,lg.com,https://www.lg.com/us/washers,2025-01-12 22:16:43,washers,$250 OFF
5.5 cu.ft. Smart wi-fi Enabled Top Load Washer with TurboWash3D™ Technology,1349.0,lg.com,https://www.lg.com/us/washers,2025-01-12 22:16:43,washers,
"LG STUDIO Smart Top Control Dishwasher with 1-Hour Wash & Dry, QuadWash® Pro, TrueSteam® and Dynamic Heat Dry™",1199.0,lg.com,https://www.lg.com/us/dishwashers,2025-01-12 22:16:43,dishwashers,$300 OFF
"Top-Control Dishwasher with 1-Hour Wash & Dry, QuadWash® Pro, and Dynamic Heat Dry™",749.0,lg.com,https://www.lg.com/us/dishwashers,2025-01-12 22:16:43,dishwashers,$300 OFF
"Smart Top Control Dishwasher with 1-Hour Wash & Dry, QuadWash® Pro, TrueSteam®, and Dynamic Heat Dry™",899.0,lg.com,https://www.lg.com/us/dishwashers,2025-01-12 22:16:43,dishwashers,$400 OFF
Front Control Dishwasher with QuadWash™ and EasyRack™ Plus,749.0,lg.com,https://www.lg.com/us/dishwashers,2025-01-12 22:16:43,dishwashers,
Front Control Dishwasher with QuadWash™,529.0,lg.com,https://www.lg.com/us/dishwashers,2025-01-12 22:16:43,dishwashers,$270 OFF
Front Control Dishwasher with LoDecibel Operation and Dynamic Dry™,499.0,lg.com,https://www.lg.com/us/dishwashers,2025-01-12 22:16:43,dishwashers,
"LG STUDIO, 36"" Chimney Style Hood, Essence White",1199.0,lg.com,https://www.lg.com/us/cooking-appliances,2025-01-12 22:16:43,cooking-appliances,$100 OFF
"LG STUDIO, 30"" Chimney Style Hood, Essence White",1099.0,lg.com,https://www.lg.com/us/cooking-appliances,2025-01-12 22:16:43,cooking-appliances,$100 OFF
LG STUDIO 1.7/4.7 cu. ft. Combination Double Wall Oven with Air Fry,3599.0,lg.com,https://www.lg.com/us/cooking-appliances,2025-01-12 22:16:43,cooking-appliances,$600 OFF
LG STUDIO 1.7 cu. ft. Over-the-Range Convection Microwave Oven with Air Fry,899.0,lg.com,https://www.lg.com/us/cooking-appliances,2025-01-12 22:16:43,cooking-appliances,$50 OFF
LG STUDIO 6.3 cu. ft. InstaView® Gas Slide-in Range with ProBake Convection® and Air Fry,2299.0,lg.com,https://www.lg.com/us/cooking-appliances,2025-01-12 22:16:43,cooking-appliances,$600 OFF
LG STUDIO 6.3 cu. ft. InstaView® Electric Slide-in Range with ProBake Convection® and Air Fry,2199.0,lg.com,https://www.lg.com/us/cooking-appliances,2025-01-12 22:16:43,cooking-appliances,$600 OFF
2.0 cu. ft. Smart Over-the-Range Microwave,349.0,lg.com,https://www.lg.com/us/cooking-appliances,2025-01-12 22:16:43,cooking-appliances,$110 OFF
"6.3 cu. ft. Smart Induction Slide-in Range with InstaView®, ProBake Convection®, Air Fry, and Air Sous Vide",2099.0,lg.com,https://www.lg.com/us/cooking-appliances,2025-01-12 22:16:43,cooking-appliances,$900 OFF
6.3 cu ft. Smart wi-fi Enabled ProBake Convection® InstaView® Gas Slide-In Range with Air Fry,1399.0,lg.com,https://www.lg.com/us/cooking-appliances,2025-01-12 22:16:43,cooking-appliances,$700 OFF
LG STUDIO 36” Electric Cooktop,1099.0,lg.com,https://www.lg.com/us/cooking-appliances,2025-01-12 22:16:43,cooking-appliances,$300 OFF
2.1 cu. ft. Smart Over-the-Range Microwave with ExtendaVent® 2.0,399.0,lg.com,https://www.lg.com/us/cooking-appliances,2025-01-12 22:16:43,cooking-appliances,$130 OFF
1.8 cu. ft. Smart Over-the-Range Microwave,299.0,lg.com,https://www.lg.com/us/cooking-appliances,2025-01-12 22:16:43,cooking-appliances,$90 OFF
