nom,prix,website,source,date_scraped,category,promotion,url,description,normalized_nom,normalized_description,nom_and_description
Whirlpool - 21.4 Cu. Ft. Side-by-Side Refrigerator with Fingerprint Resistant,1199.99,bestbuy.com,https://www.bestbuy.com/site/refrigerators/all-refrigerators/pcmcat367400050001.c?id=pcmcat367400050001&intl=nosplash,2025-01-18 22:31:01,refrigerators,,https://www.bestbuy.com/site/whirlpool-21-4-cu-ft-side-by-side-refrigerator-with-fingerprint-resistant-stainless-steel/6076924.p?skuId=6076924,Specifications Voice Assistant Built-in No Product Height 66 5/8 inches Product Width 32 3/4 inches Height To Top Of Refrigerator (Without Hinges) 65 5/8 inches Height To Top Of Door Hinge 66 1/4 inches Depth Without Handle 31 5/8 inches,whirlpool - 21.4 cu. ft. side-by-side refrigerator with fingerprint resistant,specifications voice assistant built-in no product height 66 5/8 inches product width 32 3/4 inches height to top of refrigerator (without hinges) 65 5/8 inches height to top of door hinge 66 1/4 inches depth without handle 31 5/8 inches,Whirlpool - 21.4 Cu. Ft. Side-by-Side Refrigerator with Fingerprint Resistant Specifications Voice Assistant Built-in No Product Height 66 5/8 inches Product Width 32 3/4 inches Height To Top Of Refrigerator (Without Hinges) 65 5/8 inches Height To Top Of Door Hinge 66 1/4 inches Depth Without Handle 31 5/8 inches
Frigidaire - Gallery 22.3 Cu. Ft. Side-by-Side Counter-Depth Refrigerator,1249.99,bestbuy.com,https://www.bestbuy.com/site/refrigerators/all-refrigerators/pcmcat367400050001.c?id=pcmcat367400050001&intl=nosplash,2025-01-18 22:31:01,refrigerators,,https://www.bestbuy.com/site/frigidaire-gallery-22-3-cu-ft-side-by-side-counter-depth-refrigerator-silver/6448442.p?skuId=6448442,Specifications Voice Assistant Built-in No Product Height 69 7/8 inches Product Width 36 1/8 inches Height To Top Of Refrigerator (Without Hinges) 68.625 inches Height To Top Of Door Hinge 69 7/8 inches Depth Without Handle 28.5 inches,frigidaire - gallery 22.3 cu. ft. side-by-side counter-depth refrigerator,specifications voice assistant built-in no product height 69 7/8 inches product width 36 1/8 inches height to top of refrigerator (without hinges) 68.625 inches height to top of door hinge 69 7/8 inches depth without handle 28.5 inches,Frigidaire - Gallery 22.3 Cu. Ft. Side-by-Side Counter-Depth Refrigerator Specifications Voice Assistant Built-in No Product Height 69 7/8 inches Product Width 36 1/8 inches Height To Top Of Refrigerator (Without Hinges) 68.625 inches Height To Top Of Door Hinge 69 7/8 inches Depth Without Handle 28.5 inches
"Frigidaire - 26.0 Cu. Ft. 36"" Standard Depth Side by Side Refrigerator",1099.99,bestbuy.com,https://www.bestbuy.com/site/refrigerators/all-refrigerators/pcmcat367400050001.c?id=pcmcat367400050001&intl=nosplash,2025-01-18 22:31:01,refrigerators,,https://www.bestbuy.com/site/frigidaire-26-0-cu-ft-36-standard-depth-side-by-side-refrigerator-stainless-steel/6602933.p?skuId=6602933,Specifications Product Height 69 7/8 inches Product Width 36 1/8 inches Height To Top Of Refrigerator (Without Hinges) 68.625 inches Height To Top Of Door Hinge 69.875 inches Depth Without Handle 33.375 inches Depth With Handle 35.875 inches,"frigidaire - 26.0 cu. ft. 36"" standard depth side by side refrigerator",specifications product height 69 7/8 inches product width 36 1/8 inches height to top of refrigerator (without hinges) 68.625 inches height to top of door hinge 69.875 inches depth without handle 33.375 inches depth with handle 35.875 inches,"Frigidaire - 26.0 Cu. Ft. 36"" Standard Depth Side by Side Refrigerator Specifications Product Height 69 7/8 inches Product Width 36 1/8 inches Height To Top Of Refrigerator (Without Hinges) 68.625 inches Height To Top Of Door Hinge 69.875 inches Depth Without Handle 33.375 inches Depth With Handle 35.875 inches"
Insignia™ - 14.2 Cu. Ft. Top-Freezer Refrigerator with ENERGY STAR Certification,399.99,bestbuy.com,https://www.bestbuy.com/site/refrigerators/all-refrigerators/pcmcat367400050001.c?id=pcmcat367400050001&intl=nosplash,2025-01-18 22:31:01,refrigerators,,https://www.bestbuy.com/site/insignia-14-2-cu-ft-top-freezer-refrigerator-with-energy-star-certification-white/6595153.p?skuId=6595153,Specifications Product Height 60.6 inches Product Width 27.6 inches Height To Top Of Refrigerator (Without Hinges) 60 inches Height To Top Of Door Hinge 60.6 inches Depth Without Handle 28.8 inches Depth With Handle 28.8 inches,insignia™ - 14.2 cu. ft. top-freezer refrigerator with energy star certification,specifications product height 60.6 inches product width 27.6 inches height to top of refrigerator (without hinges) 60 inches height to top of door hinge 60.6 inches depth without handle 28.8 inches depth with handle 28.8 inches,Insignia™ - 14.2 Cu. Ft. Top-Freezer Refrigerator with ENERGY STAR Certification Specifications Product Height 60.6 inches Product Width 27.6 inches Height To Top Of Refrigerator (Without Hinges) 60 inches Height To Top Of Door Hinge 60.6 inches Depth Without Handle 28.8 inches Depth With Handle 28.8 inches
LG - Counter-Depth MAX 26.5 Cu. Ft. French Door Smart Refrigerator with Internal Water,1799.99,bestbuy.com,https://www.bestbuy.com/site/refrigerators/all-refrigerators/pcmcat367400050001.c?id=pcmcat367400050001&intl=nosplash,2025-01-18 22:31:01,refrigerators,,https://www.bestbuy.com/site/lg-counter-depth-max-26-5-cu-ft-french-door-smart-refrigerator-with-internal-water-stainless-steel/6511564.p?skuId=6511564,Specifications Voice Assistant Built-in No Product Height 70 1/4 inches Product Width 35 3/4 inches Height To Top Of Refrigerator (Without Hinges) 68 7/8 inches Height To Top Of Door Hinge 70 1/4 inches Depth Without Handle 29 1/4 inches,lg - counter-depth max 26.5 cu. ft. french door smart refrigerator with internal water,specifications voice assistant built-in no product height 70 1/4 inches product width 35 3/4 inches height to top of refrigerator (without hinges) 68 7/8 inches height to top of door hinge 70 1/4 inches depth without handle 29 1/4 inches,LG - Counter-Depth MAX 26.5 Cu. Ft. French Door Smart Refrigerator with Internal Water Specifications Voice Assistant Built-in No Product Height 70 1/4 inches Product Width 35 3/4 inches Height To Top Of Refrigerator (Without Hinges) 68 7/8 inches Height To Top Of Door Hinge 70 1/4 inches Depth Without Handle 29 1/4 inches
Whirlpool - 20.6 Cu. Ft. Side-by-Side Counter-Depth Refrigerator,1499.99,bestbuy.com,https://www.bestbuy.com/site/refrigerators/all-refrigerators/pcmcat367400050001.c?id=pcmcat367400050001&intl=nosplash,2025-01-18 22:31:01,refrigerators,,https://www.bestbuy.com/site/whirlpool-20-6-cu-ft-side-by-side-counter-depth-refrigerator-stainless-steel/6136704.p?skuId=6136704,Specifications Voice Assistant Built-in No Product Height 68 7/8 inches Product Width 36 inches Height To Top Of Refrigerator (Without Hinges) 68 5/8 inches Height To Top Of Door Hinge 68 7/8 inches Depth Without Handle 27 1/2 inches,whirlpool - 20.6 cu. ft. side-by-side counter-depth refrigerator,specifications voice assistant built-in no product height 68 7/8 inches product width 36 inches height to top of refrigerator (without hinges) 68 5/8 inches height to top of door hinge 68 7/8 inches depth without handle 27 1/2 inches,Whirlpool - 20.6 Cu. Ft. Side-by-Side Counter-Depth Refrigerator Specifications Voice Assistant Built-in No Product Height 68 7/8 inches Product Width 36 inches Height To Top Of Refrigerator (Without Hinges) 68 5/8 inches Height To Top Of Door Hinge 68 7/8 inches Depth Without Handle 27 1/2 inches
Samsung - 32 cu. ft. 3-Door French Door Smart Refrigerator with Dual Auto Ice Maker,1499.99,bestbuy.com,https://www.bestbuy.com/site/refrigerators/all-refrigerators/pcmcat367400050001.c?id=pcmcat367400050001&intl=nosplash,2025-01-18 22:31:01,refrigerators,,https://www.bestbuy.com/site/samsung-32-cu-ft-3-door-french-door-smart-refrigerator-with-dual-auto-ice-maker-stainless-steel/6546219.p?skuId=6546219,Specifications Product Height 70 inches Product Width 35 3/4 inches Height To Top Of Refrigerator (Without Hinges) 68 7/8 inches Height To Top Of Door Hinge 70 inches Depth Without Handle 33 7/8 inches Depth With Handle 36 1/4 inches,samsung - 32 cu. ft. 3-door french door smart refrigerator with dual auto ice maker,specifications product height 70 inches product width 35 3/4 inches height to top of refrigerator (without hinges) 68 7/8 inches height to top of door hinge 70 inches depth without handle 33 7/8 inches depth with handle 36 1/4 inches,Samsung - 32 cu. ft. 3-Door French Door Smart Refrigerator with Dual Auto Ice Maker Specifications Product Height 70 inches Product Width 35 3/4 inches Height To Top Of Refrigerator (Without Hinges) 68 7/8 inches Height To Top Of Door Hinge 70 inches Depth Without Handle 33 7/8 inches Depth With Handle 36 1/4 inches
Insignia™ - 20.5 Cu. Ft. Top-Freezer Refrigerator with ENERGY STAR Certification,649.99,bestbuy.com,https://www.bestbuy.com/site/refrigerators/all-refrigerators/pcmcat367400050001.c?id=pcmcat367400050001&intl=nosplash,2025-01-18 22:31:01,refrigerators,,https://www.bestbuy.com/site/insignia-20-5-cu-ft-top-freezer-refrigerator-with-energy-star-certification-stainless-steel/6507733.p?skuId=6507733,Specifications Product Height 66 5/8 inches Product Width 29 3/4 inches Height To Top Of Refrigerator (Without Hinges) 66 inches Height To Top Of Door Hinge 66 11/16 inches Depth Without Handle 32 7/8 inches Depth With Handle 32 7/8 inches,insignia™ - 20.5 cu. ft. top-freezer refrigerator with energy star certification,specifications product height 66 5/8 inches product width 29 3/4 inches height to top of refrigerator (without hinges) 66 inches height to top of door hinge 66 11/16 inches depth without handle 32 7/8 inches depth with handle 32 7/8 inches,Insignia™ - 20.5 Cu. Ft. Top-Freezer Refrigerator with ENERGY STAR Certification Specifications Product Height 66 5/8 inches Product Width 29 3/4 inches Height To Top Of Refrigerator (Without Hinges) 66 inches Height To Top Of Door Hinge 66 11/16 inches Depth Without Handle 32 7/8 inches Depth With Handle 32 7/8 inches
Haier - 15.0 Cu. Ft. 4-Door French Door Refrigerator with Quick Cool and Freeze,1099.99,bestbuy.com,https://www.bestbuy.com/site/refrigerators/all-refrigerators/pcmcat367400050001.c?id=pcmcat367400050001&intl=nosplash,2025-01-18 22:31:01,refrigerators,,https://www.bestbuy.com/site/haier-15-0-cu-ft-4-door-french-door-refrigerator-with-quick-cool-and-freeze-stainless-steel/6494084.p?skuId=6494084,Specifications Voice Assistant Built-in No Product Height 69 7/8 inches Product Width 27 3/4 inches Height To Top Of Refrigerator (Without Hinges) 68 inches Height To Top Of Door Hinge 69 7/8 inches Depth Without Handle 26 5/8 inches,haier - 15.0 cu. ft. 4-door french door refrigerator with quick cool and freeze,specifications voice assistant built-in no product height 69 7/8 inches product width 27 3/4 inches height to top of refrigerator (without hinges) 68 inches height to top of door hinge 69 7/8 inches depth without handle 26 5/8 inches,Haier - 15.0 Cu. Ft. 4-Door French Door Refrigerator with Quick Cool and Freeze Specifications Voice Assistant Built-in No Product Height 69 7/8 inches Product Width 27 3/4 inches Height To Top Of Refrigerator (Without Hinges) 68 inches Height To Top Of Door Hinge 69 7/8 inches Depth Without Handle 26 5/8 inches
Samsung - Bespoke 29 Cu. Ft. 4-Door Flex French Door Smart Refrigerator with AI Family Hub+ and AI Vision Inside,3299.99,bestbuy.com,https://www.bestbuy.com/site/refrigerators/all-refrigerators/pcmcat367400050001.c?id=pcmcat367400050001&intl=nosplash,2025-01-18 22:31:01,refrigerators,,https://www.bestbuy.com/site/samsung-bespoke-29-cu-ft-4-door-flex-french-door-smart-refrigerator-with-ai-family-hub-and-ai-vision-inside-white-glass/6571684.p?skuId=6571684,Specifications Voice Assistant Built-in Amazon Alexa Product Height 73 inches Product Width 35 7/8 inches Height To Top Of Refrigerator (Without Hinges) 70 3/4 inches Height To Top Of Door Hinge 73 inches Depth Without Handle 34 1/4 inches,samsung - bespoke 29 cu. ft. 4-door flex french door smart refrigerator with ai family hub+ and ai vision inside,specifications voice assistant built-in amazon alexa product height 73 inches product width 35 7/8 inches height to top of refrigerator (without hinges) 70 3/4 inches height to top of door hinge 73 inches depth without handle 34 1/4 inches,Samsung - Bespoke 29 Cu. Ft. 4-Door Flex French Door Smart Refrigerator with AI Family Hub+ and AI Vision Inside Specifications Voice Assistant Built-in Amazon Alexa Product Height 73 inches Product Width 35 7/8 inches Height To Top Of Refrigerator (Without Hinges) 70 3/4 inches Height To Top Of Door Hinge 73 inches Depth Without Handle 34 1/4 inches
Insignia™ - 18 Cu. Ft. Top-Freezer Refrigerator with Handles,449.99,bestbuy.com,https://www.bestbuy.com/site/refrigerators/all-refrigerators/pcmcat367400050001.c?id=pcmcat367400050001&intl=nosplash,2025-01-18 22:31:01,refrigerators,,https://www.bestbuy.com/site/insignia-18-cu-ft-top-freezer-refrigerator-with-handles-white/6472693.p?skuId=6472693,Specifications Voice Assistant Built-in No Product Height 66 5/8 inches Product Width 29 11/16 inches Height To Top Of Refrigerator (Without Hinges) 65 3/8 inches Height To Top Of Door Hinge 66 5/8 inches Depth Without Handle 30 11/16 inches,insignia™ - 18 cu. ft. top-freezer refrigerator with handles,specifications voice assistant built-in no product height 66 5/8 inches product width 29 11/16 inches height to top of refrigerator (without hinges) 65 3/8 inches height to top of door hinge 66 5/8 inches depth without handle 30 11/16 inches,Insignia™ - 18 Cu. Ft. Top-Freezer Refrigerator with Handles Specifications Voice Assistant Built-in No Product Height 66 5/8 inches Product Width 29 11/16 inches Height To Top Of Refrigerator (Without Hinges) 65 3/8 inches Height To Top Of Door Hinge 66 5/8 inches Depth Without Handle 30 11/16 inches
Samsung - 28 cu. ft. Side-by-Side Smart Refrigerator with Large Capacity,1099.99,bestbuy.com,https://www.bestbuy.com/site/refrigerators/all-refrigerators/pcmcat367400050001.c?id=pcmcat367400050001&intl=nosplash,2025-01-18 22:31:01,refrigerators,,https://www.bestbuy.com/site/samsung-28-cu-ft-side-by-side-smart-refrigerator-with-large-capacity-stainless-steel/6447149.p?skuId=6447149,Specifications Product Height 70 1/16 inches Product Width 35 7/8 inches Height To Top Of Refrigerator (Without Hinges) 68 5/8 inches Height To Top Of Door Hinge 70 1/16 inches Depth Without Handle 33 1/2 inches Depth With Handle 33 1/2 inches,samsung - 28 cu. ft. side-by-side smart refrigerator with large capacity,specifications product height 70 1/16 inches product width 35 7/8 inches height to top of refrigerator (without hinges) 68 5/8 inches height to top of door hinge 70 1/16 inches depth without handle 33 1/2 inches depth with handle 33 1/2 inches,Samsung - 28 cu. ft. Side-by-Side Smart Refrigerator with Large Capacity Specifications Product Height 70 1/16 inches Product Width 35 7/8 inches Height To Top Of Refrigerator (Without Hinges) 68 5/8 inches Height To Top Of Door Hinge 70 1/16 inches Depth Without Handle 33 1/2 inches Depth With Handle 33 1/2 inches
LG - 27 Cu. Ft. Side-by-Side Smart Refrigerator with Craft Ice Steel,1699.99,bestbuy.com,https://www.bestbuy.com/site/refrigerators/all-refrigerators/pcmcat367400050001.c?id=pcmcat367400050001&intl=nosplash,2025-01-18 22:31:01,refrigerators,,https://www.bestbuy.com/site/lg-27-cu-ft-side-by-side-smart-refrigerator-with-craft-ice-black-stainless-steel/6468479.p?skuId=6468479,Specifications Voice Assistant Built-in No Product Height 70 1/2 inches Product Width 35 7/8 inches Height To Top Of Refrigerator (Without Hinges) 69 3/8 inches Height To Top Of Door Hinge 70 1/2 inches Depth Without Handle 33 7/16 inches,lg - 27 cu. ft. side-by-side smart refrigerator with craft ice steel,specifications voice assistant built-in no product height 70 1/2 inches product width 35 7/8 inches height to top of refrigerator (without hinges) 69 3/8 inches height to top of door hinge 70 1/2 inches depth without handle 33 7/16 inches,LG - 27 Cu. Ft. Side-by-Side Smart Refrigerator with Craft Ice Steel Specifications Voice Assistant Built-in No Product Height 70 1/2 inches Product Width 35 7/8 inches Height To Top Of Refrigerator (Without Hinges) 69 3/8 inches Height To Top Of Door Hinge 70 1/2 inches Depth Without Handle 33 7/16 inches
Samsung - BESPOKE 30 cu. ft. 3-Door French Door Smart Refrigerator with AutoFill Water Pitcher,1599.99,bestbuy.com,https://www.bestbuy.com/site/refrigerators/all-refrigerators/pcmcat367400050001.c?id=pcmcat367400050001&intl=nosplash,2025-01-18 22:31:01,refrigerators,,https://www.bestbuy.com/site/samsung-bespoke-30-cu-ft-3-door-french-door-smart-refrigerator-with-autofill-water-pitcher-stainless-steel/6493500.p?skuId=6493500,Specifications Product Height 70 inches Product Width 35 3/4 inches Height To Top Of Refrigerator (Without Hinges) 68 7/8 inches Height To Top Of Door Hinge 70 inches Depth Without Handle 34 1/4 inches Depth With Handle 34 1/4 inches,samsung - bespoke 30 cu. ft. 3-door french door smart refrigerator with autofill water pitcher,specifications product height 70 inches product width 35 3/4 inches height to top of refrigerator (without hinges) 68 7/8 inches height to top of door hinge 70 inches depth without handle 34 1/4 inches depth with handle 34 1/4 inches,Samsung - BESPOKE 30 cu. ft. 3-Door French Door Smart Refrigerator with AutoFill Water Pitcher Specifications Product Height 70 inches Product Width 35 3/4 inches Height To Top Of Refrigerator (Without Hinges) 68 7/8 inches Height To Top Of Door Hinge 70 inches Depth Without Handle 34 1/4 inches Depth With Handle 34 1/4 inches
Frigidaire - 17.6 Cu. Ft. Counter-Depth French Door Refrigerator,1099.99,bestbuy.com,https://www.bestbuy.com/site/refrigerators/all-refrigerators/pcmcat367400050001.c?id=pcmcat367400050001&intl=nosplash,2025-01-18 22:31:01,refrigerators,,https://www.bestbuy.com/site/frigidaire-17-6-cu-ft-counter-depth-french-door-refrigerator-stainless-steel/6486389.p?skuId=6486389,Specifications Product Height 67 7/8 inches Product Width 31 1/3 inches Height To Top Of Refrigerator (Without Hinges) 67 1/10 inches Height To Top Of Door Hinge 67.9 inches Depth With Handle 31 inches Total Capacity 17.6 cubic feet,frigidaire - 17.6 cu. ft. counter-depth french door refrigerator,specifications product height 67 7/8 inches product width 31 1/3 inches height to top of refrigerator (without hinges) 67 1/10 inches height to top of door hinge 67.9 inches depth with handle 31 inches total capacity 17.6 cubic feet,Frigidaire - 17.6 Cu. Ft. Counter-Depth French Door Refrigerator Specifications Product Height 67 7/8 inches Product Width 31 1/3 inches Height To Top Of Refrigerator (Without Hinges) 67 1/10 inches Height To Top Of Door Hinge 67.9 inches Depth With Handle 31 inches Total Capacity 17.6 cubic feet
Frigidaire - Gallery 27.8 Cu. Ft. French Door Refrigerator,1899.99,bestbuy.com,https://www.bestbuy.com/site/refrigerators/all-refrigerators/pcmcat367400050001.c?id=pcmcat367400050001&intl=nosplash,2025-01-18 22:31:01,refrigerators,,https://www.bestbuy.com/site/frigidaire-gallery-27-8-cu-ft-french-door-refrigerator-stainless-steel/6485401.p?skuId=6485401,Specifications Product Height 68 3/10 inches Product Width 36 inches Height To Top Of Door Hinge 70 inches Total Capacity 27.8 cubic feet Refrigerator Style French Door Ice Maker Yes,frigidaire - gallery 27.8 cu. ft. french door refrigerator,specifications product height 68 3/10 inches product width 36 inches height to top of door hinge 70 inches total capacity 27.8 cubic feet refrigerator style french door ice maker yes,Frigidaire - Gallery 27.8 Cu. Ft. French Door Refrigerator Specifications Product Height 68 3/10 inches Product Width 36 inches Height To Top Of Door Hinge 70 inches Total Capacity 27.8 cubic feet Refrigerator Style French Door Ice Maker Yes
Frigidaire - 20.5 Cu. Ft. Top-Freezer Refrigerator,589.99,bestbuy.com,https://www.bestbuy.com/site/searchpage.jsp?_dyncharset=UTF-8&browsedCategory=pcmcat367400050001&cp=2&id=pcat17071&iht=n&ks=960&list=y&sc=Global&st=categoryid%24pcmcat367400050001&type=page&usc=All%20Categories,2025-01-18 22:31:01,refrigerators,,https://www.bestbuy.com/site/frigidaire-20-5-cu-ft-top-freezer-refrigerator-black/6482630.p?skuId=6482630,Specifications Product Height 68 1/4 inches Product Width 30 inches Height To Top Of Door Hinge 69 inches Total Capacity 20.5 cubic feet Refrigerator Style Top Freezer Ice Maker No,frigidaire - 20.5 cu. ft. top-freezer refrigerator,specifications product height 68 1/4 inches product width 30 inches height to top of door hinge 69 inches total capacity 20.5 cubic feet refrigerator style top freezer ice maker no,Frigidaire - 20.5 Cu. Ft. Top-Freezer Refrigerator Specifications Product Height 68 1/4 inches Product Width 30 inches Height To Top Of Door Hinge 69 inches Total Capacity 20.5 cubic feet Refrigerator Style Top Freezer Ice Maker No
"Frigidaire - 21.4 Cu. Ft. 36"" Counter-Depth Side-by-Side Refrigerator - Brushed Steel",799.99,bestbuy.com,https://www.bestbuy.com/site/searchpage.jsp?_dyncharset=UTF-8&browsedCategory=pcmcat367400050001&cp=2&id=pcat17071&iht=n&ks=960&list=y&sc=Global&st=categoryid%24pcmcat367400050001&type=page&usc=All%20Categories,2025-01-18 22:31:01,refrigerators,,https://www.bestbuy.com/site/frigidaire-21-4-cu-ft-36-counter-depth-side-by-side-refrigerator-brushed-steel/6605212.p?skuId=6605212,Specifications Product Height 69 7/10 inches Product Width 35 13/16 inches Height To Top Of Door Hinge 69 7/10 inches Depth Without Handle 28 11/16 inches Depth With Handle 24 13/16 inches Total Capacity 21.4 cubic feet,"frigidaire - 21.4 cu. ft. 36"" counter-depth side-by-side refrigerator - brushed steel",specifications product height 69 7/10 inches product width 35 13/16 inches height to top of door hinge 69 7/10 inches depth without handle 28 11/16 inches depth with handle 24 13/16 inches total capacity 21.4 cubic feet,"Frigidaire - 21.4 Cu. Ft. 36"" Counter-Depth Side-by-Side Refrigerator - Brushed Steel Specifications Product Height 69 7/10 inches Product Width 35 13/16 inches Height To Top Of Door Hinge 69 7/10 inches Depth Without Handle 28 11/16 inches Depth With Handle 24 13/16 inches Total Capacity 21.4 cubic feet"
LG - Standard-Depth MAX 31.7 Cu. Ft. French Door Smart Refrigerator with Internal Water Dispenser,1799.99,bestbuy.com,https://www.bestbuy.com/site/searchpage.jsp?_dyncharset=UTF-8&browsedCategory=pcmcat367400050001&cp=2&id=pcat17071&iht=n&ks=960&list=y&sc=Global&st=categoryid%24pcmcat367400050001&type=page&usc=All%20Categories,2025-01-18 22:31:01,refrigerators,,https://www.bestbuy.com/site/lg-standard-depth-max-31-7-cu-ft-french-door-smart-refrigerator-with-internal-water-dispenser-stainless-steel/6553174.p?skuId=6553174,Specifications Voice Assistant Built-in No Product Height 70 1/4 inches Product Width 35 3/4 inches Height To Top Of Refrigerator (Without Hinges) 69 7/8 inches Height To Top Of Door Hinge 70 1/4 inches Depth Without Handle 34 3/8 inches,lg - standard-depth max 31.7 cu. ft. french door smart refrigerator with internal water dispenser,specifications voice assistant built-in no product height 70 1/4 inches product width 35 3/4 inches height to top of refrigerator (without hinges) 69 7/8 inches height to top of door hinge 70 1/4 inches depth without handle 34 3/8 inches,LG - Standard-Depth MAX 31.7 Cu. Ft. French Door Smart Refrigerator with Internal Water Dispenser Specifications Voice Assistant Built-in No Product Height 70 1/4 inches Product Width 35 3/4 inches Height To Top Of Refrigerator (Without Hinges) 69 7/8 inches Height To Top Of Door Hinge 70 1/4 inches Depth Without Handle 34 3/8 inches
LG - 23.8 Cu. Ft. Top Freezer Refrigerator with Internal Water Dispenser,899.99,bestbuy.com,https://www.bestbuy.com/site/searchpage.jsp?_dyncharset=UTF-8&browsedCategory=pcmcat367400050001&cp=2&id=pcat17071&iht=n&ks=960&list=y&sc=Global&st=categoryid%24pcmcat367400050001&type=page&usc=All%20Categories,2025-01-18 22:31:01,refrigerators,,https://www.bestbuy.com/site/lg-23-8-cu-ft-top-freezer-refrigerator-with-internal-water-dispenser-stainless-steel/6470555.p?skuId=6470555,Specifications Voice Assistant Built-in No Product Height 69 inches Product Width 33 inches Height To Top Of Refrigerator (Without Hinges) 68 inches Height To Top Of Door Hinge 69 inches Depth Without Handle 34 inches,lg - 23.8 cu. ft. top freezer refrigerator with internal water dispenser,specifications voice assistant built-in no product height 69 inches product width 33 inches height to top of refrigerator (without hinges) 68 inches height to top of door hinge 69 inches depth without handle 34 inches,LG - 23.8 Cu. Ft. Top Freezer Refrigerator with Internal Water Dispenser Specifications Voice Assistant Built-in No Product Height 69 inches Product Width 33 inches Height To Top Of Refrigerator (Without Hinges) 68 inches Height To Top Of Door Hinge 69 inches Depth Without Handle 34 inches
Samsung - 22 cu. ft. Side-by-Side Counter Depth Smart Refrigerator with All-Around Cooling,1299.99,bestbuy.com,https://www.bestbuy.com/site/searchpage.jsp?_dyncharset=UTF-8&browsedCategory=pcmcat367400050001&cp=2&id=pcat17071&iht=n&ks=960&list=y&sc=Global&st=categoryid%24pcmcat367400050001&type=page&usc=All%20Categories,2025-01-18 22:31:01,refrigerators,,https://www.bestbuy.com/site/samsung-22-cu-ft-side-by-side-counter-depth-smart-refrigerator-with-all-around-cooling-stainless-steel/6397585.p?skuId=6397585,Specifications Voice Assistant Built-in No Product Height 70 1/16 inches Product Width 35 7/8 inches Height To Top Of Refrigerator (Without Hinges) 68 5/8 inches Height To Top Of Door Hinge 70 1/16 inches Depth Without Handle 28 5/8 inches,samsung - 22 cu. ft. side-by-side counter depth smart refrigerator with all-around cooling,specifications voice assistant built-in no product height 70 1/16 inches product width 35 7/8 inches height to top of refrigerator (without hinges) 68 5/8 inches height to top of door hinge 70 1/16 inches depth without handle 28 5/8 inches,Samsung - 22 cu. ft. Side-by-Side Counter Depth Smart Refrigerator with All-Around Cooling Specifications Voice Assistant Built-in No Product Height 70 1/16 inches Product Width 35 7/8 inches Height To Top Of Refrigerator (Without Hinges) 68 5/8 inches Height To Top Of Door Hinge 70 1/16 inches Depth Without Handle 28 5/8 inches
GE - 20.6 Cu. Ft. French Door Counter Depth Refrigerator with  Saving Icemaker,1799.99,bestbuy.com,https://www.bestbuy.com/site/searchpage.jsp?_dyncharset=UTF-8&browsedCategory=pcmcat367400050001&cp=2&id=pcat17071&iht=n&ks=960&list=y&sc=Global&st=categoryid%24pcmcat367400050001&type=page&usc=All%20Categories,2025-01-18 22:31:01,refrigerators,,https://www.bestbuy.com/site/ge-20-6-cu-ft-french-door-counter-depth-refrigerator-with-space-saving-icemaker-stainless-steel/6582113.p?skuId=6582113,Specifications Voice Assistant Built-in No Product Height 69 7/8 inches Product Width 35 5/8 inches Height To Top Of Refrigerator (Without Hinges) 68 5/8 inches Height To Top Of Door Hinge 69 3/4 inches Depth Without Handle 29 inches,ge - 20.6 cu. ft. french door counter depth refrigerator with  saving icemaker,specifications voice assistant built-in no product height 69 7/8 inches product width 35 5/8 inches height to top of refrigerator (without hinges) 68 5/8 inches height to top of door hinge 69 3/4 inches depth without handle 29 inches,GE - 20.6 Cu. Ft. French Door Counter Depth Refrigerator with  Saving Icemaker Specifications Voice Assistant Built-in No Product Height 69 7/8 inches Product Width 35 5/8 inches Height To Top Of Refrigerator (Without Hinges) 68 5/8 inches Height To Top Of Door Hinge 69 3/4 inches Depth Without Handle 29 inches
Insignia™ - 11.5 Cu. Ft. Bottom Mount Refrigerator with ENERGY STAR Certification,499.99,bestbuy.com,https://www.bestbuy.com/site/searchpage.jsp?_dyncharset=UTF-8&browsedCategory=pcmcat367400050001&cp=2&id=pcat17071&iht=n&ks=960&list=y&sc=Global&st=categoryid%24pcmcat367400050001&type=page&usc=All%20Categories,2025-01-18 22:31:01,refrigerators,,https://www.bestbuy.com/site/insignia-11-5-cu-ft-bottom-mount-refrigerator-with-energy-star-certification-stainless-steel/6461499.p?skuId=6461499,Specifications Voice Assistant Built-in No Product Height 67 7/8 inches Product Width 23 7/16 inches Height To Top Of Refrigerator (Without Hinges) 67 1/16 inches Height To Top Of Door Hinge 67 7/8 inches Depth Without Handle 27 1/16 inches,insignia™ - 11.5 cu. ft. bottom mount refrigerator with energy star certification,specifications voice assistant built-in no product height 67 7/8 inches product width 23 7/16 inches height to top of refrigerator (without hinges) 67 1/16 inches height to top of door hinge 67 7/8 inches depth without handle 27 1/16 inches,Insignia™ - 11.5 Cu. Ft. Bottom Mount Refrigerator with ENERGY STAR Certification Specifications Voice Assistant Built-in No Product Height 67 7/8 inches Product Width 23 7/16 inches Height To Top Of Refrigerator (Without Hinges) 67 1/16 inches Height To Top Of Door Hinge 67 7/8 inches Depth Without Handle 27 1/16 inches
Samsung - 25 cu. ft. 3-Door French Door Smart Refrigerator with Beverage Center,1799.99,bestbuy.com,https://www.bestbuy.com/site/searchpage.jsp?_dyncharset=UTF-8&browsedCategory=pcmcat367400050001&cp=2&id=pcat17071&iht=n&ks=960&list=y&sc=Global&st=categoryid%24pcmcat367400050001&type=page&usc=All%20Categories,2025-01-18 22:31:01,refrigerators,,https://www.bestbuy.com/site/samsung-25-cu-ft-3-door-french-door-smart-refrigerator-with-beverage-center-stainless-steel/6529227.p?skuId=6529227,Specifications Product Height 70 inches Product Width 32 1/8 inches Height To Top Of Refrigerator (Without Hinges) 68 7/8 inches Height To Top Of Door Hinge 70 inches Depth Without Handle 33 1/4 inches Depth With Handle 33 1/4 inches,samsung - 25 cu. ft. 3-door french door smart refrigerator with beverage center,specifications product height 70 inches product width 32 1/8 inches height to top of refrigerator (without hinges) 68 7/8 inches height to top of door hinge 70 inches depth without handle 33 1/4 inches depth with handle 33 1/4 inches,Samsung - 25 cu. ft. 3-Door French Door Smart Refrigerator with Beverage Center Specifications Product Height 70 inches Product Width 32 1/8 inches Height To Top Of Refrigerator (Without Hinges) 68 7/8 inches Height To Top Of Door Hinge 70 inches Depth Without Handle 33 1/4 inches Depth With Handle 33 1/4 inches
Samsung - 27 cu. ft. 3-Door French Door Counter Depth Smart Refrigerator with Dual Auto Ice Maker - Fingerprint Resistant ,1399.99,bestbuy.com,https://www.bestbuy.com/site/searchpage.jsp?_dyncharset=UTF-8&browsedCategory=pcmcat367400050001&cp=2&id=pcat17071&iht=n&ks=960&list=y&sc=Global&st=categoryid%24pcmcat367400050001&type=page&usc=All%20Categories,2025-01-18 22:31:01,refrigerators,,https://www.bestbuy.com/site/samsung-27-cu-ft-3-door-french-door-counter-depth-smart-refrigerator-with-dual-auto-ice-maker-fingerprint-resistant-stainless-look/6546220.p?skuId=6546220,Specifications Product Height 70 inches Product Width 35 3/4 inches Height To Top Of Refrigerator (Without Hinges) 68 7/8 inches Height To Top Of Door Hinge 70 inches Depth Without Handle 29 1/2 inches Depth With Handle 29 1/2 inches,samsung - 27 cu. ft. 3-door french door counter depth smart refrigerator with dual auto ice maker - fingerprint resistant ,specifications product height 70 inches product width 35 3/4 inches height to top of refrigerator (without hinges) 68 7/8 inches height to top of door hinge 70 inches depth without handle 29 1/2 inches depth with handle 29 1/2 inches,Samsung - 27 cu. ft. 3-Door French Door Counter Depth Smart Refrigerator with Dual Auto Ice Maker - Fingerprint Resistant  Specifications Product Height 70 inches Product Width 35 3/4 inches Height To Top Of Refrigerator (Without Hinges) 68 7/8 inches Height To Top Of Door Hinge 70 inches Depth Without Handle 29 1/2 inches Depth With Handle 29 1/2 inches
Frigidaire - 25.6 Cu. Ft. Side-by-Side Refrigerator,1049.99,bestbuy.com,https://www.bestbuy.com/site/searchpage.jsp?_dyncharset=UTF-8&browsedCategory=pcmcat367400050001&cp=2&id=pcat17071&iht=n&ks=960&list=y&sc=Global&st=categoryid%24pcmcat367400050001&type=page&usc=All%20Categories,2025-01-18 22:31:01,refrigerators,,https://www.bestbuy.com/site/frigidaire-25-6-cu-ft-side-by-side-refrigerator-silver/6506246.p?skuId=6506246,Specifications Product Height 69 7/8 inches Product Width 36 1/8 inches Height To Top Of Refrigerator (Without Hinges) 68 5/8 inches Height To Top Of Door Hinge 69 7/8 inches Depth With Handle 35 inches Total Capacity 25.6 cubic feet,frigidaire - 25.6 cu. ft. side-by-side refrigerator,specifications product height 69 7/8 inches product width 36 1/8 inches height to top of refrigerator (without hinges) 68 5/8 inches height to top of door hinge 69 7/8 inches depth with handle 35 inches total capacity 25.6 cubic feet,Frigidaire - 25.6 Cu. Ft. Side-by-Side Refrigerator Specifications Product Height 69 7/8 inches Product Width 36 1/8 inches Height To Top Of Refrigerator (Without Hinges) 68 5/8 inches Height To Top Of Door Hinge 69 7/8 inches Depth With Handle 35 inches Total Capacity 25.6 cubic feet
Samsung - BESPOKE 23 cu. ft. 4-Door French Door Counter Depth Smart Refrigerator with Beverage Center,2399.99,bestbuy.com,https://www.bestbuy.com/site/searchpage.jsp?_dyncharset=UTF-8&browsedCategory=pcmcat367400050001&cp=2&id=pcat17071&iht=n&ks=960&list=y&sc=Global&st=categoryid%24pcmcat367400050001&type=page&usc=All%20Categories,2025-01-18 22:31:01,refrigerators,,https://www.bestbuy.com/site/samsung-bespoke-23-cu-ft-4-door-french-door-counter-depth-smart-refrigerator-with-beverage-center-stainless-steel/6493492.p?skuId=6493492,Specifications Product Height 70 inches Product Width 35 6/8 inches Height To Top Of Refrigerator (Without Hinges) 68 7/8 inches Height To Top Of Door Hinge 70 inches Depth Without Handle 28 6/8 inches Depth With Handle 28 6/8 inches,samsung - bespoke 23 cu. ft. 4-door french door counter depth smart refrigerator with beverage center,specifications product height 70 inches product width 35 6/8 inches height to top of refrigerator (without hinges) 68 7/8 inches height to top of door hinge 70 inches depth without handle 28 6/8 inches depth with handle 28 6/8 inches,Samsung - BESPOKE 23 cu. ft. 4-Door French Door Counter Depth Smart Refrigerator with Beverage Center Specifications Product Height 70 inches Product Width 35 6/8 inches Height To Top Of Refrigerator (Without Hinges) 68 7/8 inches Height To Top Of Door Hinge 70 inches Depth Without Handle 28 6/8 inches Depth With Handle 28 6/8 inches
Samsung - 26 cu. ft. French Door Counter Depth Smart Refrigerator with Four Types of Ice,1799.99,bestbuy.com,https://www.bestbuy.com/site/searchpage.jsp?_dyncharset=UTF-8&browsedCategory=pcmcat367400050001&cp=2&id=pcat17071&iht=n&ks=960&list=y&sc=Global&st=categoryid%24pcmcat367400050001&type=page&usc=All%20Categories,2025-01-18 22:31:01,refrigerators,,https://www.bestbuy.com/site/samsung-26-cu-ft-french-door-counter-depth-smart-refrigerator-with-four-types-of-ice-stainless-steel/6546223.p?skuId=6546223,Specifications Product Height 70 inches Product Width 35 3/4 inches Height To Top Of Refrigerator (Without Hinges) 68 7/8 inches Height To Top Of Door Hinge 70 inches Depth Without Handle 30 1/4 inches Depth With Handle 31 3/4 inches,samsung - 26 cu. ft. french door counter depth smart refrigerator with four types of ice,specifications product height 70 inches product width 35 3/4 inches height to top of refrigerator (without hinges) 68 7/8 inches height to top of door hinge 70 inches depth without handle 30 1/4 inches depth with handle 31 3/4 inches,Samsung - 26 cu. ft. French Door Counter Depth Smart Refrigerator with Four Types of Ice Specifications Product Height 70 inches Product Width 35 3/4 inches Height To Top Of Refrigerator (Without Hinges) 68 7/8 inches Height To Top Of Door Hinge 70 inches Depth Without Handle 30 1/4 inches Depth With Handle 31 3/4 inches
Insignia™ - 10 Cu. Ft. Top-Freezer Refrigerator with Reversible Door and ENERGY STAR Certification Look,399.99,bestbuy.com,https://www.bestbuy.com/site/searchpage.jsp?_dyncharset=UTF-8&browsedCategory=pcmcat367400050001&cp=2&id=pcat17071&iht=n&ks=960&list=y&sc=Global&st=categoryid%24pcmcat367400050001&type=page&usc=All%20Categories,2025-01-18 22:31:01,refrigerators,,https://www.bestbuy.com/site/insignia-10-cu-ft-top-freezer-refrigerator-with-reversible-door-and-energy-star-certification-stainless-steel-look/6449413.p?skuId=6449413,Specifications Voice Assistant Built-in No Product Height 59 1/2 inches Product Width 23 5/8 inches Height To Top Of Refrigerator (Without Hinges) 59 inches Height To Top Of Door Hinge 59 1/2 inches Depth Without Handle 26 1/8 inches,insignia™ - 10 cu. ft. top-freezer refrigerator with reversible door and energy star certification look,specifications voice assistant built-in no product height 59 1/2 inches product width 23 5/8 inches height to top of refrigerator (without hinges) 59 inches height to top of door hinge 59 1/2 inches depth without handle 26 1/8 inches,Insignia™ - 10 Cu. Ft. Top-Freezer Refrigerator with Reversible Door and ENERGY STAR Certification Look Specifications Voice Assistant Built-in No Product Height 59 1/2 inches Product Width 23 5/8 inches Height To Top Of Refrigerator (Without Hinges) 59 inches Height To Top Of Door Hinge 59 1/2 inches Depth Without Handle 26 1/8 inches
Samsung - 27.4 cu. ft. Side-by-Side Refrigerator with Large Capacity,1199.99,bestbuy.com,https://www.bestbuy.com/site/searchpage.jsp?_dyncharset=UTF-8&browsedCategory=pcmcat367400050001&cp=2&id=pcat17071&iht=n&ks=960&list=y&sc=Global&st=categoryid%24pcmcat367400050001&type=page&usc=All%20Categories,2025-01-18 22:31:01,refrigerators,,https://www.bestbuy.com/site/samsung-27-4-cu-ft-side-by-side-refrigerator-with-large-capacity-stainless-steel/6397576.p?skuId=6397576,Specifications Voice Assistant Built-in No Product Height 70 1/16 inches Product Width 35 7/8 inches Height To Top Of Refrigerator (Without Hinges) 68 5/8 inches Height To Top Of Door Hinge 70 1/16 inches Depth Without Handle 33 1/2 inches,samsung - 27.4 cu. ft. side-by-side refrigerator with large capacity,specifications voice assistant built-in no product height 70 1/16 inches product width 35 7/8 inches height to top of refrigerator (without hinges) 68 5/8 inches height to top of door hinge 70 1/16 inches depth without handle 33 1/2 inches,Samsung - 27.4 cu. ft. Side-by-Side Refrigerator with Large Capacity Specifications Voice Assistant Built-in No Product Height 70 1/16 inches Product Width 35 7/8 inches Height To Top Of Refrigerator (Without Hinges) 68 5/8 inches Height To Top Of Door Hinge 70 1/16 inches Depth Without Handle 33 1/2 inches
Samsung - 17.5 cu. ft. 3-Door French Door Counter Depth Smart Refrigerator with Twin Cooling Plus,1199.99,bestbuy.com,https://www.bestbuy.com/site/searchpage.jsp?_dyncharset=UTF-8&browsedCategory=pcmcat367400050001&cp=3&id=pcat17071&iht=n&ks=960&list=y&sc=Global&st=categoryid%24pcmcat367400050001&type=page&usc=All%20Categories,2025-01-18 22:31:01,refrigerators,,https://www.bestbuy.com/site/samsung-17-5-cu-ft-3-door-french-door-counter-depth-smart-refrigerator-with-twin-cooling-plus-stainless-steel/6443500.p?skuId=6443500,Specifications Product Height 70 inches Product Width 32 1/8 inches Height To Top Of Refrigerator (Without Hinges) 68 7/8 inches Height To Top Of Door Hinge 70 inches Depth Without Handle 28 1/8 inches Depth With Handle 29 inches,samsung - 17.5 cu. ft. 3-door french door counter depth smart refrigerator with twin cooling plus,specifications product height 70 inches product width 32 1/8 inches height to top of refrigerator (without hinges) 68 7/8 inches height to top of door hinge 70 inches depth without handle 28 1/8 inches depth with handle 29 inches,Samsung - 17.5 cu. ft. 3-Door French Door Counter Depth Smart Refrigerator with Twin Cooling Plus Specifications Product Height 70 inches Product Width 32 1/8 inches Height To Top Of Refrigerator (Without Hinges) 68 7/8 inches Height To Top Of Door Hinge 70 inches Depth Without Handle 28 1/8 inches Depth With Handle 29 inches
KitchenAid - 19.4 Cu. Ft. French Door Refrigerator with Flexible Temperature Zone,3399.99,bestbuy.com,https://www.bestbuy.com/site/searchpage.jsp?_dyncharset=UTF-8&browsedCategory=pcmcat367400050001&cp=3&id=pcat17071&iht=n&ks=960&list=y&sc=Global&st=categoryid%24pcmcat367400050001&type=page&usc=All%20Categories,2025-01-18 22:31:01,refrigerators,,https://www.bestbuy.com/site/kitchenaid-19-4-cu-ft-french-door-refrigerator-with-flexible-temperature-zone-stainless-steel/6595026.p?skuId=6595026,Specifications Product Height 69 1/2 inches Product Width 35 3/4 inches Height To Top Of Door Hinge 69.5 inches Total Capacity 19.4 cubic feet Refrigerator Style French Door Lighting Type LED,kitchenaid - 19.4 cu. ft. french door refrigerator with flexible temperature zone,specifications product height 69 1/2 inches product width 35 3/4 inches height to top of door hinge 69.5 inches total capacity 19.4 cubic feet refrigerator style french door lighting type led,KitchenAid - 19.4 Cu. Ft. French Door Refrigerator with Flexible Temperature Zone Specifications Product Height 69 1/2 inches Product Width 35 3/4 inches Height To Top Of Door Hinge 69.5 inches Total Capacity 19.4 cubic feet Refrigerator Style French Door Lighting Type LED
Whirlpool - 19.7 Cu. Ft. French Door Refrigerator,1699.99,bestbuy.com,https://www.bestbuy.com/site/searchpage.jsp?_dyncharset=UTF-8&browsedCategory=pcmcat367400050001&cp=3&id=pcat17071&iht=n&ks=960&list=y&sc=Global&st=categoryid%24pcmcat367400050001&type=page&usc=All%20Categories,2025-01-18 22:31:01,refrigerators,,https://www.bestbuy.com/site/whirlpool-19-7-cu-ft-french-door-refrigerator-stainless-steel/6260429.p?skuId=6260429,Specifications Voice Assistant Built-in No Product Height 68 3/8 inches Product Width 30 inches Height To Top Of Refrigerator (Without Hinges) 67 3/8 inches Height To Top Of Door Hinge 68 3/8 inches Depth Without Handle 32 3/8 inches,whirlpool - 19.7 cu. ft. french door refrigerator,specifications voice assistant built-in no product height 68 3/8 inches product width 30 inches height to top of refrigerator (without hinges) 67 3/8 inches height to top of door hinge 68 3/8 inches depth without handle 32 3/8 inches,Whirlpool - 19.7 Cu. Ft. French Door Refrigerator Specifications Voice Assistant Built-in No Product Height 68 3/8 inches Product Width 30 inches Height To Top Of Refrigerator (Without Hinges) 67 3/8 inches Height To Top Of Door Hinge 68 3/8 inches Depth Without Handle 32 3/8 inches
LG - Standard Depth MAX 25.1 Cu. Ft. French Door Smart Refrigerator with Hybrid Handle,1399.99,bestbuy.com,https://www.bestbuy.com/site/searchpage.jsp?_dyncharset=UTF-8&browsedCategory=pcmcat367400050001&cp=3&id=pcat17071&iht=n&ks=960&list=y&sc=Global&st=categoryid%24pcmcat367400050001&type=page&usc=All%20Categories,2025-01-18 22:31:01,refrigerators,,https://www.bestbuy.com/site/lg-standard-depth-max-25-1-cu-ft-french-door-smart-refrigerator-with-hybrid-handle-stainless-steel/6593126.p?skuId=6593126,Specifications Voice Assistant Built-in No Product Height 69 15/16 inches Product Width 32 15/16 inches Height To Top Of Refrigerator (Without Hinges) 68 5/8 inches Height To Top Of Door Hinge 69 15/16 inches Depth Without Handle 33 7/16 inches,lg - standard depth max 25.1 cu. ft. french door smart refrigerator with hybrid handle,specifications voice assistant built-in no product height 69 15/16 inches product width 32 15/16 inches height to top of refrigerator (without hinges) 68 5/8 inches height to top of door hinge 69 15/16 inches depth without handle 33 7/16 inches,LG - Standard Depth MAX 25.1 Cu. Ft. French Door Smart Refrigerator with Hybrid Handle Specifications Voice Assistant Built-in No Product Height 69 15/16 inches Product Width 32 15/16 inches Height To Top Of Refrigerator (Without Hinges) 68 5/8 inches Height To Top Of Door Hinge 69 15/16 inches Depth Without Handle 33 7/16 inches
GE - 21.9 Cu. Ft. Top-Freezer Refrigerator with Garage Ready Performance,749.99,bestbuy.com,https://www.bestbuy.com/site/searchpage.jsp?_dyncharset=UTF-8&browsedCategory=pcmcat367400050001&cp=3&id=pcat17071&iht=n&ks=960&list=y&sc=Global&st=categoryid%24pcmcat367400050001&type=page&usc=All%20Categories,2025-01-18 22:31:01,refrigerators,,https://www.bestbuy.com/site/ge-21-9-cu-ft-top-freezer-refrigerator-with-garage-ready-performance-white/6399120.p?skuId=6399120,Specifications Voice Assistant Built-in No Product Height 66 3/8 inches Product Width 32 3/4 inches Height To Top Of Refrigerator (Without Hinges) 65 7/8 inches Height To Top Of Door Hinge 66 3/8 inches Depth Without Handle 32 3/8 inches,ge - 21.9 cu. ft. top-freezer refrigerator with garage ready performance,specifications voice assistant built-in no product height 66 3/8 inches product width 32 3/4 inches height to top of refrigerator (without hinges) 65 7/8 inches height to top of door hinge 66 3/8 inches depth without handle 32 3/8 inches,GE - 21.9 Cu. Ft. Top-Freezer Refrigerator with Garage Ready Performance Specifications Voice Assistant Built-in No Product Height 66 3/8 inches Product Width 32 3/4 inches Height To Top Of Refrigerator (Without Hinges) 65 7/8 inches Height To Top Of Door Hinge 66 3/8 inches Depth Without Handle 32 3/8 inches
LG - Counter-Depth MAX 21 Cu. Ft.  French Door Smart Refrigerator with Ice,1399.99,bestbuy.com,https://www.bestbuy.com/site/searchpage.jsp?_dyncharset=UTF-8&browsedCategory=pcmcat367400050001&cp=3&id=pcat17071&iht=n&ks=960&list=y&sc=Global&st=categoryid%24pcmcat367400050001&type=page&usc=All%20Categories,2025-01-18 22:31:01,refrigerators,,https://www.bestbuy.com/site/lg-counter-depth-max-21-cu-ft-french-door-smart-refrigerator-with-ice-stainless-steel/6553178.p?skuId=6553178,Specifications Voice Assistant Built-in No Product Height 69 15/16 inches Product Width 32 3/4 inches Height To Top Of Refrigerator (Without Hinges) 68 5/8 inches Height To Top Of Door Hinge 69 15/16 inches Depth Without Handle 28 3/4 inches,lg - counter-depth max 21 cu. ft.  french door smart refrigerator with ice,specifications voice assistant built-in no product height 69 15/16 inches product width 32 3/4 inches height to top of refrigerator (without hinges) 68 5/8 inches height to top of door hinge 69 15/16 inches depth without handle 28 3/4 inches,LG - Counter-Depth MAX 21 Cu. Ft.  French Door Smart Refrigerator with Ice Specifications Voice Assistant Built-in No Product Height 69 15/16 inches Product Width 32 3/4 inches Height To Top Of Refrigerator (Without Hinges) 68 5/8 inches Height To Top Of Door Hinge 69 15/16 inches Depth Without Handle 28 3/4 inches
LG - 25.5 Cu. Ft. Bottom-Freezer Refrigerator with Ice Maker,1599.99,bestbuy.com,https://www.bestbuy.com/site/searchpage.jsp?_dyncharset=UTF-8&browsedCategory=pcmcat367400050001&cp=3&id=pcat17071&iht=n&ks=960&list=y&sc=Global&st=categoryid%24pcmcat367400050001&type=page&usc=All%20Categories,2025-01-18 22:31:01,refrigerators,,https://www.bestbuy.com/site/lg-25-5-cu-ft-bottom-freezer-refrigerator-with-ice-maker-stainless-steel/6395330.p?skuId=6395330,Specifications Voice Assistant Built-in No Product Height 69 7/8 inches Product Width 32 3/4 inches Height To Top Of Refrigerator (Without Hinges) 68 5/8 inches Height To Top Of Door Hinge 69 7/8 inches Depth Without Handle 33 inches,lg - 25.5 cu. ft. bottom-freezer refrigerator with ice maker,specifications voice assistant built-in no product height 69 7/8 inches product width 32 3/4 inches height to top of refrigerator (without hinges) 68 5/8 inches height to top of door hinge 69 7/8 inches depth without handle 33 inches,LG - 25.5 Cu. Ft. Bottom-Freezer Refrigerator with Ice Maker Specifications Voice Assistant Built-in No Product Height 69 7/8 inches Product Width 32 3/4 inches Height To Top Of Refrigerator (Without Hinges) 68 5/8 inches Height To Top Of Door Hinge 69 7/8 inches Depth Without Handle 33 inches
KitchenAid - 20 Cu. Ft. French Door Refrigerator with Interior Water Dispenser,2099.99,bestbuy.com,https://www.bestbuy.com/site/searchpage.jsp?_dyncharset=UTF-8&browsedCategory=pcmcat367400050001&cp=3&id=pcat17071&iht=n&ks=960&list=y&sc=Global&st=categoryid%24pcmcat367400050001&type=page&usc=All%20Categories,2025-01-18 22:31:01,refrigerators,,https://www.bestbuy.com/site/kitchenaid-20-cu-ft-french-door-refrigerator-with-interior-water-dispenser-stainless-steel/6595025.p?skuId=6595025,Specifications Product Height 70 1/8 inches Product Width 35 3/4 inches Height To Top Of Refrigerator (Without Hinges) 68 7/8 inches Height To Top Of Door Hinge 70 1/8 inches Depth Without Handle 26 7/8 inches Depth With Handle 29 3/8 inches,kitchenaid - 20 cu. ft. french door refrigerator with interior water dispenser,specifications product height 70 1/8 inches product width 35 3/4 inches height to top of refrigerator (without hinges) 68 7/8 inches height to top of door hinge 70 1/8 inches depth without handle 26 7/8 inches depth with handle 29 3/8 inches,KitchenAid - 20 Cu. Ft. French Door Refrigerator with Interior Water Dispenser Specifications Product Height 70 1/8 inches Product Width 35 3/4 inches Height To Top Of Refrigerator (Without Hinges) 68 7/8 inches Height To Top Of Door Hinge 70 1/8 inches Depth Without Handle 26 7/8 inches Depth With Handle 29 3/8 inches
LG - 29.5 Cu. Ft. 4-Door French Door-in-Door Smart Refrigerator with Craft Ice,3199.99,bestbuy.com,https://www.bestbuy.com/site/searchpage.jsp?_dyncharset=UTF-8&browsedCategory=pcmcat367400050001&cp=3&id=pcat17071&iht=n&ks=960&list=y&sc=Global&st=categoryid%24pcmcat367400050001&type=page&usc=All%20Categories,2025-01-18 22:31:01,refrigerators,,https://www.bestbuy.com/site/lg-29-5-cu-ft-4-door-french-door-in-door-smart-refrigerator-with-craft-ice-stainless-steel/6397176.p?skuId=6397176,Specifications Voice Assistant Built-in No Product Height 70 1/4 inches Product Width 35 3/4 inches Height To Top Of Refrigerator (Without Hinges) 69 inches Height To Top Of Door Hinge 70 1/4 inches Depth Without Handle 35 3/4 inches,lg - 29.5 cu. ft. 4-door french door-in-door smart refrigerator with craft ice,specifications voice assistant built-in no product height 70 1/4 inches product width 35 3/4 inches height to top of refrigerator (without hinges) 69 inches height to top of door hinge 70 1/4 inches depth without handle 35 3/4 inches,LG - 29.5 Cu. Ft. 4-Door French Door-in-Door Smart Refrigerator with Craft Ice Specifications Voice Assistant Built-in No Product Height 70 1/4 inches Product Width 35 3/4 inches Height To Top Of Refrigerator (Without Hinges) 69 inches Height To Top Of Door Hinge 70 1/4 inches Depth Without Handle 35 3/4 inches
GE - 25.3 Cu. Ft. Side-by-Side Refrigerator with External Ice & Water Dispenser,1529.99,bestbuy.com,https://www.bestbuy.com/site/searchpage.jsp?_dyncharset=UTF-8&browsedCategory=pcmcat367400050001&cp=3&id=pcat17071&iht=n&ks=960&list=y&sc=Global&st=categoryid%24pcmcat367400050001&type=page&usc=All%20Categories,2025-01-18 22:31:01,refrigerators,,https://www.bestbuy.com/site/ge-25-3-cu-ft-side-by-side-refrigerator-with-external-ice-water-dispenser-high-gloss-white/6475448.p?skuId=6475448,Specifications Voice Assistant Built-in No Product Height 69 5/8 inches Product Width 36 inches Height To Top Of Refrigerator (Without Hinges) 69.625 inches Height To Top Of Door Hinge 69 7/8 inches Depth Without Handle 32.75 inches,ge - 25.3 cu. ft. side-by-side refrigerator with external ice & water dispenser,specifications voice assistant built-in no product height 69 5/8 inches product width 36 inches height to top of refrigerator (without hinges) 69.625 inches height to top of door hinge 69 7/8 inches depth without handle 32.75 inches,GE - 25.3 Cu. Ft. Side-by-Side Refrigerator with External Ice & Water Dispenser Specifications Voice Assistant Built-in No Product Height 69 5/8 inches Product Width 36 inches Height To Top Of Refrigerator (Without Hinges) 69.625 inches Height To Top Of Door Hinge 69 7/8 inches Depth Without Handle 32.75 inches
Frigidaire - Professional 23.3 Cu. Ft. French Door Counter-Depth Refrigerator,2199.99,bestbuy.com,https://www.bestbuy.com/site/searchpage.jsp?_dyncharset=UTF-8&browsedCategory=pcmcat367400050001&cp=3&id=pcat17071&iht=n&ks=960&list=y&sc=Global&st=categoryid%24pcmcat367400050001&type=page&usc=All%20Categories,2025-01-18 22:31:01,refrigerators,,https://www.bestbuy.com/site/frigidaire-professional-23-3-cu-ft-french-door-counter-depth-refrigerator-stainless-steel/6540378.p?skuId=6540378,Specifications Product Height 68 3/10 inches Product Width 36 inches Height To Top Of Refrigerator (Without Hinges) 68 3/10 inches Height To Top Of Door Hinge 70 inches Depth Without Handle 28 1/2 inches Depth With Handle 30 4/5 inches,frigidaire - professional 23.3 cu. ft. french door counter-depth refrigerator,specifications product height 68 3/10 inches product width 36 inches height to top of refrigerator (without hinges) 68 3/10 inches height to top of door hinge 70 inches depth without handle 28 1/2 inches depth with handle 30 4/5 inches,Frigidaire - Professional 23.3 Cu. Ft. French Door Counter-Depth Refrigerator Specifications Product Height 68 3/10 inches Product Width 36 inches Height To Top Of Refrigerator (Without Hinges) 68 3/10 inches Height To Top Of Door Hinge 70 inches Depth Without Handle 28 1/2 inches Depth With Handle 30 4/5 inches
LG - 27.7 Cu. Ft. French Door Smart Refrigerator with External Ice and Water,1699.99,bestbuy.com,https://www.bestbuy.com/site/searchpage.jsp?_dyncharset=UTF-8&browsedCategory=pcmcat367400050001&cp=3&id=pcat17071&iht=n&ks=960&list=y&sc=Global&st=categoryid%24pcmcat367400050001&type=page&usc=All%20Categories,2025-01-18 22:31:01,refrigerators,,https://www.bestbuy.com/site/lg-27-7-cu-ft-french-door-smart-refrigerator-with-external-ice-and-water-stainless-steel/6532722.p?skuId=6532722,Specifications Voice Assistant Built-in No Product Height 69 3/4 inches Product Width 35 3/4 inches Height To Top Of Refrigerator (Without Hinges) 68 1/2 inches Height To Top Of Door Hinge 69 3/4 inches Depth Without Handle 33 3/4 inches,lg - 27.7 cu. ft. french door smart refrigerator with external ice and water,specifications voice assistant built-in no product height 69 3/4 inches product width 35 3/4 inches height to top of refrigerator (without hinges) 68 1/2 inches height to top of door hinge 69 3/4 inches depth without handle 33 3/4 inches,LG - 27.7 Cu. Ft. French Door Smart Refrigerator with External Ice and Water Specifications Voice Assistant Built-in No Product Height 69 3/4 inches Product Width 35 3/4 inches Height To Top Of Refrigerator (Without Hinges) 68 1/2 inches Height To Top Of Door Hinge 69 3/4 inches Depth Without Handle 33 3/4 inches
Whirlpool - 24.6 Cu. Ft. Side-by-Side Refrigerator,1199.99,bestbuy.com,https://www.bestbuy.com/site/searchpage.jsp?_dyncharset=UTF-8&browsedCategory=pcmcat367400050001&cp=3&id=pcat17071&iht=n&ks=960&list=y&sc=Global&st=categoryid%24pcmcat367400050001&type=page&usc=All%20Categories,2025-01-18 22:31:01,refrigerators,,https://www.bestbuy.com/site/whirlpool-24-6-cu-ft-side-by-side-refrigerator-stainless-steel/5991300.p?skuId=5991300,Specifications Voice Assistant Built-in No Product Height 69 5/8 inches Product Width 35 1/2 inches Height To Top Of Refrigerator (Without Hinges) 68 5/8 inches Height To Top Of Door Hinge 69 5/8 inches Depth Without Handle 31 5/8 inches,whirlpool - 24.6 cu. ft. side-by-side refrigerator,specifications voice assistant built-in no product height 69 5/8 inches product width 35 1/2 inches height to top of refrigerator (without hinges) 68 5/8 inches height to top of door hinge 69 5/8 inches depth without handle 31 5/8 inches,Whirlpool - 24.6 Cu. Ft. Side-by-Side Refrigerator Specifications Voice Assistant Built-in No Product Height 69 5/8 inches Product Width 35 1/2 inches Height To Top Of Refrigerator (Without Hinges) 68 5/8 inches Height To Top Of Door Hinge 69 5/8 inches Depth Without Handle 31 5/8 inches
Samsung - 15.6 cu. ft. Top Freezer Refrigerator with All-Around Cooling,699.99,bestbuy.com,https://www.bestbuy.com/site/searchpage.jsp?_dyncharset=UTF-8&browsedCategory=pcmcat367400050001&cp=3&id=pcat17071&iht=n&ks=960&list=y&sc=Global&st=categoryid%24pcmcat367400050001&type=page&usc=All%20Categories,2025-01-18 22:31:01,refrigerators,,https://www.bestbuy.com/site/samsung-15-6-cu-ft-top-freezer-refrigerator-with-all-around-cooling-stainless-steel/6471975.p?skuId=6471975,Specifications Product Height 66 7/8 inches Product Width 27 5/8 inches Height To Top Of Refrigerator (Without Hinges) 64 4/5 inches Height To Top Of Door Hinge 66 7/8 inches Depth Without Handle 29 1/4 inches Depth With Handle 29 1/4 inches,samsung - 15.6 cu. ft. top freezer refrigerator with all-around cooling,specifications product height 66 7/8 inches product width 27 5/8 inches height to top of refrigerator (without hinges) 64 4/5 inches height to top of door hinge 66 7/8 inches depth without handle 29 1/4 inches depth with handle 29 1/4 inches,Samsung - 15.6 cu. ft. Top Freezer Refrigerator with All-Around Cooling Specifications Product Height 66 7/8 inches Product Width 27 5/8 inches Height To Top Of Refrigerator (Without Hinges) 64 4/5 inches Height To Top Of Door Hinge 66 7/8 inches Depth Without Handle 29 1/4 inches Depth With Handle 29 1/4 inches
Whirlpool - 16 Cu. Ft. Chest Freezer with Basket,699.99,bestbuy.com,https://www.bestbuy.com/site/home-appliances/freezers-ice-makers/abcat0902000.c?id=abcat0902000&intl=nosplash,2025-01-18 22:31:01,freezers,Save $230,https://www.bestbuy.com/site/whirlpool-16-cu-ft-chest-freezer-with-basket-white/6475229.p?skuId=6475229,Specifications Product Height 36 inches Product Width 55 1/4 inches Product Depth 28 11/16 inches Capacity 16 cubic feet App Compatible No Color Finish White,whirlpool - 16 cu. ft. chest freezer with basket,specifications product height 36 inches product width 55 1/4 inches product depth 28 11/16 inches capacity 16 cubic feet app compatible no color finish white,Whirlpool - 16 Cu. Ft. Chest Freezer with Basket Specifications Product Height 36 inches Product Width 55 1/4 inches Product Depth 28 11/16 inches Capacity 16 cubic feet App Compatible No Color Finish White
Insignia™ - 13.8 Cu. Ft. Garage Ready Convertible Upright Freezer with ENERGY STAR Certification,479.99,bestbuy.com,https://www.bestbuy.com/site/home-appliances/freezers-ice-makers/abcat0902000.c?id=abcat0902000&intl=nosplash,2025-01-18 22:31:01,freezers,,https://www.bestbuy.com/site/insignia-13-8-cu-ft-garage-ready-convertible-upright-freezer-with-energy-star-certification-white/6336451.p?skuId=6336451,Specifications Product Height 61 13/16 inches Product Width 28 inches Product Depth 29 9/16 inches Capacity 13.8 cubic feet Color Finish White,insignia™ - 13.8 cu. ft. garage ready convertible upright freezer with energy star certification,specifications product height 61 13/16 inches product width 28 inches product depth 29 9/16 inches capacity 13.8 cubic feet color finish white,Insignia™ - 13.8 Cu. Ft. Garage Ready Convertible Upright Freezer with ENERGY STAR Certification Specifications Product Height 61 13/16 inches Product Width 28 inches Product Depth 29 9/16 inches Capacity 13.8 cubic feet Color Finish White
Insignia™ - 17 Cu. Ft. Garage Ready Convertible Upright Freezer with ENERGY STAR Certification,599.99,bestbuy.com,https://www.bestbuy.com/site/home-appliances/freezers-ice-makers/abcat0902000.c?id=abcat0902000&intl=nosplash,2025-01-18 22:31:01,freezers,,https://www.bestbuy.com/site/insignia-17-cu-ft-garage-ready-convertible-upright-freezer-with-energy-star-certification-white/6336449.p?skuId=6336449,Specifications Product Height 65 inches Product Width 32 4/5 inches Product Depth 28.9 inches Capacity 17 cubic feet Color Finish White,insignia™ - 17 cu. ft. garage ready convertible upright freezer with energy star certification,specifications product height 65 inches product width 32 4/5 inches product depth 28.9 inches capacity 17 cubic feet color finish white,Insignia™ - 17 Cu. Ft. Garage Ready Convertible Upright Freezer with ENERGY STAR Certification Specifications Product Height 65 inches Product Width 32 4/5 inches Product Depth 28.9 inches Capacity 17 cubic feet Color Finish White
Insignia™ - 5.0 Cu. Ft. Garage Ready-Chest Freezer,159.99,bestbuy.com,https://www.bestbuy.com/site/home-appliances/freezers-ice-makers/abcat0902000.c?id=abcat0902000&intl=nosplash,2025-01-18 22:31:01,freezers,,https://www.bestbuy.com/site/insignia-5-0-cu-ft-garage-ready-chest-freezer-white/6385028.p?skuId=6385028,Specifications Product Height 33 1/2 inches Product Width 24 15/16 inches Product Depth 21 3/4 inches Capacity 5 cubic feet Color Finish White,insignia™ - 5.0 cu. ft. garage ready-chest freezer,specifications product height 33 1/2 inches product width 24 15/16 inches product depth 21 3/4 inches capacity 5 cubic feet color finish white,Insignia™ - 5.0 Cu. Ft. Garage Ready-Chest Freezer Specifications Product Height 33 1/2 inches Product Width 24 15/16 inches Product Depth 21 3/4 inches Capacity 5 cubic feet Color Finish White
Insignia™ - 21 Cu. Ft. Garage Ready Convertible Upright Freezer,699.99,bestbuy.com,https://www.bestbuy.com/site/home-appliances/freezers-ice-makers/abcat0902000.c?id=abcat0902000&intl=nosplash,2025-01-18 22:31:01,freezers,,https://www.bestbuy.com/site/insignia-21-cu-ft-garage-ready-convertible-upright-freezer-white/6336452.p?skuId=6336452,Specifications Product Height 76 13/16 inches Product Width 32 13/16 inches Product Depth 29 inches Capacity 21 cubic feet Color Finish White,insignia™ - 21 cu. ft. garage ready convertible upright freezer,specifications product height 76 13/16 inches product width 32 13/16 inches product depth 29 inches capacity 21 cubic feet color finish white,Insignia™ - 21 Cu. Ft. Garage Ready Convertible Upright Freezer Specifications Product Height 76 13/16 inches Product Width 32 13/16 inches Product Depth 29 inches Capacity 21 cubic feet Color Finish White
Insignia™ - 3.5 Cu. Ft. Garage-Ready Chest Freezer,139.99,bestbuy.com,https://www.bestbuy.com/site/home-appliances/freezers-ice-makers/abcat0902000.c?id=abcat0902000&intl=nosplash,2025-01-18 22:31:01,freezers,,https://www.bestbuy.com/site/insignia-3-5-cu-ft-garage-ready-chest-freezer-white/6509898.p?skuId=6509898,Specifications Product Height 33 1/8 inches Product Width 22 inches Product Depth 21 15/16 inches Capacity 3.5 cubic feet App Compatible No Color Finish White,insignia™ - 3.5 cu. ft. garage-ready chest freezer,specifications product height 33 1/8 inches product width 22 inches product depth 21 15/16 inches capacity 3.5 cubic feet app compatible no color finish white,Insignia™ - 3.5 Cu. Ft. Garage-Ready Chest Freezer Specifications Product Height 33 1/8 inches Product Width 22 inches Product Depth 21 15/16 inches Capacity 3.5 cubic feet App Compatible No Color Finish White
Insignia™ - 7 Cu. Ft. Garage Ready Upright Convertible Freezer with ENERGY STAR Certification,249.99,bestbuy.com,https://www.bestbuy.com/site/home-appliances/freezers-ice-makers/abcat0902000.c?id=abcat0902000&intl=nosplash,2025-01-18 22:31:01,freezers,,https://www.bestbuy.com/site/insignia-7-cu-ft-garage-ready-upright-convertible-freezer-with-energy-star-certification-white/6547489.p?skuId=6547489,Specifications Product Height 56 1/8 inches Product Width 21 5/16 inches Product Depth 22 3/4 inches Capacity 7 cubic feet Color Finish White,insignia™ - 7 cu. ft. garage ready upright convertible freezer with energy star certification,specifications product height 56 1/8 inches product width 21 5/16 inches product depth 22 3/4 inches capacity 7 cubic feet color finish white,Insignia™ - 7 Cu. Ft. Garage Ready Upright Convertible Freezer with ENERGY STAR Certification Specifications Product Height 56 1/8 inches Product Width 21 5/16 inches Product Depth 22 3/4 inches Capacity 7 cubic feet Color Finish White
Insignia™ - 10.2 Cu. Ft. Garage-Ready Chest Freezer,299.99,bestbuy.com,https://www.bestbuy.com/site/home-appliances/freezers-ice-makers/abcat0902000.c?id=abcat0902000&intl=nosplash,2025-01-18 22:31:01,freezers,,https://www.bestbuy.com/site/insignia-10-2-cu-ft-garage-ready-chest-freezer-white/8389389.p?skuId=8389389,Specifications Product Height 33 1/2 inches Product Width 43 15/16 inches Product Depth 26 3/8 inches Capacity 10.2 cubic feet App Compatible No Color Finish White,insignia™ - 10.2 cu. ft. garage-ready chest freezer,specifications product height 33 1/2 inches product width 43 15/16 inches product depth 26 3/8 inches capacity 10.2 cubic feet app compatible no color finish white,Insignia™ - 10.2 Cu. Ft. Garage-Ready Chest Freezer Specifications Product Height 33 1/2 inches Product Width 43 15/16 inches Product Depth 26 3/8 inches Capacity 10.2 cubic feet App Compatible No Color Finish White
Frigidaire - 13.0 Cu. Ft. Frost-Free Upright Freezer with Interior Light,579.99,bestbuy.com,https://www.bestbuy.com/site/home-appliances/freezers-ice-makers/abcat0902000.c?id=abcat0902000&intl=nosplash,2025-01-18 22:31:01,freezers,,https://www.bestbuy.com/site/frigidaire-13-0-cu-ft-frost-free-upright-freezer-with-interior-light-white/6369435.p?skuId=6369435,Specifications Product Height 67 3/4 inches Product Width 27 3/4 inches Product Depth 25 5/8 inches Capacity 13 cubic feet Color Finish White,frigidaire - 13.0 cu. ft. frost-free upright freezer with interior light,specifications product height 67 3/4 inches product width 27 3/4 inches product depth 25 5/8 inches capacity 13 cubic feet color finish white,Frigidaire - 13.0 Cu. Ft. Frost-Free Upright Freezer with Interior Light Specifications Product Height 67 3/4 inches Product Width 27 3/4 inches Product Depth 25 5/8 inches Capacity 13 cubic feet Color Finish White
Insignia™ - 17 Cu. Ft. Garage Ready Convertible Upright Freezer with ENERGY STAR Certification,599.99,bestbuy.com,https://www.bestbuy.com/site/home-appliances/freezers-ice-makers/abcat0902000.c?id=abcat0902000&intl=nosplash,2025-01-18 22:31:01,freezers,,https://www.bestbuy.com/site/insignia-17-cu-ft-garage-ready-convertible-upright-freezer-with-energy-star-certification-stainless-steel/6336445.p?skuId=6336445,Specifications Product Height 65 inches Product Width 32 13/16 inches Product Depth 28 15/16 inches Capacity 17 cubic feet Color Finish Stainless steel,insignia™ - 17 cu. ft. garage ready convertible upright freezer with energy star certification,specifications product height 65 inches product width 32 13/16 inches product depth 28 15/16 inches capacity 17 cubic feet color finish stainless steel,Insignia™ - 17 Cu. Ft. Garage Ready Convertible Upright Freezer with ENERGY STAR Certification Specifications Product Height 65 inches Product Width 32 13/16 inches Product Depth 28 15/16 inches Capacity 17 cubic feet Color Finish Stainless steel
Frigidaire - 20.0 Cu. Ft. Upright Freezer,849.99,bestbuy.com,https://www.bestbuy.com/site/home-appliances/freezers-ice-makers/abcat0902000.c?id=abcat0902000&intl=nosplash,2025-01-18 22:31:01,freezers,,https://www.bestbuy.com/site/frigidaire-20-0-cu-ft-upright-freezer-white/6483109.p?skuId=6483109,Specifications Product Height 71 3/4 inches Product Width 32 5/8 inches Product Depth 28 1/4 inches Capacity 20 cubic feet Color Finish White,frigidaire - 20.0 cu. ft. upright freezer,specifications product height 71 3/4 inches product width 32 5/8 inches product depth 28 1/4 inches capacity 20 cubic feet color finish white,Frigidaire - 20.0 Cu. Ft. Upright Freezer Specifications Product Height 71 3/4 inches Product Width 32 5/8 inches Product Depth 28 1/4 inches Capacity 20 cubic feet Color Finish White
Insignia™ - 14.0 Cu. Ft. Garage-Ready Chest Freezer,399.99,bestbuy.com,https://www.bestbuy.com/site/home-appliances/freezers-ice-makers/abcat0902000.c?id=abcat0902000&intl=nosplash,2025-01-18 22:31:01,freezers,,https://www.bestbuy.com/site/insignia-14-0-cu-ft-garage-ready-chest-freezer-white/6444379.p?skuId=6444379,Specifications Product Height 32 5/16 inches Product Width 54 5/8 inches Product Depth 28 1/4 inches Capacity 14 cubic feet Color Finish White,insignia™ - 14.0 cu. ft. garage-ready chest freezer,specifications product height 32 5/16 inches product width 54 5/8 inches product depth 28 1/4 inches capacity 14 cubic feet color finish white,Insignia™ - 14.0 Cu. Ft. Garage-Ready Chest Freezer Specifications Product Height 32 5/16 inches Product Width 54 5/8 inches Product Depth 28 1/4 inches Capacity 14 cubic feet Color Finish White
Frigidaire - 24.8 Cu. Ft. Chest Freezer,949.99,bestbuy.com,https://www.bestbuy.com/site/searchpage.jsp?_dyncharset=UTF-8&browsedCategory=abcat0902000&cp=2&id=pcat17071&iht=n&ks=960&list=y&sc=Global&st=categoryid%24abcat0902000&type=page&usc=All%20Categories,2025-01-18 22:31:01,freezers,,https://www.bestbuy.com/site/frigidaire-24-8-cu-ft-chest-freezer-white/6501282.p?skuId=6501282,Specifications Product Height 31 3/4 inches Product Width 83.13 inches Product Depth 31 1/2 inches Capacity 24.8 cubic feet Color Finish White,frigidaire - 24.8 cu. ft. chest freezer,specifications product height 31 3/4 inches product width 83.13 inches product depth 31 1/2 inches capacity 24.8 cubic feet color finish white,Frigidaire - 24.8 Cu. Ft. Chest Freezer Specifications Product Height 31 3/4 inches Product Width 83.13 inches Product Depth 31 1/2 inches Capacity 24.8 cubic feet Color Finish White
Insignia™ - 7 Cu. Ft. Garage Ready Upright Freezer,229.99,bestbuy.com,https://www.bestbuy.com/site/searchpage.jsp?_dyncharset=UTF-8&browsedCategory=abcat0902000&cp=2&id=pcat17071&iht=n&ks=960&list=y&sc=Global&st=categoryid%24abcat0902000&type=page&usc=All%20Categories,2025-01-18 22:31:01,freezers,,https://www.bestbuy.com/site/insignia-7-cu-ft-garage-ready-upright-freezer-white/6346184.p?skuId=6346184,Specifications Product Height 56 5/16 inches Product Width 21 3/4 inches Product Depth 22 7/16 inches Capacity 7 cubic feet Color Finish White,insignia™ - 7 cu. ft. garage ready upright freezer,specifications product height 56 5/16 inches product width 21 3/4 inches product depth 22 7/16 inches capacity 7 cubic feet color finish white,Insignia™ - 7 Cu. Ft. Garage Ready Upright Freezer Specifications Product Height 56 5/16 inches Product Width 21 3/4 inches Product Depth 22 7/16 inches Capacity 7 cubic feet Color Finish White
Frigidaire - Professional 19 Cu. Ft. Single-Door Freezer,2999.99,bestbuy.com,https://www.bestbuy.com/site/searchpage.jsp?_dyncharset=UTF-8&browsedCategory=abcat0902000&cp=2&id=pcat17071&iht=n&ks=960&list=y&sc=Global&st=categoryid%24abcat0902000&type=page&usc=All%20Categories,2025-01-18 22:31:01,freezers,,https://www.bestbuy.com/site/frigidaire-professional-19-cu-ft-single-door-freezer-stainless-steel/6536972.p?skuId=6536972,Specifications Product Height 71 1/2 inches Product Width 32.875 inches Product Depth 27 inches Capacity 18.9 cubic feet Color Finish Stainless steel,frigidaire - professional 19 cu. ft. single-door freezer,specifications product height 71 1/2 inches product width 32.875 inches product depth 27 inches capacity 18.9 cubic feet color finish stainless steel,Frigidaire - Professional 19 Cu. Ft. Single-Door Freezer Specifications Product Height 71 1/2 inches Product Width 32.875 inches Product Depth 27 inches Capacity 18.9 cubic feet Color Finish Stainless steel
Samsung - 11.4 cu. ft. Capacity Convertible Upright Freezer Look,749.99,bestbuy.com,https://www.bestbuy.com/site/searchpage.jsp?_dyncharset=UTF-8&browsedCategory=abcat0902000&cp=2&id=pcat17071&iht=n&ks=960&list=y&sc=Global&st=categoryid%24abcat0902000&type=page&usc=All%20Categories,2025-01-18 22:31:01,freezers,,https://www.bestbuy.com/site/samsung-11-4-cu-ft-capacity-convertible-upright-freezer-stainless-steel-look/6423217.p?skuId=6423217,Specifications Product Height 73 inches Product Width 23 3/8 inches Product Depth 27 3/8 inches Capacity 11.4 cubic feet App Compatible No Color Finish Stainless steel look,samsung - 11.4 cu. ft. capacity convertible upright freezer look,specifications product height 73 inches product width 23 3/8 inches product depth 27 3/8 inches capacity 11.4 cubic feet app compatible no color finish stainless steel look,Samsung - 11.4 cu. ft. Capacity Convertible Upright Freezer Look Specifications Product Height 73 inches Product Width 23 3/8 inches Product Depth 27 3/8 inches Capacity 11.4 cubic feet App Compatible No Color Finish Stainless steel look
Frigidaire - 13 Cu. Ft Upright Freezer - Brushed Steel,579.99,bestbuy.com,https://www.bestbuy.com/site/searchpage.jsp?_dyncharset=UTF-8&browsedCategory=abcat0902000&cp=2&id=pcat17071&iht=n&ks=960&list=y&sc=Global&st=categoryid%24abcat0902000&type=page&usc=All%20Categories,2025-01-18 22:31:01,freezers,,https://www.bestbuy.com/site/frigidaire-13-cu-ft-upright-freezer-brushed-steel/6605218.p?skuId=6605218,Specifications Product Height 71 1/6 inches Product Width 29 2/7 inches Product Depth 27 1/4 inches Capacity 13 cubic feet App Compatible No Color Finish Brushed steel,frigidaire - 13 cu. ft upright freezer - brushed steel,specifications product height 71 1/6 inches product width 29 2/7 inches product depth 27 1/4 inches capacity 13 cubic feet app compatible no color finish brushed steel,Frigidaire - 13 Cu. Ft Upright Freezer - Brushed Steel Specifications Product Height 71 1/6 inches Product Width 29 2/7 inches Product Depth 27 1/4 inches Capacity 13 cubic feet App Compatible No Color Finish Brushed steel
Frigidaire - 6 Cu. Ft. Upright Freezer,299.99,bestbuy.com,https://www.bestbuy.com/site/searchpage.jsp?_dyncharset=UTF-8&browsedCategory=abcat0902000&cp=2&id=pcat17071&iht=n&ks=960&list=y&sc=Global&st=categoryid%24abcat0902000&type=page&usc=All%20Categories,2025-01-18 22:31:01,freezers,,https://www.bestbuy.com/site/frigidaire-6-cu-ft-upright-freezer-white/6559132.p?skuId=6559132,Specifications Product Height 56 13/16 inches Product Width 21 3/4 inches Product Depth 22 13/16 inches Capacity 5.8 cubic feet Color Finish White,frigidaire - 6 cu. ft. upright freezer,specifications product height 56 13/16 inches product width 21 3/4 inches product depth 22 13/16 inches capacity 5.8 cubic feet color finish white,Frigidaire - 6 Cu. Ft. Upright Freezer Specifications Product Height 56 13/16 inches Product Width 21 3/4 inches Product Depth 22 13/16 inches Capacity 5.8 cubic feet Color Finish White
GE - 8.8 Cu. Ft. Chest Freezer with Manual Defrost,521.99,bestbuy.com,https://www.bestbuy.com/site/searchpage.jsp?_dyncharset=UTF-8&browsedCategory=abcat0902000&cp=2&id=pcat17071&iht=n&ks=960&list=y&sc=Global&st=categoryid%24abcat0902000&type=page&usc=All%20Categories,2025-01-18 22:31:01,freezers,,https://www.bestbuy.com/site/ge-8-8-cu-ft-chest-freezer-with-manual-defrost-white/6494083.p?skuId=6494083,Specifications Product Height 33 7/8 inches Product Width 37 inches Product Depth 24 inches Capacity 8.8 cubic feet App Compatible No Color Finish White,ge - 8.8 cu. ft. chest freezer with manual defrost,specifications product height 33 7/8 inches product width 37 inches product depth 24 inches capacity 8.8 cubic feet app compatible no color finish white,GE - 8.8 Cu. Ft. Chest Freezer with Manual Defrost Specifications Product Height 33 7/8 inches Product Width 37 inches Product Depth 24 inches Capacity 8.8 cubic feet App Compatible No Color Finish White
Frigidaire - 15.5 Cu. Ft. Frost-Free Upright Freezer with Interior Light - Brushed Steel,649.99,bestbuy.com,https://www.bestbuy.com/site/searchpage.jsp?_dyncharset=UTF-8&browsedCategory=abcat0902000&cp=2&id=pcat17071&iht=n&ks=960&list=y&sc=Global&st=categoryid%24abcat0902000&type=page&usc=All%20Categories,2025-01-18 22:31:01,freezers,,https://www.bestbuy.com/site/frigidaire-15-5-cu-ft-frost-free-upright-freezer-with-interior-light-brushed-steel/6410998.p?skuId=6410998,Specifications Product Height 67 3/4 inches Product Width 27 3/4 inches Product Depth 29 1/8 inches Capacity 15.5 cubic feet Color Finish Stainless steel,frigidaire - 15.5 cu. ft. frost-free upright freezer with interior light - brushed steel,specifications product height 67 3/4 inches product width 27 3/4 inches product depth 29 1/8 inches capacity 15.5 cubic feet color finish stainless steel,Frigidaire - 15.5 Cu. Ft. Frost-Free Upright Freezer with Interior Light - Brushed Steel Specifications Product Height 67 3/4 inches Product Width 27 3/4 inches Product Depth 29 1/8 inches Capacity 15.5 cubic feet Color Finish Stainless steel
SPT - 3.0 Cu. Ft. Upright Freezer,399.99,bestbuy.com,https://www.bestbuy.com/site/searchpage.jsp?_dyncharset=UTF-8&browsedCategory=abcat0902000&cp=2&id=pcat17071&iht=n&ks=960&list=y&sc=Global&st=categoryid%24abcat0902000&type=page&usc=All%20Categories,2025-01-18 22:31:01,freezers,,https://www.bestbuy.com/site/spt-3-0-cu-ft-upright-freezer-white/8755647.p?skuId=8755647,Specifications Product Height 33 3/4 inches Product Width 19 3/8 inches Product Depth 21 1/8 inches Capacity 3 cubic feet App Compatible No Color Finish White,spt - 3.0 cu. ft. upright freezer,specifications product height 33 3/4 inches product width 19 3/8 inches product depth 21 1/8 inches capacity 3 cubic feet app compatible no color finish white,SPT - 3.0 Cu. Ft. Upright Freezer Specifications Product Height 33 3/4 inches Product Width 19 3/8 inches Product Depth 21 1/8 inches Capacity 3 cubic feet App Compatible No Color Finish White
LG - 5.8 Cu. Ft. Upright Freezer with Direct Cooling System ,443.99,bestbuy.com,https://www.bestbuy.com/site/searchpage.jsp?_dyncharset=UTF-8&browsedCategory=abcat0902000&cp=3&id=pcat17071&iht=n&ks=960&list=y&sc=Global&st=categoryid%24abcat0902000&type=page&usc=All%20Categories,2025-01-18 22:31:01,freezers,,https://www.bestbuy.com/site/lg-5-8-cu-ft-upright-freezer-with-direct-cooling-system-platinum-silver/6452331.p?skuId=6452331,Specifications Product Height 51 5/8 inches Product Width 20 7/8 inches Product Depth 23 5/8 inches Capacity 5.8 cubic feet App Compatible No Color Finish Silver,lg - 5.8 cu. ft. upright freezer with direct cooling system ,specifications product height 51 5/8 inches product width 20 7/8 inches product depth 23 5/8 inches capacity 5.8 cubic feet app compatible no color finish silver,LG - 5.8 Cu. Ft. Upright Freezer with Direct Cooling System  Specifications Product Height 51 5/8 inches Product Width 20 7/8 inches Product Depth 23 5/8 inches Capacity 5.8 cubic feet App Compatible No Color Finish Silver
Whirlpool - 9 Cu. Ft. Convertible Freezer to Refrigerator with Baskets,549.99,bestbuy.com,https://www.bestbuy.com/site/searchpage.jsp?_dyncharset=UTF-8&browsedCategory=abcat0902000&cp=3&id=pcat17071&iht=n&ks=960&list=y&sc=Global&st=categoryid%24abcat0902000&type=page&usc=All%20Categories,2025-01-18 22:31:01,freezers,,https://www.bestbuy.com/site/whirlpool-9-cu-ft-convertible-freezer-to-refrigerator-with-baskets-white/6475227.p?skuId=6475227,Specifications Product Height 36 inches Product Width 39 31/50 inches Product Depth 28 11/16 inches Capacity 9 cubic feet App Compatible No Color Finish White,whirlpool - 9 cu. ft. convertible freezer to refrigerator with baskets,specifications product height 36 inches product width 39 31/50 inches product depth 28 11/16 inches capacity 9 cubic feet app compatible no color finish white,Whirlpool - 9 Cu. Ft. Convertible Freezer to Refrigerator with Baskets Specifications Product Height 36 inches Product Width 39 31/50 inches Product Depth 28 11/16 inches Capacity 9 cubic feet App Compatible No Color Finish White
GE - 7.0 Cu. Ft. Garage-Ready Chest Freezer,379.99,bestbuy.com,https://www.bestbuy.com/site/searchpage.jsp?_dyncharset=UTF-8&browsedCategory=abcat0902000&cp=3&id=pcat17071&iht=n&ks=960&list=y&sc=Global&st=categoryid%24abcat0902000&type=page&usc=All%20Categories,2025-01-18 22:31:01,freezers,,https://www.bestbuy.com/site/ge-7-0-cu-ft-garage-ready-chest-freezer-white/6512631.p?skuId=6512631,Specifications Product Height 33 1/2 inches Product Width 32 1/10 inches Product Depth 21 7/10 inches Capacity 7 cubic feet App Compatible No Color Finish White,ge - 7.0 cu. ft. garage-ready chest freezer,specifications product height 33 1/2 inches product width 32 1/10 inches product depth 21 7/10 inches capacity 7 cubic feet app compatible no color finish white,GE - 7.0 Cu. Ft. Garage-Ready Chest Freezer Specifications Product Height 33 1/2 inches Product Width 32 1/10 inches Product Depth 21 7/10 inches Capacity 7 cubic feet App Compatible No Color Finish White
"KitchenAid - 15"" 22.8-Lb. Freestanding Icemaker",2744.99,bestbuy.com,https://www.bestbuy.com/site/searchpage.jsp?_dyncharset=UTF-8&browsedCategory=abcat0902000&cp=3&id=pcat17071&iht=n&ks=960&list=y&sc=Global&st=categoryid%24abcat0902000&type=page&usc=All%20Categories,2025-01-18 22:31:01,freezers,,https://www.bestbuy.com/site/kitchenaid-15-22-8-lb-freestanding-icemaker-stainless-steel/6321294.p?skuId=6321294,Specifications Product Height 34 inches Product Width 14 9/10 inches Product Depth 25 2/5 inches Daily Ice Production 22.8 pounds Ice Storage Capacity 24.9 pounds Clear Ice Yes,"kitchenaid - 15"" 22.8-lb. freestanding icemaker",specifications product height 34 inches product width 14 9/10 inches product depth 25 2/5 inches daily ice production 22.8 pounds ice storage capacity 24.9 pounds clear ice yes,"KitchenAid - 15"" 22.8-Lb. Freestanding Icemaker Specifications Product Height 34 inches Product Width 14 9/10 inches Product Depth 25 2/5 inches Daily Ice Production 22.8 pounds Ice Storage Capacity 24.9 pounds Clear Ice Yes"
Whirlpool - SideKicks 17.7 Cu. Ft. Frost-Free Upright Freezer - Monochromatic ,2099.99,bestbuy.com,https://www.bestbuy.com/site/searchpage.jsp?_dyncharset=UTF-8&browsedCategory=abcat0902000&cp=3&id=pcat17071&iht=n&ks=960&list=y&sc=Global&st=categoryid%24abcat0902000&type=page&usc=All%20Categories,2025-01-18 22:31:01,freezers,,https://www.bestbuy.com/site/whirlpool-sidekicks-17-7-cu-ft-frost-free-upright-freezer-monochromatic-stainless-steel/1285197.p?skuId=1285197,Specifications Product Height 69 1/4 inches Product Width 31 3/4 inches Product Depth 31 1/4 inches Capacity 17.7 cubic feet App Compatible No Color Finish Silver,whirlpool - sidekicks 17.7 cu. ft. frost-free upright freezer - monochromatic ,specifications product height 69 1/4 inches product width 31 3/4 inches product depth 31 1/4 inches capacity 17.7 cubic feet app compatible no color finish silver,Whirlpool - SideKicks 17.7 Cu. Ft. Frost-Free Upright Freezer - Monochromatic  Specifications Product Height 69 1/4 inches Product Width 31 3/4 inches Product Depth 31 1/4 inches Capacity 17.7 cubic feet App Compatible No Color Finish Silver
GE Profile - Opal 1.0 Nugget Ice Maker With Side Tank,519.99,bestbuy.com,https://www.bestbuy.com/site/searchpage.jsp?_dyncharset=UTF-8&browsedCategory=abcat0902000&cp=3&id=pcat17071&iht=n&ks=960&list=y&sc=Global&st=categoryid%24abcat0902000&type=page&usc=All%20Categories,2025-01-18 22:31:01,freezers,,https://www.bestbuy.com/site/ge-profile-opal-1-0-nugget-ice-maker-with-side-tank-black/6552818.p?skuId=6552818,Specifications Product Height 17 1/10 inches Product Width 9 2/3 inches Product Depth 17 3/10 inches Daily Ice Production 34 pounds Ice Storage Capacity 3 pounds Clear Ice No,ge profile - opal 1.0 nugget ice maker with side tank,specifications product height 17 1/10 inches product width 9 2/3 inches product depth 17 3/10 inches daily ice production 34 pounds ice storage capacity 3 pounds clear ice no,GE Profile - Opal 1.0 Nugget Ice Maker With Side Tank Specifications Product Height 17 1/10 inches Product Width 9 2/3 inches Product Depth 17 3/10 inches Daily Ice Production 34 pounds Ice Storage Capacity 3 pounds Clear Ice No
"KitchenAid - 18"" 29-Lb. Built-In Icemaker",2474.99,bestbuy.com,https://www.bestbuy.com/site/searchpage.jsp?_dyncharset=UTF-8&browsedCategory=abcat0902000&cp=3&id=pcat17071&iht=n&ks=960&list=y&sc=Global&st=categoryid%24abcat0902000&type=page&usc=All%20Categories,2025-01-18 22:31:01,freezers,,https://www.bestbuy.com/site/kitchenaid-18-29-lb-built-in-icemaker-stainless-steel/6326553.p?skuId=6326553,Specifications Product Height 34 2/5 inches Product Width 17 9/10 inches Product Depth 25 3/5 inches Daily Ice Production 29 pounds Ice Storage Capacity 35.1 pounds Clear Ice Yes,"kitchenaid - 18"" 29-lb. built-in icemaker",specifications product height 34 2/5 inches product width 17 9/10 inches product depth 25 3/5 inches daily ice production 29 pounds ice storage capacity 35.1 pounds clear ice yes,"KitchenAid - 18"" 29-Lb. Built-In Icemaker Specifications Product Height 34 2/5 inches Product Width 17 9/10 inches Product Depth 25 3/5 inches Daily Ice Production 29 pounds Ice Storage Capacity 35.1 pounds Clear Ice Yes"
GE - 21.7 Cu. Ft. Chest Freezer,1061.99,bestbuy.com,https://www.bestbuy.com/site/searchpage.jsp?_dyncharset=UTF-8&browsedCategory=abcat0902000&cp=3&id=pcat17071&iht=n&ks=960&list=y&sc=Global&st=categoryid%24abcat0902000&type=page&usc=All%20Categories,2025-01-18 22:31:01,freezers,,https://www.bestbuy.com/site/ge-21-7-cu-ft-chest-freezer-white/5916712.p?skuId=5916712,Specifications Product Height 33 3/8 inches Product Width 73 1/4 inches Product Depth 33 inches Capacity 21.7 cubic feet App Compatible No Color Finish White,ge - 21.7 cu. ft. chest freezer,specifications product height 33 3/8 inches product width 73 1/4 inches product depth 33 inches capacity 21.7 cubic feet app compatible no color finish white,GE - 21.7 Cu. Ft. Chest Freezer Specifications Product Height 33 3/8 inches Product Width 73 1/4 inches Product Depth 33 inches Capacity 21.7 cubic feet App Compatible No Color Finish White
Frigidaire - 20 Cu. Ft. Upright Freezer,799.99,bestbuy.com,https://www.bestbuy.com/site/searchpage.jsp?_dyncharset=UTF-8&browsedCategory=abcat0902000&cp=3&id=pcat17071&iht=n&ks=960&list=y&sc=Global&st=categoryid%24abcat0902000&type=page&usc=All%20Categories,2025-01-18 22:31:01,freezers,,https://www.bestbuy.com/site/frigidaire-20-cu-ft-upright-freezer-white/6605216.p?skuId=6605216,Specifications Product Height 73 1/3 inches Product Width 33 5/6 inches Product Depth 29 2/3 inches Capacity 20 cubic feet App Compatible No Color Finish White,frigidaire - 20 cu. ft. upright freezer,specifications product height 73 1/3 inches product width 33 5/6 inches product depth 29 2/3 inches capacity 20 cubic feet app compatible no color finish white,Frigidaire - 20 Cu. Ft. Upright Freezer Specifications Product Height 73 1/3 inches Product Width 33 5/6 inches Product Depth 29 2/3 inches Capacity 20 cubic feet App Compatible No Color Finish White
GE - 17.3 Cu. Ft. Frost-Free Upright Freezer,779.99,bestbuy.com,https://www.bestbuy.com/site/searchpage.jsp?_dyncharset=UTF-8&browsedCategory=abcat0902000&cp=3&id=pcat17071&iht=n&ks=960&list=y&sc=Global&st=categoryid%24abcat0902000&type=page&usc=All%20Categories,2025-01-18 22:31:01,freezers,,https://www.bestbuy.com/site/ge-17-3-cu-ft-frost-free-upright-freezer-white/6259502.p?skuId=6259502,Specifications Product Height 64 3/4 inches Product Width 32 7/8 inches Product Depth 31 3/8 inches Capacity 17.3 cubic feet App Compatible No Color Finish White,ge - 17.3 cu. ft. frost-free upright freezer,specifications product height 64 3/4 inches product width 32 7/8 inches product depth 31 3/8 inches capacity 17.3 cubic feet app compatible no color finish white,GE - 17.3 Cu. Ft. Frost-Free Upright Freezer Specifications Product Height 64 3/4 inches Product Width 32 7/8 inches Product Depth 31 3/8 inches Capacity 17.3 cubic feet App Compatible No Color Finish White
Miele - F 2812 SF,10099.0,bestbuy.com,https://www.bestbuy.com/site/searchpage.jsp?_dyncharset=UTF-8&browsedCategory=abcat0902000&cp=3&id=pcat17071&iht=n&ks=960&list=y&sc=Global&st=categoryid%24abcat0902000&type=page&usc=All%20Categories,2025-01-18 22:31:01,freezers,,https://www.bestbuy.com/site/miele-f-2812-sf-stainless-steel/6495957.p?skuId=6495957,Specifications Product Height 83 2/3 inches Product Width 29 3/4 inches Product Depth 24 inches Capacity 16 cubic feet App Compatible Yes Color Finish Stainless steel,miele - f 2812 sf,specifications product height 83 2/3 inches product width 29 3/4 inches product depth 24 inches capacity 16 cubic feet app compatible yes color finish stainless steel,Miele - F 2812 SF Specifications Product Height 83 2/3 inches Product Width 29 3/4 inches Product Depth 24 inches Capacity 16 cubic feet App Compatible Yes Color Finish Stainless steel
"U-Line - 15"" 25-Lb Freestanding Icemaker",2499.0,bestbuy.com,https://www.bestbuy.com/site/searchpage.jsp?_dyncharset=UTF-8&browsedCategory=abcat0902000&cp=3&id=pcat17071&iht=n&ks=960&list=y&sc=Global&st=categoryid%24abcat0902000&type=page&usc=All%20Categories,2025-01-18 22:31:01,freezers,,https://www.bestbuy.com/site/u-line-15-25-lb-freestanding-icemaker-stainless-steel/6502259.p?skuId=6502259,Specifications Product Height 34.13 inches Product Width 14 15/16 inches Product Depth 22 1/2 inches Daily Ice Production 55 pounds Ice Storage Capacity 25 pounds Color Finish Stainless steel,"u-line - 15"" 25-lb freestanding icemaker",specifications product height 34.13 inches product width 14 15/16 inches product depth 22 1/2 inches daily ice production 55 pounds ice storage capacity 25 pounds color finish stainless steel,"U-Line - 15"" 25-Lb Freestanding Icemaker Specifications Product Height 34.13 inches Product Width 14 15/16 inches Product Depth 22 1/2 inches Daily Ice Production 55 pounds Ice Storage Capacity 25 pounds Color Finish Stainless steel"
Whirlpool - 15.7 Cu. Ft. Frost-Free Upright Freezer,799.99,bestbuy.com,https://www.bestbuy.com/site/searchpage.jsp?_dyncharset=UTF-8&browsedCategory=abcat0902000&cp=3&id=pcat17071&iht=n&ks=960&list=y&sc=Global&st=categoryid%24abcat0902000&type=page&usc=All%20Categories,2025-01-18 22:31:01,freezers,,https://www.bestbuy.com/site/whirlpool-15-7-cu-ft-frost-free-upright-freezer-white/6932016.p?skuId=6932016,Specifications Product Height 60 1/4 inches Product Width 30 1/4 inches Product Depth 30 1/4 inches Capacity 15.68 cubic feet App Compatible No Color Finish White,whirlpool - 15.7 cu. ft. frost-free upright freezer,specifications product height 60 1/4 inches product width 30 1/4 inches product depth 30 1/4 inches capacity 15.68 cubic feet app compatible no color finish white,Whirlpool - 15.7 Cu. Ft. Frost-Free Upright Freezer Specifications Product Height 60 1/4 inches Product Width 30 1/4 inches Product Depth 30 1/4 inches Capacity 15.68 cubic feet App Compatible No Color Finish White
GE - 21.3 Cu. Ft. Frost-Free Upright Freezer,879.99,bestbuy.com,https://www.bestbuy.com/site/searchpage.jsp?_dyncharset=UTF-8&browsedCategory=abcat0902000&cp=2&id=pcat17071&iht=n&ks=960&list=y&sc=Global&st=categoryid%24abcat0902000&type=page&usc=All%20Categories,2025-01-18 22:31:01,freezers,,https://www.bestbuy.com/site/ge-21-3-cu-ft-frost-free-upright-freezer-white/6259503.p?skuId=6259503,Specifications Product Height 76 1/2 inches Product Width 32 7/8 inches Product Depth 31 3/8 inches Capacity 21.3 cubic feet Color Finish White,ge - 21.3 cu. ft. frost-free upright freezer,specifications product height 76 1/2 inches product width 32 7/8 inches product depth 31 3/8 inches capacity 21.3 cubic feet color finish white,GE - 21.3 Cu. Ft. Frost-Free Upright Freezer Specifications Product Height 76 1/2 inches Product Width 32 7/8 inches Product Depth 31 3/8 inches Capacity 21.3 cubic feet Color Finish White
Whirlpool - 5.3 Cu. Ft. Freestanding Electric Range with Cooktop Flexibility,599.99,bestbuy.com,https://www.bestbuy.com/site/ranges/all-ranges/pcmcat1710865851607.c?id=pcmcat1710865851607&intl=nosplash,2025-01-18 22:31:01,ranges,,https://www.bestbuy.com/site/whirlpool-5-3-cu-ft-freestanding-electric-range-with-cooktop-flexibility-stainless-steel/6576320.p?skuId=6576320,Specifications Product Height 47 7/8 inches Product Width 29 7/8 inches Product Depth 27 3/4 inches Depth Without Handle 25 3/8 inches Interior Oven Depth 18 1/2 inches Interior Oven Height 18 1/8 inches,whirlpool - 5.3 cu. ft. freestanding electric range with cooktop flexibility,specifications product height 47 7/8 inches product width 29 7/8 inches product depth 27 3/4 inches depth without handle 25 3/8 inches interior oven depth 18 1/2 inches interior oven height 18 1/8 inches,Whirlpool - 5.3 Cu. Ft. Freestanding Electric Range with Cooktop Flexibility Specifications Product Height 47 7/8 inches Product Width 29 7/8 inches Product Depth 27 3/4 inches Depth Without Handle 25 3/8 inches Interior Oven Depth 18 1/2 inches Interior Oven Height 18 1/8 inches
"Samsung - 6.3 cu. ft. Freestanding Electric Range with WiFi, No-Preheat Air Fry & Convection",729.99,bestbuy.com,https://www.bestbuy.com/site/ranges/all-ranges/pcmcat1710865851607.c?id=pcmcat1710865851607&intl=nosplash,2025-01-18 22:31:01,ranges,,https://www.bestbuy.com/site/samsung-6-3-cu-ft-freestanding-electric-range-with-wifi-no-preheat-air-fry-convection-stainless-steel/6447922.p?skuId=6447922,Specifications Product Height 47 1/16 inches Product Width 29 15/16 inches Product Depth 28 11/16 inches Depth Without Handle 24 inches Depth With Handle 28 11/16 inches Range Type Freestanding,"samsung - 6.3 cu. ft. freestanding electric range with wifi, no-preheat air fry & convection",specifications product height 47 1/16 inches product width 29 15/16 inches product depth 28 11/16 inches depth without handle 24 inches depth with handle 28 11/16 inches range type freestanding,"Samsung - 6.3 cu. ft. Freestanding Electric Range with WiFi, No-Preheat Air Fry & Convection Specifications Product Height 47 1/16 inches Product Width 29 15/16 inches Product Depth 28 11/16 inches Depth Without Handle 24 inches Depth With Handle 28 11/16 inches Range Type Freestanding"
"Samsung - 6.3 cu. ft. Slide-In Induction Range with WiFi, Flex Duo, Smart Dial & Air Fry",1999.99,bestbuy.com,https://www.bestbuy.com/site/ranges/all-ranges/pcmcat1710865851607.c?id=pcmcat1710865851607&intl=nosplash,2025-01-18 22:31:01,ranges,,https://www.bestbuy.com/site/samsung-6-3-cu-ft-slide-in-induction-range-with-wifi-flex-duo-smart-dial-air-fry-stainless-steel/6447898.p?skuId=6447898,Specifications Product Height 36 3/4 inches Product Width 29 15/16 inches Product Depth 28 11/16 inches Range Type Slide-In Single/Double Oven Double Oven Cooktop Surface Type Smoothtop,"samsung - 6.3 cu. ft. slide-in induction range with wifi, flex duo, smart dial & air fry",specifications product height 36 3/4 inches product width 29 15/16 inches product depth 28 11/16 inches range type slide-in single/double oven double oven cooktop surface type smoothtop,"Samsung - 6.3 cu. ft. Slide-In Induction Range with WiFi, Flex Duo, Smart Dial & Air Fry Specifications Product Height 36 3/4 inches Product Width 29 15/16 inches Product Depth 28 11/16 inches Range Type Slide-In Single/Double Oven Double Oven Cooktop Surface Type Smoothtop"
LG - 7.3 Cu. Ft. Smart Slide-In Double Oven Electric True Convection Range with EasyClean and InstaView Steel,2399.99,bestbuy.com,https://www.bestbuy.com/site/ranges/all-ranges/pcmcat1710865851607.c?id=pcmcat1710865851607&intl=nosplash,2025-01-18 22:31:01,ranges,,https://www.bestbuy.com/site/lg-7-3-cu-ft-smart-slide-in-double-oven-electric-true-convection-range-with-easyclean-and-instaview-black-stainless-steel/6511365.p?skuId=6511365,Specifications Product Height 36 inches Product Width 30 inches Product Depth 29 1/4 inches Depth Without Handle 26 7/8 inches Depth With Handle 29 17/64 inches Range Type Slide-In,lg - 7.3 cu. ft. smart slide-in double oven electric true convection range with easyclean and instaview steel,specifications product height 36 inches product width 30 inches product depth 29 1/4 inches depth without handle 26 7/8 inches depth with handle 29 17/64 inches range type slide-in,LG - 7.3 Cu. Ft. Smart Slide-In Double Oven Electric True Convection Range with EasyClean and InstaView Steel Specifications Product Height 36 inches Product Width 30 inches Product Depth 29 1/4 inches Depth Without Handle 26 7/8 inches Depth With Handle 29 17/64 inches Range Type Slide-In
Insignia™ - 5 Cu. Ft. Freestanding Electric Range,549.99,bestbuy.com,https://www.bestbuy.com/site/ranges/all-ranges/pcmcat1710865851607.c?id=pcmcat1710865851607&intl=nosplash,2025-01-18 22:31:01,ranges,,https://www.bestbuy.com/site/insignia-5-cu-ft-freestanding-electric-range-stainless-steel/6555625.p?skuId=6555625,Specifications Product Height 47 3/5 inches Product Width 29 8/9 inches Product Depth 29 3/5 inches Range Type Freestanding Oven Cleaning Method Manual cleaning Single/Double Oven Single Oven,insignia™ - 5 cu. ft. freestanding electric range,specifications product height 47 3/5 inches product width 29 8/9 inches product depth 29 3/5 inches range type freestanding oven cleaning method manual cleaning single/double oven single oven,Insignia™ - 5 Cu. Ft. Freestanding Electric Range Specifications Product Height 47 3/5 inches Product Width 29 8/9 inches Product Depth 29 3/5 inches Range Type Freestanding Oven Cleaning Method Manual cleaning Single/Double Oven Single Oven
GE - 5.3 Cu. Ft. Freestanding Electric Range with Steam Cleaning and 4 Burner Radiant Cooktop,629.99,bestbuy.com,https://www.bestbuy.com/site/ranges/all-ranges/pcmcat1710865851607.c?id=pcmcat1710865851607&intl=nosplash,2025-01-18 22:31:01,ranges,,https://www.bestbuy.com/site/ge-5-3-cu-ft-freestanding-electric-range-with-steam-cleaning-and-4-burner-radiant-cooktop-white/6573750.p?skuId=6573750,Specifications Product Height 47 1/4 inches Product Width 30 inches Product Depth 27 1/8 inches Depth Without Handle 25 1/2 inches Interior Oven Depth 19 3/8 inches Interior Oven Height 19 1/2 inches,ge - 5.3 cu. ft. freestanding electric range with steam cleaning and 4 burner radiant cooktop,specifications product height 47 1/4 inches product width 30 inches product depth 27 1/8 inches depth without handle 25 1/2 inches interior oven depth 19 3/8 inches interior oven height 19 1/2 inches,GE - 5.3 Cu. Ft. Freestanding Electric Range with Steam Cleaning and 4 Burner Radiant Cooktop Specifications Product Height 47 1/4 inches Product Width 30 inches Product Depth 27 1/8 inches Depth Without Handle 25 1/2 inches Interior Oven Depth 19 3/8 inches Interior Oven Height 19 1/2 inches
Samsung - OPEN BOX Bespoke 6.3 Cu. Ft. Slide-In Electric Induction Range with AI Home Display,3059.99,bestbuy.com,https://www.bestbuy.com/site/ranges/all-ranges/pcmcat1710865851607.c?id=pcmcat1710865851607&intl=nosplash,2025-01-18 22:31:01,ranges,,https://www.bestbuy.com/site/samsung-open-box-bespoke-6-3-cu-ft-slide-in-electric-induction-range-with-ai-home-display-white-glass/6581576.p?skuId=6581576,Specifications Product Height 37 inches Product Width 29 15/16 inches Product Depth 26 7/16 inches Depth Without Handle 26 7/16 inches Depth With Handle 26 7/16 inches Range Type Slide-In,samsung - open box bespoke 6.3 cu. ft. slide-in electric induction range with ai home display,specifications product height 37 inches product width 29 15/16 inches product depth 26 7/16 inches depth without handle 26 7/16 inches depth with handle 26 7/16 inches range type slide-in,Samsung - OPEN BOX Bespoke 6.3 Cu. Ft. Slide-In Electric Induction Range with AI Home Display Specifications Product Height 37 inches Product Width 29 15/16 inches Product Depth 26 7/16 inches Depth Without Handle 26 7/16 inches Depth With Handle 26 7/16 inches Range Type Slide-In
Frigidaire - Gallery 4.6 Cu. Ft Freestanding Gas Total Convection Range with Air Fry,2999.99,bestbuy.com,https://www.bestbuy.com/site/ranges/all-ranges/pcmcat1710865851607.c?id=pcmcat1710865851607&intl=nosplash,2025-01-18 22:31:01,ranges,,https://www.bestbuy.com/site/frigidaire-gallery-4-6-cu-ft-freestanding-gas-total-convection-range-with-air-fry-stainless-steel/6583471.p?skuId=6583471,Specifications Product Height 35 3/4 inches Product Width 35 7/8 inches Product Depth 25 7/8 inches Interior Oven Depth 16 7/8 inches Interior Oven Height 13 3/4 inches Interior Oven Width 30 5/8 inches,frigidaire - gallery 4.6 cu. ft freestanding gas total convection range with air fry,specifications product height 35 3/4 inches product width 35 7/8 inches product depth 25 7/8 inches interior oven depth 16 7/8 inches interior oven height 13 3/4 inches interior oven width 30 5/8 inches,Frigidaire - Gallery 4.6 Cu. Ft Freestanding Gas Total Convection Range with Air Fry Specifications Product Height 35 3/4 inches Product Width 35 7/8 inches Product Depth 25 7/8 inches Interior Oven Depth 16 7/8 inches Interior Oven Height 13 3/4 inches Interior Oven Width 30 5/8 inches
Frigidaire - Gallery 5.3 Cu. Ft. Freestanding Electric Total Convection Range,999.99,bestbuy.com,https://www.bestbuy.com/site/ranges/all-ranges/pcmcat1710865851607.c?id=pcmcat1710865851607&intl=nosplash,2025-01-18 22:31:01,ranges,,https://www.bestbuy.com/site/frigidaire-gallery-5-3-cu-ft-freestanding-electric-total-convection-range-stainless-steel/6560833.p?skuId=6560833,Specifications Product Height 46 3/4 inches Product Width 30 inches Product Depth 26 inches Depth With Handle 28 1/2 inches Interior Oven Depth 19 7/8 inches Interior Oven Height 18 1/8 inches,frigidaire - gallery 5.3 cu. ft. freestanding electric total convection range,specifications product height 46 3/4 inches product width 30 inches product depth 26 inches depth with handle 28 1/2 inches interior oven depth 19 7/8 inches interior oven height 18 1/8 inches,Frigidaire - Gallery 5.3 Cu. Ft. Freestanding Electric Total Convection Range Specifications Product Height 46 3/4 inches Product Width 30 inches Product Depth 26 inches Depth With Handle 28 1/2 inches Interior Oven Depth 19 7/8 inches Interior Oven Height 18 1/8 inches
Frigidaire 5.1 Cu. Ft. Freestanding Gas Range with Air Fry Steel,829.99,bestbuy.com,https://www.bestbuy.com/site/ranges/all-ranges/pcmcat1710865851607.c?id=pcmcat1710865851607&intl=nosplash,2025-01-18 22:31:01,ranges,,https://www.bestbuy.com/site/frigidaire-5-1-cu-ft-freestanding-gas-range-with-air-fry-black-stainless-steel/6577678.p?skuId=6577678,Specifications Product Height 47 3/4 inches Product Width 30 inches Product Depth 26 inches Range Type Freestanding Single/Double Oven Single Oven Number of Burners 5,frigidaire 5.1 cu. ft. freestanding gas range with air fry steel,specifications product height 47 3/4 inches product width 30 inches product depth 26 inches range type freestanding single/double oven single oven number of burners 5,Frigidaire 5.1 Cu. Ft. Freestanding Gas Range with Air Fry Steel Specifications Product Height 47 3/4 inches Product Width 30 inches Product Depth 26 inches Range Type Freestanding Single/Double Oven Single Oven Number of Burners 5
Bosch - 800 Series 3.9 Cu. Ft. Freestanding Electric Induction Range with Self-Cleaning and Industrial Design,3959.99,bestbuy.com,https://www.bestbuy.com/site/ranges/all-ranges/pcmcat1710865851607.c?id=pcmcat1710865851607&intl=nosplash,2025-01-18 22:31:01,ranges,,https://www.bestbuy.com/site/bosch-800-series-3-9-cu-ft-freestanding-electric-induction-range-with-self-cleaning-and-industrial-design-stainless-steel/6506092.p?skuId=6506092,Specifications Product Height 36 inches Product Width 29 15/26 inches Product Depth 24 7/8 inches Depth Without Handle 24 15/16 inches Depth With Handle 26 1/2 inches Interior Oven Depth 17 1/8 inches,bosch - 800 series 3.9 cu. ft. freestanding electric induction range with self-cleaning and industrial design,specifications product height 36 inches product width 29 15/26 inches product depth 24 7/8 inches depth without handle 24 15/16 inches depth with handle 26 1/2 inches interior oven depth 17 1/8 inches,Bosch - 800 Series 3.9 Cu. Ft. Freestanding Electric Induction Range with Self-Cleaning and Industrial Design Specifications Product Height 36 inches Product Width 29 15/26 inches Product Depth 24 7/8 inches Depth Without Handle 24 15/16 inches Depth With Handle 26 1/2 inches Interior Oven Depth 17 1/8 inches
GE - 5.3 Cu. Ft. Slide-In Gas Convection Range with Steam Cleaning and EasyWash Tray,899.99,bestbuy.com,https://www.bestbuy.com/site/searchpage.jsp?_dyncharset=UTF-8&browsedCategory=pcmcat1710865851607&cp=2&id=pcat17071&iht=n&ks=960&list=y&sc=Global&st=categoryid%24pcmcat1710865851607&type=page&usc=All%20Categories,2025-01-18 22:31:01,ranges,,https://www.bestbuy.com/site/ge-5-3-cu-ft-slide-in-gas-convection-range-with-steam-cleaning-and-easywash-tray-stainless-steel/6573744.p?skuId=6573744,Specifications Product Height 37 1/8 inches Product Width 30 inches Product Depth 28 5/8 inches Depth Without Handle 26 1/4 inches Interior Oven Depth 20 5/8 inches Interior Oven Height 19 1/2 inches,ge - 5.3 cu. ft. slide-in gas convection range with steam cleaning and easywash tray,specifications product height 37 1/8 inches product width 30 inches product depth 28 5/8 inches depth without handle 26 1/4 inches interior oven depth 20 5/8 inches interior oven height 19 1/2 inches,GE - 5.3 Cu. Ft. Slide-In Gas Convection Range with Steam Cleaning and EasyWash Tray Specifications Product Height 37 1/8 inches Product Width 30 inches Product Depth 28 5/8 inches Depth Without Handle 26 1/4 inches Interior Oven Depth 20 5/8 inches Interior Oven Height 19 1/2 inches
Whirlpool - 5.3 Cu. Ft. Freestanding Electric Convection Range with Air Fry,749.99,bestbuy.com,https://www.bestbuy.com/site/searchpage.jsp?_dyncharset=UTF-8&browsedCategory=pcmcat1710865851607&cp=2&id=pcat17071&iht=n&ks=960&list=y&sc=Global&st=categoryid%24pcmcat1710865851607&type=page&usc=All%20Categories,2025-01-18 22:31:01,ranges,,https://www.bestbuy.com/site/whirlpool-5-3-cu-ft-freestanding-electric-convection-range-with-air-fry-stainless-steel/6471515.p?skuId=6471515,Specifications Product Height 47 7/8 inches Product Width 29 7/8 inches Product Depth 27 3/4 inches Depth Without Handle 25 5/16 inches Depth With Handle 28 inches Range Type Freestanding,whirlpool - 5.3 cu. ft. freestanding electric convection range with air fry,specifications product height 47 7/8 inches product width 29 7/8 inches product depth 27 3/4 inches depth without handle 25 5/16 inches depth with handle 28 inches range type freestanding,Whirlpool - 5.3 Cu. Ft. Freestanding Electric Convection Range with Air Fry Specifications Product Height 47 7/8 inches Product Width 29 7/8 inches Product Depth 27 3/4 inches Depth Without Handle 25 5/16 inches Depth With Handle 28 inches Range Type Freestanding
Frigidaire 5.3 Cu. Ft. Freestanding Electric Range with EvenTemp,649.99,bestbuy.com,https://www.bestbuy.com/site/searchpage.jsp?_dyncharset=UTF-8&browsedCategory=pcmcat1710865851607&cp=2&id=pcat17071&iht=n&ks=960&list=y&sc=Global&st=categoryid%24pcmcat1710865851607&type=page&usc=All%20Categories,2025-01-18 22:31:01,ranges,,https://www.bestbuy.com/site/frigidaire-5-3-cu-ft-freestanding-electric-range-with-eventemp-stainless-steel/6560834.p?skuId=6560834,Specifications Product Height 46 3/4 inches Product Width 30 inches Product Depth 26 inches Depth Without Handle 26 inches Depth With Handle 28.75 inches Range Type Freestanding,frigidaire 5.3 cu. ft. freestanding electric range with eventemp,specifications product height 46 3/4 inches product width 30 inches product depth 26 inches depth without handle 26 inches depth with handle 28.75 inches range type freestanding,Frigidaire 5.3 Cu. Ft. Freestanding Electric Range with EvenTemp Specifications Product Height 46 3/4 inches Product Width 30 inches Product Depth 26 inches Depth Without Handle 26 inches Depth With Handle 28.75 inches Range Type Freestanding
GE - 5.3 Cu. Ft. Freestanding Electric Range with Self-Clean and Steam Cleaning Option and Crisp Mode,679.99,bestbuy.com,https://www.bestbuy.com/site/searchpage.jsp?_dyncharset=UTF-8&browsedCategory=pcmcat1710865851607&cp=2&id=pcat17071&iht=n&ks=960&list=y&sc=Global&st=categoryid%24pcmcat1710865851607&type=page&usc=All%20Categories,2025-01-18 22:31:01,ranges,,https://www.bestbuy.com/site/ge-5-3-cu-ft-freestanding-electric-range-with-self-clean-and-steam-cleaning-option-and-crisp-mode-stainless-steel/6573757.p?skuId=6573757,Specifications Product Height 47 1/4 inches Product Width 30 inches Product Depth 27 7/8 inches Depth Without Handle 25 1/2 inches Depth With Handle 27 7/8 inches Interior Oven Depth 19 1/2 inches,ge - 5.3 cu. ft. freestanding electric range with self-clean and steam cleaning option and crisp mode,specifications product height 47 1/4 inches product width 30 inches product depth 27 7/8 inches depth without handle 25 1/2 inches depth with handle 27 7/8 inches interior oven depth 19 1/2 inches,GE - 5.3 Cu. Ft. Freestanding Electric Range with Self-Clean and Steam Cleaning Option and Crisp Mode Specifications Product Height 47 1/4 inches Product Width 30 inches Product Depth 27 7/8 inches Depth Without Handle 25 1/2 inches Depth With Handle 27 7/8 inches Interior Oven Depth 19 1/2 inches
LG - 6.3 Cu. Ft. Smart Freestanding Electric Induction True Convection Range with EasyClean and Air Fry,1599.99,bestbuy.com,https://www.bestbuy.com/site/searchpage.jsp?_dyncharset=UTF-8&browsedCategory=pcmcat1710865851607&cp=2&id=pcat17071&iht=n&ks=960&list=y&sc=Global&st=categoryid%24pcmcat1710865851607&type=page&usc=All%20Categories,2025-01-18 22:31:01,ranges,,https://www.bestbuy.com/site/lg-6-3-cu-ft-smart-freestanding-electric-induction-true-convection-range-with-easyclean-and-air-fry-stainless-steel/6561841.p?skuId=6561841,Specifications Product Height 36 1/2 inches Product Width 29 7/8 inches Product Depth 26 7/8 inches Depth Without Handle 26 7/8 inches Depth With Handle 29 5/16 inches Interior Oven Depth 20 inches,lg - 6.3 cu. ft. smart freestanding electric induction true convection range with easyclean and air fry,specifications product height 36 1/2 inches product width 29 7/8 inches product depth 26 7/8 inches depth without handle 26 7/8 inches depth with handle 29 5/16 inches interior oven depth 20 inches,LG - 6.3 Cu. Ft. Smart Freestanding Electric Induction True Convection Range with EasyClean and Air Fry Specifications Product Height 36 1/2 inches Product Width 29 7/8 inches Product Depth 26 7/8 inches Depth Without Handle 26 7/8 inches Depth With Handle 29 5/16 inches Interior Oven Depth 20 inches
Frigidaire - Professional 6.0 Cu. Ft. Freestanding Total Convection Range with Air Fry,2099.99,bestbuy.com,https://www.bestbuy.com/site/searchpage.jsp?_dyncharset=UTF-8&browsedCategory=pcmcat1710865851607&cp=2&id=pcat17071&iht=n&ks=960&list=y&sc=Global&st=categoryid%24pcmcat1710865851607&type=page&usc=All%20Categories,2025-01-18 22:31:01,ranges,,https://www.bestbuy.com/site/frigidaire-professional-6-0-cu-ft-freestanding-total-convection-range-with-air-fry-stainless-steel/6583460.p?skuId=6583460,Specifications Product Height 35 5/8 inches Product Width 30 inches Product Depth 26 inches Depth Without Handle 26 inches Depth With Handle 28 1/2 inches Interior Oven Depth 19 7/8 inches,frigidaire - professional 6.0 cu. ft. freestanding total convection range with air fry,specifications product height 35 5/8 inches product width 30 inches product depth 26 inches depth without handle 26 inches depth with handle 28 1/2 inches interior oven depth 19 7/8 inches,Frigidaire - Professional 6.0 Cu. Ft. Freestanding Total Convection Range with Air Fry Specifications Product Height 35 5/8 inches Product Width 30 inches Product Depth 26 inches Depth Without Handle 26 inches Depth With Handle 28 1/2 inches Interior Oven Depth 19 7/8 inches
LG - 6.3 Cu. Ft. Smart Freestanding Electric Range with EasyClean and WideView Window,749.99,bestbuy.com,https://www.bestbuy.com/site/searchpage.jsp?_dyncharset=UTF-8&browsedCategory=pcmcat1710865851607&cp=2&id=pcat17071&iht=n&ks=960&list=y&sc=Global&st=categoryid%24pcmcat1710865851607&type=page&usc=All%20Categories,2025-01-18 22:31:01,ranges,,https://www.bestbuy.com/site/lg-6-3-cu-ft-smart-freestanding-electric-range-with-easyclean-and-wideview-window-stainless-steel/6401957.p?skuId=6401957,Specifications Product Height 46 1/2 inches Product Width 29 7/8 inches Product Depth 28 7/8 inches Depth Without Handle 26 1/2 inches Depth With Handle 28 7/8 inches Range Type Freestanding,lg - 6.3 cu. ft. smart freestanding electric range with easyclean and wideview window,specifications product height 46 1/2 inches product width 29 7/8 inches product depth 28 7/8 inches depth without handle 26 1/2 inches depth with handle 28 7/8 inches range type freestanding,LG - 6.3 Cu. Ft. Smart Freestanding Electric Range with EasyClean and WideView Window Specifications Product Height 46 1/2 inches Product Width 29 7/8 inches Product Depth 28 7/8 inches Depth Without Handle 26 1/2 inches Depth With Handle 28 7/8 inches Range Type Freestanding
Samsung - Bespoke 6.3 Cu. Ft. Slide-In Electric Range with Precision Knobs,799.99,bestbuy.com,https://www.bestbuy.com/site/searchpage.jsp?_dyncharset=UTF-8&browsedCategory=pcmcat1710865851607&cp=2&id=pcat17071&iht=n&ks=960&list=y&sc=Global&st=categoryid%24pcmcat1710865851607&type=page&usc=All%20Categories,2025-01-18 22:31:01,ranges,,https://www.bestbuy.com/site/samsung-bespoke-6-3-cu-ft-slide-in-electric-range-with-precision-knobs-stainless-steel/6568978.p?skuId=6568978,Specifications Product Height 36 3/4 inches Product Width 29 15/16 inches Product Depth 27 7/8 inches Depth Without Handle 26 7/16 inches Depth With Handle 27 7/8 inches Range Type Slide-In,samsung - bespoke 6.3 cu. ft. slide-in electric range with precision knobs,specifications product height 36 3/4 inches product width 29 15/16 inches product depth 27 7/8 inches depth without handle 26 7/16 inches depth with handle 27 7/8 inches range type slide-in,Samsung - Bespoke 6.3 Cu. Ft. Slide-In Electric Range with Precision Knobs Specifications Product Height 36 3/4 inches Product Width 29 15/16 inches Product Depth 27 7/8 inches Depth Without Handle 26 7/16 inches Depth With Handle 27 7/8 inches Range Type Slide-In
Samsung - 6.0 cu. ft. Smart Freestanding Gas Range with Flex Duo & Air Fry Steel,1099.99,bestbuy.com,https://www.bestbuy.com/site/searchpage.jsp?_dyncharset=UTF-8&browsedCategory=pcmcat1710865851607&cp=2&id=pcat17071&iht=n&ks=960&list=y&sc=Global&st=categoryid%24pcmcat1710865851607&type=page&usc=All%20Categories,2025-01-18 22:31:01,ranges,,https://www.bestbuy.com/site/samsung-6-0-cu-ft-smart-freestanding-gas-range-with-flex-duo-air-fry-black-stainless-steel/6468305.p?skuId=6468305,Specifications Product Height 47 1/16 inches Product Width 29 15/16 inches Product Depth 28 11/16 inches Depth Without Handle 26 7/16 inches Depth With Handle 28 11/16 inches Range Type Freestanding,samsung - 6.0 cu. ft. smart freestanding gas range with flex duo & air fry steel,specifications product height 47 1/16 inches product width 29 15/16 inches product depth 28 11/16 inches depth without handle 26 7/16 inches depth with handle 28 11/16 inches range type freestanding,Samsung - 6.0 cu. ft. Smart Freestanding Gas Range with Flex Duo & Air Fry Steel Specifications Product Height 47 1/16 inches Product Width 29 15/16 inches Product Depth 28 11/16 inches Depth Without Handle 26 7/16 inches Depth With Handle 28 11/16 inches Range Type Freestanding
LG - 7.3 Cu. Ft. Freestanding Double Oven Electric True Convection Range with EasyClean and Air Fry,1299.99,bestbuy.com,https://www.bestbuy.com/site/searchpage.jsp?_dyncharset=UTF-8&browsedCategory=pcmcat1710865851607&cp=2&id=pcat17071&iht=n&ks=960&list=y&sc=Global&st=categoryid%24pcmcat1710865851607&type=page&usc=All%20Categories,2025-01-18 22:31:01,ranges,,https://www.bestbuy.com/site/lg-7-3-cu-ft-freestanding-double-oven-electric-true-convection-range-with-easyclean-and-air-fry-stainless-steel/6574918.p?skuId=6574918,Specifications Product Height 46 15/32 inches Product Width 29 15/16 inches Product Depth 29 1/4 inches Depth Without Handle 26 27/32 inches Depth With Handle 29 1/4 inches Range Type Freestanding,lg - 7.3 cu. ft. freestanding double oven electric true convection range with easyclean and air fry,specifications product height 46 15/32 inches product width 29 15/16 inches product depth 29 1/4 inches depth without handle 26 27/32 inches depth with handle 29 1/4 inches range type freestanding,LG - 7.3 Cu. Ft. Freestanding Double Oven Electric True Convection Range with EasyClean and Air Fry Specifications Product Height 46 15/32 inches Product Width 29 15/16 inches Product Depth 29 1/4 inches Depth Without Handle 26 27/32 inches Depth With Handle 29 1/4 inches Range Type Freestanding
Whirlpool - 5.1 Cu. Ft. Freestanding Gas Range with Broiler Drawer,629.99,bestbuy.com,https://www.bestbuy.com/site/searchpage.jsp?_dyncharset=UTF-8&browsedCategory=pcmcat1710865851607&cp=2&id=pcat17071&iht=n&ks=960&list=y&sc=Global&st=categoryid%24pcmcat1710865851607&type=page&usc=All%20Categories,2025-01-18 22:31:01,ranges,,https://www.bestbuy.com/site/whirlpool-5-1-cu-ft-freestanding-gas-range-with-broiler-drawer-white/6514409.p?skuId=6514409,Specifications Product Height 46 1/4 inches Product Width 29 7/8 inches Product Depth 27 inches Depth Without Handle 22.9 inches Depth With Handle 25.16 inches Range Type Freestanding,whirlpool - 5.1 cu. ft. freestanding gas range with broiler drawer,specifications product height 46 1/4 inches product width 29 7/8 inches product depth 27 inches depth without handle 22.9 inches depth with handle 25.16 inches range type freestanding,Whirlpool - 5.1 Cu. Ft. Freestanding Gas Range with Broiler Drawer Specifications Product Height 46 1/4 inches Product Width 29 7/8 inches Product Depth 27 inches Depth Without Handle 22.9 inches Depth With Handle 25.16 inches Range Type Freestanding
Frigidaire 5.1 Cu. Freestanding Gas Range with Air Fry,779.99,bestbuy.com,https://www.bestbuy.com/site/searchpage.jsp?_dyncharset=UTF-8&browsedCategory=pcmcat1710865851607&cp=2&id=pcat17071&iht=n&ks=960&list=y&sc=Global&st=categoryid%24pcmcat1710865851607&type=page&usc=All%20Categories,2025-01-18 22:31:01,ranges,,https://www.bestbuy.com/site/frigidaire-5-1-cu-freestanding-gas-range-with-air-fry-stainless-steel/6576791.p?skuId=6576791,Specifications Product Height 47 3/4 inches Product Width 30 inches Product Depth 26 inches Depth With Handle 28 1/2 inches Range Type Freestanding Oven Cleaning Method Self-cleaning high heat,frigidaire 5.1 cu. freestanding gas range with air fry,specifications product height 47 3/4 inches product width 30 inches product depth 26 inches depth with handle 28 1/2 inches range type freestanding oven cleaning method self-cleaning high heat,Frigidaire 5.1 Cu. Freestanding Gas Range with Air Fry Specifications Product Height 47 3/4 inches Product Width 30 inches Product Depth 26 inches Depth With Handle 28 1/2 inches Range Type Freestanding Oven Cleaning Method Self-cleaning high heat
Samsung - Bespoke 6.3 Cu. Ft. Slide-In Electric Induction Range with Anti-Scratch Glass Cooktop,999.99,bestbuy.com,https://www.bestbuy.com/site/searchpage.jsp?_dyncharset=UTF-8&browsedCategory=pcmcat1710865851607&cp=3&id=pcat17071&iht=n&ks=960&list=y&sc=Global&st=categoryid%24pcmcat1710865851607&type=page&usc=All%20Categories,2025-01-18 22:31:01,ranges,,https://www.bestbuy.com/site/samsung-bespoke-6-3-cu-ft-slide-in-electric-induction-range-with-anti-scratch-glass-cooktop-stainless-steel/6569010.p?skuId=6569010,Specifications Product Height 36 3/4 inches Product Width 29 15/16 inches Product Depth 27 7/8 inches Depth Without Handle 26 7/16 inches Depth With Handle 27 7/8 inches Range Type Slide-In,samsung - bespoke 6.3 cu. ft. slide-in electric induction range with anti-scratch glass cooktop,specifications product height 36 3/4 inches product width 29 15/16 inches product depth 27 7/8 inches depth without handle 26 7/16 inches depth with handle 27 7/8 inches range type slide-in,Samsung - Bespoke 6.3 Cu. Ft. Slide-In Electric Induction Range with Anti-Scratch Glass Cooktop Specifications Product Height 36 3/4 inches Product Width 29 15/16 inches Product Depth 27 7/8 inches Depth Without Handle 26 7/16 inches Depth With Handle 27 7/8 inches Range Type Slide-In
GE Profile - 5.6 Cu. Ft. Slide-In Gas True Convection Range with Built-In Wi-Fi and Hot Air Frying,1799.99,bestbuy.com,https://www.bestbuy.com/site/searchpage.jsp?_dyncharset=UTF-8&browsedCategory=pcmcat1710865851607&cp=3&id=pcat17071&iht=n&ks=960&list=y&sc=Global&st=categoryid%24pcmcat1710865851607&type=page&usc=All%20Categories,2025-01-18 22:31:01,ranges,,https://www.bestbuy.com/site/ge-profile-5-6-cu-ft-slide-in-gas-true-convection-range-with-built-in-wi-fi-and-hot-air-frying-stainless-steel/6488932.p?skuId=6488932,Specifications Product Height 36 1/2 inches Product Width 30 inches Product Depth 29 1/2 inches Depth Without Handle 26 7/8 inches Depth With Handle 29 1/2 inches Range Type Slide-In,ge profile - 5.6 cu. ft. slide-in gas true convection range with built-in wi-fi and hot air frying,specifications product height 36 1/2 inches product width 30 inches product depth 29 1/2 inches depth without handle 26 7/8 inches depth with handle 29 1/2 inches range type slide-in,GE Profile - 5.6 Cu. Ft. Slide-In Gas True Convection Range with Built-In Wi-Fi and Hot Air Frying Specifications Product Height 36 1/2 inches Product Width 30 inches Product Depth 29 1/2 inches Depth Without Handle 26 7/8 inches Depth With Handle 29 1/2 inches Range Type Slide-In
Whirlpool - 5.3 Cu. Ft. Freestanding Single Electric Range with Steam Air Fry and Air Baking,749.99,bestbuy.com,https://www.bestbuy.com/site/searchpage.jsp?_dyncharset=UTF-8&browsedCategory=pcmcat1710865851607&cp=3&id=pcat17071&iht=n&ks=960&list=y&sc=Global&st=categoryid%24pcmcat1710865851607&type=page&usc=All%20Categories,2025-01-18 22:31:01,ranges,,https://www.bestbuy.com/site/whirlpool-5-3-cu-ft-freestanding-single-electric-range-with-steam-air-fry-and-air-baking-stainless-steel/6593093.p?skuId=6593093,Specifications Product Height 47 7/8 inches Product Width 29.875 inches Product Depth 27.75 inches Range Type Freestanding Single/Double Oven Single Oven Cooktop Surface Type Smoothtop,whirlpool - 5.3 cu. ft. freestanding single electric range with steam air fry and air baking,specifications product height 47 7/8 inches product width 29.875 inches product depth 27.75 inches range type freestanding single/double oven single oven cooktop surface type smoothtop,Whirlpool - 5.3 Cu. Ft. Freestanding Single Electric Range with Steam Air Fry and Air Baking Specifications Product Height 47 7/8 inches Product Width 29.875 inches Product Depth 27.75 inches Range Type Freestanding Single/Double Oven Single Oven Cooktop Surface Type Smoothtop
GE - 5.3 Cu. Ft. Freestanding Gas Convection Range with Steam Cleaning and EasyWash Oven Tray,779.99,bestbuy.com,https://www.bestbuy.com/site/searchpage.jsp?_dyncharset=UTF-8&browsedCategory=pcmcat1710865851607&cp=3&id=pcat17071&iht=n&ks=960&list=y&sc=Global&st=categoryid%24pcmcat1710865851607&type=page&usc=All%20Categories,2025-01-18 22:31:01,ranges,,https://www.bestbuy.com/site/ge-5-3-cu-ft-freestanding-gas-convection-range-with-steam-cleaning-and-easywash-oven-tray-stainless-steel/6575026.p?skuId=6575026,Specifications Product Height 47 1/4 inches Product Width 30 inches Product Depth 27 7/8 inches Depth Without Handle 25 1/2 inches Interior Oven Depth 19 inches Interior Oven Height 19 inches,ge - 5.3 cu. ft. freestanding gas convection range with steam cleaning and easywash oven tray,specifications product height 47 1/4 inches product width 30 inches product depth 27 7/8 inches depth without handle 25 1/2 inches interior oven depth 19 inches interior oven height 19 inches,GE - 5.3 Cu. Ft. Freestanding Gas Convection Range with Steam Cleaning and EasyWash Oven Tray Specifications Product Height 47 1/4 inches Product Width 30 inches Product Depth 27 7/8 inches Depth Without Handle 25 1/2 inches Interior Oven Depth 19 inches Interior Oven Height 19 inches
"Samsung - 6.3 cu. ft. Smart Freestanding Electric Range with Flex Duo, No-Preheat Air Fry & Griddle Steel",1484.99,bestbuy.com,https://www.bestbuy.com/site/searchpage.jsp?_dyncharset=UTF-8&browsedCategory=pcmcat1710865851607&cp=3&id=pcat17071&iht=n&ks=960&list=y&sc=Global&st=categoryid%24pcmcat1710865851607&type=page&usc=All%20Categories,2025-01-18 22:31:01,ranges,,https://www.bestbuy.com/site/samsung-6-3-cu-ft-smart-freestanding-electric-range-with-flex-duo-no-preheat-air-fry-griddle-black-stainless-steel/6468309.p?skuId=6468309,Specifications Product Height 47 1/16 inches Product Width 29 15/16 inches Product Depth 28 11/16 inches Range Type Freestanding Oven Cleaning Method Steam cleaning Single/Double Oven Single Oven,"samsung - 6.3 cu. ft. smart freestanding electric range with flex duo, no-preheat air fry & griddle steel",specifications product height 47 1/16 inches product width 29 15/16 inches product depth 28 11/16 inches range type freestanding oven cleaning method steam cleaning single/double oven single oven,"Samsung - 6.3 cu. ft. Smart Freestanding Electric Range with Flex Duo, No-Preheat Air Fry & Griddle Steel Specifications Product Height 47 1/16 inches Product Width 29 15/16 inches Product Depth 28 11/16 inches Range Type Freestanding Oven Cleaning Method Steam cleaning Single/Double Oven Single Oven"
Frigidaire 5.1 Cu. Ft. Freestanding Gas Range with Quick Boil,649.99,bestbuy.com,https://www.bestbuy.com/site/searchpage.jsp?_dyncharset=UTF-8&browsedCategory=pcmcat1710865851607&cp=3&id=pcat17071&iht=n&ks=960&list=y&sc=Global&st=categoryid%24pcmcat1710865851607&type=page&usc=All%20Categories,2025-01-18 22:31:01,ranges,,https://www.bestbuy.com/site/frigidaire-5-1-cu-ft-freestanding-gas-range-with-quick-boil-stainless-steel/6574948.p?skuId=6574948,Specifications Product Height 47 3/4 inches Product Width 30 inches Product Depth 26 inches Depth Without Handle 26 inches Depth With Handle 28 1/2 inches Range Type Freestanding,frigidaire 5.1 cu. ft. freestanding gas range with quick boil,specifications product height 47 3/4 inches product width 30 inches product depth 26 inches depth without handle 26 inches depth with handle 28 1/2 inches range type freestanding,Frigidaire 5.1 Cu. Ft. Freestanding Gas Range with Quick Boil Specifications Product Height 47 3/4 inches Product Width 30 inches Product Depth 26 inches Depth Without Handle 26 inches Depth With Handle 28 1/2 inches Range Type Freestanding
"Samsung - 6.3 cu. ft. Freestanding Electric Range with Rapid Boil, WiFi & Self Clean",649.99,bestbuy.com,https://www.bestbuy.com/site/searchpage.jsp?_dyncharset=UTF-8&browsedCategory=pcmcat1710865851607&cp=3&id=pcat17071&iht=n&ks=960&list=y&sc=Global&st=categoryid%24pcmcat1710865851607&type=page&usc=All%20Categories,2025-01-18 22:31:01,ranges,,https://www.bestbuy.com/site/samsung-6-3-cu-ft-freestanding-electric-range-with-rapid-boil-wifi-self-clean-stainless-steel/6447911.p?skuId=6447911,Specifications Product Height 47 1/16 inches Product Width 29 15/16 inches Product Depth 28 11/16 inches Depth Without Handle 24 inches Depth With Handle 28 11/16 inches Range Type Freestanding,"samsung - 6.3 cu. ft. freestanding electric range with rapid boil, wifi & self clean",specifications product height 47 1/16 inches product width 29 15/16 inches product depth 28 11/16 inches depth without handle 24 inches depth with handle 28 11/16 inches range type freestanding,"Samsung - 6.3 cu. ft. Freestanding Electric Range with Rapid Boil, WiFi & Self Clean Specifications Product Height 47 1/16 inches Product Width 29 15/16 inches Product Depth 28 11/16 inches Depth Without Handle 24 inches Depth With Handle 28 11/16 inches Range Type Freestanding"
KitchenAid - 6.7 Cu. Ft. Self-Cleaning Freestanding Double Oven Electric Convection Range,1699.99,bestbuy.com,https://www.bestbuy.com/site/searchpage.jsp?_dyncharset=UTF-8&browsedCategory=pcmcat1710865851607&cp=3&id=pcat17071&iht=n&ks=960&list=y&sc=Global&st=categoryid%24pcmcat1710865851607&type=page&usc=All%20Categories,2025-01-18 22:31:01,ranges,,https://www.bestbuy.com/site/kitchenaid-6-7-cu-ft-self-cleaning-freestanding-double-oven-electric-convection-range-stainless-steel/6163168.p?skuId=6163168,Specifications Product Height 47 3/8 inches Product Width 29 15/16 inches Product Depth 28 1/2 inches Depth Without Handle 25 5/16 inches Depth With Handle 28 1/2 inches Range Type Freestanding,kitchenaid - 6.7 cu. ft. self-cleaning freestanding double oven electric convection range,specifications product height 47 3/8 inches product width 29 15/16 inches product depth 28 1/2 inches depth without handle 25 5/16 inches depth with handle 28 1/2 inches range type freestanding,KitchenAid - 6.7 Cu. Ft. Self-Cleaning Freestanding Double Oven Electric Convection Range Specifications Product Height 47 3/8 inches Product Width 29 15/16 inches Product Depth 28 1/2 inches Depth Without Handle 25 5/16 inches Depth With Handle 28 1/2 inches Range Type Freestanding
GE - 4.8 Cu. Ft. Freestanding Gas Range,529.99,bestbuy.com,https://www.bestbuy.com/site/searchpage.jsp?_dyncharset=UTF-8&browsedCategory=pcmcat1710865851607&cp=3&id=pcat17071&iht=n&ks=960&list=y&sc=Global&st=categoryid%24pcmcat1710865851607&type=page&usc=All%20Categories,2025-01-18 22:31:01,ranges,,https://www.bestbuy.com/site/ge-4-8-cu-ft-freestanding-gas-range-white/6488859.p?skuId=6488859,Specifications Product Height 46 1/4 inches Product Width 30 inches Product Depth 28 3/4 inches Depth Without Handle 26 1/4 inches Depth With Handle 28 3/4 inches Range Type Freestanding,ge - 4.8 cu. ft. freestanding gas range,specifications product height 46 1/4 inches product width 30 inches product depth 28 3/4 inches depth without handle 26 1/4 inches depth with handle 28 3/4 inches range type freestanding,GE - 4.8 Cu. Ft. Freestanding Gas Range Specifications Product Height 46 1/4 inches Product Width 30 inches Product Depth 28 3/4 inches Depth Without Handle 26 1/4 inches Depth With Handle 28 3/4 inches Range Type Freestanding
LG - 6.3 Cu. Ft. Smart Slide-In Electric True Convection Range with EasyClean and Air Fry,1399.99,bestbuy.com,https://www.bestbuy.com/site/searchpage.jsp?_dyncharset=UTF-8&browsedCategory=pcmcat1710865851607&cp=3&id=pcat17071&iht=n&ks=960&list=y&sc=Global&st=categoryid%24pcmcat1710865851607&type=page&usc=All%20Categories,2025-01-18 22:31:01,ranges,,https://www.bestbuy.com/site/lg-6-3-cu-ft-smart-slide-in-electric-true-convection-range-with-easyclean-and-air-fry-stainless-steel/6574611.p?skuId=6574611,Specifications Product Height 36 1/2 inches Product Width 29 7/8 inches Product Depth 29 5/16 inches Depth Without Handle 26 7/8 inches Depth With Handle 29 5/16 inches Range Type Slide-In,lg - 6.3 cu. ft. smart slide-in electric true convection range with easyclean and air fry,specifications product height 36 1/2 inches product width 29 7/8 inches product depth 29 5/16 inches depth without handle 26 7/8 inches depth with handle 29 5/16 inches range type slide-in,LG - 6.3 Cu. Ft. Smart Slide-In Electric True Convection Range with EasyClean and Air Fry Specifications Product Height 36 1/2 inches Product Width 29 7/8 inches Product Depth 29 5/16 inches Depth Without Handle 26 7/8 inches Depth With Handle 29 5/16 inches Range Type Slide-In
GE - 30 inches - Convertible - Wall Range Hood,519.99,bestbuy.com,https://www.bestbuy.com/site/range-hoods/wall-mount-range-hoods/pcmcat207200050007.c?id=pcmcat207200050007&intl=nosplash,2025-01-18 22:31:01,range-hoods,,https://www.bestbuy.com/site/ge-30-inches-convertible-wall-range-hood-stainless-steel/8153219.p?skuId=8153219,"Specifications Product Height 9 7/8 inches Product Width 30 inches Product Depth 18 1/2 inches Exhaust Vent Location Other Vent Type Ducted, Ductless Vent Style Convertible",ge - 30 inches - convertible - wall range hood,"specifications product height 9 7/8 inches product width 30 inches product depth 18 1/2 inches exhaust vent location other vent type ducted, ductless vent style convertible","GE - 30 inches - Convertible - Wall Range Hood Specifications Product Height 9 7/8 inches Product Width 30 inches Product Depth 18 1/2 inches Exhaust Vent Location Other Vent Type Ducted, Ductless Vent Style Convertible"
Samsung - 30 inches - Externally Vented & Recirculating - Wall Range Hood Steel,399.99,bestbuy.com,https://www.bestbuy.com/site/range-hoods/wall-mount-range-hoods/pcmcat207200050007.c?id=pcmcat207200050007&intl=nosplash,2025-01-18 22:31:01,range-hoods,,https://www.bestbuy.com/site/samsung-30-inches-externally-vented-recirculating-wall-range-hood-black-stainless-steel/6372680.p?skuId=6372680,"Specifications Product Height 28 2/5 inches Product Width 30 inches Product Depth 19 7/10 inches Exhaust Vent Location Top Vent Type Ducted, Ductless Vent Style External, Recirculating",samsung - 30 inches - externally vented & recirculating - wall range hood steel,"specifications product height 28 2/5 inches product width 30 inches product depth 19 7/10 inches exhaust vent location top vent type ducted, ductless vent style external, recirculating","Samsung - 30 inches - Externally Vented & Recirculating - Wall Range Hood Steel Specifications Product Height 28 2/5 inches Product Width 30 inches Product Depth 19 7/10 inches Exhaust Vent Location Top Vent Type Ducted, Ductless Vent Style External, Recirculating"
Broan Glacier - 30 inches - Externally Vented & Recirculating - Under cabinet Range Hood,249.99,bestbuy.com,https://www.bestbuy.com/site/range-hoods/wall-mount-range-hoods/pcmcat207200050007.c?id=pcmcat207200050007&intl=nosplash,2025-01-18 22:31:01,range-hoods,,https://www.bestbuy.com/site/broan-glacier-30-inches-externally-vented-recirculating-under-cabinet-range-hood-stainless-steel/6361520.p?skuId=6361520,"Specifications Product Height 6 inches Product Width 29 7/8 inches Product Depth 19 5/8 inches Exhaust Vent Location Top/Rear Vent Type Ducted, Ductless Vent Style External, Recirculating",broan glacier - 30 inches - externally vented & recirculating - under cabinet range hood,"specifications product height 6 inches product width 29 7/8 inches product depth 19 5/8 inches exhaust vent location top/rear vent type ducted, ductless vent style external, recirculating","Broan Glacier - 30 inches - Externally Vented & Recirculating - Under cabinet Range Hood Specifications Product Height 6 inches Product Width 29 7/8 inches Product Depth 19 5/8 inches Exhaust Vent Location Top/Rear Vent Type Ducted, Ductless Vent Style External, Recirculating"
Café - 30 inches - Convertible - Wall Range Hood,1349.99,bestbuy.com,https://www.bestbuy.com/site/range-hoods/wall-mount-range-hoods/pcmcat207200050007.c?id=pcmcat207200050007&intl=nosplash,2025-01-18 22:31:01,range-hoods,,https://www.bestbuy.com/site/cafe-30-inches-convertible-wall-range-hood-matte-black/6459050.p?skuId=6459050,"Specifications Product Height 18 inches Product Width 30 inches Product Depth 21 inches Vent Type Ducted, Ductless Vent Style Convertible Works With Amazon Alexa, Google Assistant",café - 30 inches - convertible - wall range hood,"specifications product height 18 inches product width 30 inches product depth 21 inches vent type ducted, ductless vent style convertible works with amazon alexa, google assistant","Café - 30 inches - Convertible - Wall Range Hood Specifications Product Height 18 inches Product Width 30 inches Product Depth 21 inches Vent Type Ducted, Ductless Vent Style Convertible Works With Amazon Alexa, Google Assistant"
Thermador Professional - 36 inches - Externally Vented - Wall Range Hood,3099.0,bestbuy.com,https://www.bestbuy.com/site/range-hoods/wall-mount-range-hoods/pcmcat207200050007.c?id=pcmcat207200050007&intl=nosplash,2025-01-18 22:31:01,range-hoods,,https://www.bestbuy.com/site/thermador-professional-36-inches-externally-vented-wall-range-hood-stainless-steel/6292482.p?skuId=6292482,Specifications Product Height 18 inches Product Width 35 15/16 inches Product Depth 24 inches Exhaust Vent Location Top Vent Type Ducted Vent Style External,thermador professional - 36 inches - externally vented - wall range hood,specifications product height 18 inches product width 35 15/16 inches product depth 24 inches exhaust vent location top vent type ducted vent style external,Thermador Professional - 36 inches - Externally Vented - Wall Range Hood Specifications Product Height 18 inches Product Width 35 15/16 inches Product Depth 24 inches Exhaust Vent Location Top Vent Type Ducted Vent Style External
JennAir Pro-Style - 36 inches - Externally Vented - Wall Range Hood - Lustre Stainless,2449.0,bestbuy.com,https://www.bestbuy.com/site/range-hoods/wall-mount-range-hoods/pcmcat207200050007.c?id=pcmcat207200050007&intl=nosplash,2025-01-18 22:31:01,range-hoods,,https://www.bestbuy.com/site/jennair-pro-style-36-inches-externally-vented-wall-range-hood-lustre-stainless/6322467.p?skuId=6322467,Specifications Product Height 18 inches Product Width 36 inches Product Depth 25 inches Exhaust Vent Location Top Vent Type Ducted Vent Style External,jennair pro-style - 36 inches - externally vented - wall range hood - lustre stainless,specifications product height 18 inches product width 36 inches product depth 25 inches exhaust vent location top vent type ducted vent style external,JennAir Pro-Style - 36 inches - Externally Vented - Wall Range Hood - Lustre Stainless Specifications Product Height 18 inches Product Width 36 inches Product Depth 25 inches Exhaust Vent Location Top Vent Type Ducted Vent Style External
ZLINE - 42 inches - Externally Vented - Wall Range Hood,1079.99,bestbuy.com,https://www.bestbuy.com/site/range-hoods/wall-mount-range-hoods/pcmcat207200050007.c?id=pcmcat207200050007&intl=nosplash,2025-01-18 22:31:01,range-hoods,,https://www.bestbuy.com/site/zline-42-inches-externally-vented-wall-range-hood-stainless-steel/6409805.p?skuId=6409805,Specifications Product Height 16 2/5 inches Product Width 42 inches Product Depth 24 inches Vent Type Ducted Vent Style External Color Finish Stainless steel,zline - 42 inches - externally vented - wall range hood,specifications product height 16 2/5 inches product width 42 inches product depth 24 inches vent type ducted vent style external color finish stainless steel,ZLINE - 42 inches - Externally Vented - Wall Range Hood Specifications Product Height 16 2/5 inches Product Width 42 inches Product Depth 24 inches Vent Type Ducted Vent Style External Color Finish Stainless steel
ZLINE - 30 inches - Externally Vented - Wall Range Hood,999.99,bestbuy.com,https://www.bestbuy.com/site/range-hoods/wall-mount-range-hoods/pcmcat207200050007.c?id=pcmcat207200050007&intl=nosplash,2025-01-18 22:31:01,range-hoods,,https://www.bestbuy.com/site/zline-30-inches-externally-vented-wall-range-hood-copper/6376096.p?skuId=6376096,Specifications Product Height 10 1/2 inches Product Width 30 inches Product Depth 19 3/5 inches Vent Type Ducted Vent Style External Color Finish Brown,zline - 30 inches - externally vented - wall range hood,specifications product height 10 1/2 inches product width 30 inches product depth 19 3/5 inches vent type ducted vent style external color finish brown,ZLINE - 30 inches - Externally Vented - Wall Range Hood Specifications Product Height 10 1/2 inches Product Width 30 inches Product Depth 19 3/5 inches Vent Type Ducted Vent Style External Color Finish Brown
Zephyr - 36 inches - Convertible - Wall Range Hood,849.99,bestbuy.com,https://www.bestbuy.com/site/range-hoods/wall-mount-range-hoods/pcmcat207200050007.c?id=pcmcat207200050007&intl=nosplash,2025-01-18 22:31:01,range-hoods,,https://www.bestbuy.com/site/zephyr-36-inches-convertible-wall-range-hood-stainless-steel/6455844.p?skuId=6455844,Specifications Product Height 30 inches Product Width 35 7/8 inches Product Depth 19 3/4 inches Exhaust Vent Location Top Vent Type Convertible Vent Style Convertible,zephyr - 36 inches - convertible - wall range hood,specifications product height 30 inches product width 35 7/8 inches product depth 19 3/4 inches exhaust vent location top vent type convertible vent style convertible,Zephyr - 36 inches - Convertible - Wall Range Hood Specifications Product Height 30 inches Product Width 35 7/8 inches Product Depth 19 3/4 inches Exhaust Vent Location Top Vent Type Convertible Vent Style Convertible
ZLINE - 36 inches - Externally Vented & Convertible - Wall Range Hood - Brushed ,449.99,bestbuy.com,https://www.bestbuy.com/site/range-hoods/wall-mount-range-hoods/pcmcat207200050007.c?id=pcmcat207200050007&intl=nosplash,2025-01-18 22:31:01,range-hoods,,https://www.bestbuy.com/site/zline-36-inches-externally-vented-convertible-wall-range-hood-brushed-stainless-steel/6373317.p?skuId=6373317,"Specifications Product Height 10 1/2 inches Product Width 36 inches Product Depth 19 7/10 inches Vent Type Ducted, Ductless Vent Style External, Convertible Color Finish Stainless steel",zline - 36 inches - externally vented & convertible - wall range hood - brushed ,"specifications product height 10 1/2 inches product width 36 inches product depth 19 7/10 inches vent type ducted, ductless vent style external, convertible color finish stainless steel","ZLINE - 36 inches - Externally Vented & Convertible - Wall Range Hood - Brushed  Specifications Product Height 10 1/2 inches Product Width 36 inches Product Depth 19 7/10 inches Vent Type Ducted, Ductless Vent Style External, Convertible Color Finish Stainless steel"
GE Profile - 36 inches - Convertible - Island Range Hood,1331.99,bestbuy.com,https://www.bestbuy.com/site/range-hoods/wall-mount-range-hoods/pcmcat207200050007.c?id=pcmcat207200050007&intl=nosplash,2025-01-18 22:31:01,range-hoods,,https://www.bestbuy.com/site/ge-profile-36-inches-convertible-island-range-hood-stainless-steel/6540385.p?skuId=6540385,Specifications Product Height 3 1/8 inches Product Width 35 7/8 inches Product Depth 27 5/8 inches Vent Type Ducted Vent Style Convertible Color Finish Stainless steel,ge profile - 36 inches - convertible - island range hood,specifications product height 3 1/8 inches product width 35 7/8 inches product depth 27 5/8 inches vent type ducted vent style convertible color finish stainless steel,GE Profile - 36 inches - Convertible - Island Range Hood Specifications Product Height 3 1/8 inches Product Width 35 7/8 inches Product Depth 27 5/8 inches Vent Type Ducted Vent Style Convertible Color Finish Stainless steel
Samsung BESPOKE - 29 inches - Convertible - Wall Range Hood,649.99,bestbuy.com,https://www.bestbuy.com/site/searchpage.jsp?_dyncharset=UTF-8&browsedCategory=pcmcat207200050007&cp=2&id=pcat17071&iht=n&ks=960&list=y&sc=Global&st=categoryid%24pcmcat207200050007&type=page&usc=All%20Categories,2025-01-18 22:31:01,range-hoods,Save $295,https://www.bestbuy.com/site/samsung-bespoke-29-inches-convertible-wall-range-hood-gray/6529982.p?skuId=6529982,"Specifications Product Height 25 7/16 inches Product Width 29 7/16 inches Product Depth 19 11/16 inches Exhaust Vent Location Top Vent Type Ducted, Ductless Vent Style Convertible",samsung bespoke - 29 inches - convertible - wall range hood,"specifications product height 25 7/16 inches product width 29 7/16 inches product depth 19 11/16 inches exhaust vent location top vent type ducted, ductless vent style convertible","Samsung BESPOKE - 29 inches - Convertible - Wall Range Hood Specifications Product Height 25 7/16 inches Product Width 29 7/16 inches Product Depth 19 11/16 inches Exhaust Vent Location Top Vent Type Ducted, Ductless Vent Style Convertible"
Windster Hoods - 30 inches - Convertible - Wall Range Hood,738.99,bestbuy.com,https://www.bestbuy.com/site/searchpage.jsp?_dyncharset=UTF-8&browsedCategory=pcmcat207200050007&cp=2&id=pcat17071&iht=n&ks=960&list=y&sc=Global&st=categoryid%24pcmcat207200050007&type=page&usc=All%20Categories,2025-01-18 22:31:01,range-hoods,,https://www.bestbuy.com/site/windster-hoods-30-inches-convertible-wall-range-hood-stainless-steel/8935489.p?skuId=8935489,"Specifications Product Height 12 1/4 inches Product Width 29 3/4 inches Product Depth 24 inches Exhaust Vent Location Top Vent Type Ducted, Ductless Vent Style Convertible",windster hoods - 30 inches - convertible - wall range hood,"specifications product height 12 1/4 inches product width 29 3/4 inches product depth 24 inches exhaust vent location top vent type ducted, ductless vent style convertible","Windster Hoods - 30 inches - Convertible - Wall Range Hood Specifications Product Height 12 1/4 inches Product Width 29 3/4 inches Product Depth 24 inches Exhaust Vent Location Top Vent Type Ducted, Ductless Vent Style Convertible"
Café - 36 inches - Externally Vented & Recirculating - Wall Range Hood,854.99,bestbuy.com,https://www.bestbuy.com/site/searchpage.jsp?_dyncharset=UTF-8&browsedCategory=pcmcat207200050007&cp=2&id=pcat17071&iht=n&ks=960&list=y&sc=Global&st=categoryid%24pcmcat207200050007&type=page&usc=All%20Categories,2025-01-18 22:31:01,range-hoods,,https://www.bestbuy.com/site/cafe-36-inches-externally-vented-recirculating-wall-range-hood-stainless-steel/6283660.p?skuId=6283660,"Specifications Product Height 1 2/3 inches Product Width 36 inches Product Depth 18 1/2 inches Exhaust Vent Location Top Vent Type Ducted, Ductless Vent Style External, Recirculating",café - 36 inches - externally vented & recirculating - wall range hood,"specifications product height 1 2/3 inches product width 36 inches product depth 18 1/2 inches exhaust vent location top vent type ducted, ductless vent style external, recirculating","Café - 36 inches - Externally Vented & Recirculating - Wall Range Hood Specifications Product Height 1 2/3 inches Product Width 36 inches Product Depth 18 1/2 inches Exhaust Vent Location Top Vent Type Ducted, Ductless Vent Style External, Recirculating"
Fisher & Paykel - 30 inches - Convertible - Wall Range Hood - Brushed /,799.99,bestbuy.com,https://www.bestbuy.com/site/searchpage.jsp?_dyncharset=UTF-8&browsedCategory=pcmcat207200050007&cp=2&id=pcat17071&iht=n&ks=960&list=y&sc=Global&st=categoryid%24pcmcat207200050007&type=page&usc=All%20Categories,2025-01-18 22:31:01,range-hoods,,https://www.bestbuy.com/site/fisher-paykel-30-inches-convertible-wall-range-hood-brushed-stainless-steel-black-glass/6174557.p?skuId=6174557,"Specifications Product Height 41 1/16 inches Product Width 29 7/10 inches Product Depth 19 7/10 inches Exhaust Vent Location Top Vent Type Ducted, Ductless Vent Style Convertible",fisher & paykel - 30 inches - convertible - wall range hood - brushed /,"specifications product height 41 1/16 inches product width 29 7/10 inches product depth 19 7/10 inches exhaust vent location top vent type ducted, ductless vent style convertible","Fisher & Paykel - 30 inches - Convertible - Wall Range Hood - Brushed / Specifications Product Height 41 1/16 inches Product Width 29 7/10 inches Product Depth 19 7/10 inches Exhaust Vent Location Top Vent Type Ducted, Ductless Vent Style Convertible"
ZLINE - 30 inches - Externally Vented - Wall Range Hood - Brushed ,359.99,bestbuy.com,https://www.bestbuy.com/site/searchpage.jsp?_dyncharset=UTF-8&browsedCategory=pcmcat207200050007&cp=2&id=pcat17071&iht=n&ks=960&list=y&sc=Global&st=categoryid%24pcmcat207200050007&type=page&usc=All%20Categories,2025-01-18 22:31:01,range-hoods,,https://www.bestbuy.com/site/zline-30-inches-externally-vented-wall-range-hood-brushed-stainless-steel/6373336.p?skuId=6373336,Specifications Product Height 42 1/2 inches Product Width 30 inches Product Depth 17 3/4 inches Vent Type Ducted Vent Style External Color Finish Stainless steel,zline - 30 inches - externally vented - wall range hood - brushed ,specifications product height 42 1/2 inches product width 30 inches product depth 17 3/4 inches vent type ducted vent style external color finish stainless steel,ZLINE - 30 inches - Externally Vented - Wall Range Hood - Brushed  Specifications Product Height 42 1/2 inches Product Width 30 inches Product Depth 17 3/4 inches Vent Type Ducted Vent Style External Color Finish Stainless steel
Thermador Masterpiece - 36 inches - Externally Vented & Recirculating - Wall Range Hood,2149.0,bestbuy.com,https://www.bestbuy.com/site/searchpage.jsp?_dyncharset=UTF-8&browsedCategory=pcmcat207200050007&cp=2&id=pcat17071&iht=n&ks=960&list=y&sc=Global&st=categoryid%24pcmcat207200050007&type=page&usc=All%20Categories,2025-01-18 22:31:01,range-hoods,,https://www.bestbuy.com/site/thermador-masterpiece-36-inches-externally-vented-recirculating-wall-range-hood-stainless-steel/6292488.p?skuId=6292488,"Specifications Product Height 11 inches Product Width 35 15/16 inches Product Depth 23 1/8 inches Exhaust Vent Location Top Vent Type Ducted, Ductless Vent Style External, Recirculating",thermador masterpiece - 36 inches - externally vented & recirculating - wall range hood,"specifications product height 11 inches product width 35 15/16 inches product depth 23 1/8 inches exhaust vent location top vent type ducted, ductless vent style external, recirculating","Thermador Masterpiece - 36 inches - Externally Vented & Recirculating - Wall Range Hood Specifications Product Height 11 inches Product Width 35 15/16 inches Product Depth 23 1/8 inches Exhaust Vent Location Top Vent Type Ducted, Ductless Vent Style External, Recirculating"
Whirlpool - 36 inches - Convertible - Wall Range Hood,926.99,bestbuy.com,https://www.bestbuy.com/site/searchpage.jsp?_dyncharset=UTF-8&browsedCategory=pcmcat207200050007&cp=2&id=pcat17071&iht=n&ks=960&list=y&sc=Global&st=categoryid%24pcmcat207200050007&type=page&usc=All%20Categories,2025-01-18 22:31:01,range-hoods,,https://www.bestbuy.com/site/whirlpool-36-inches-convertible-wall-range-hood-stainless-steel/3513824.p?skuId=3513824,Specifications Product Height 28 7/8 inches Product Width 36 inches Product Depth 20 inches Exhaust Vent Location Top Vent Type Ducted Vent Style Convertible,whirlpool - 36 inches - convertible - wall range hood,specifications product height 28 7/8 inches product width 36 inches product depth 20 inches exhaust vent location top vent type ducted vent style convertible,Whirlpool - 36 inches - Convertible - Wall Range Hood Specifications Product Height 28 7/8 inches Product Width 36 inches Product Depth 20 inches Exhaust Vent Location Top Vent Type Ducted Vent Style Convertible
LG - 30 inches - Convertible - Wall Range Hood,899.99,bestbuy.com,https://www.bestbuy.com/site/searchpage.jsp?_dyncharset=UTF-8&browsedCategory=pcmcat207200050007&cp=2&id=pcat17071&iht=n&ks=960&list=y&sc=Global&st=categoryid%24pcmcat207200050007&type=page&usc=All%20Categories,2025-01-18 22:31:01,range-hoods,,https://www.bestbuy.com/site/lg-30-inches-convertible-wall-range-hood-stainless-steel/6393369.p?skuId=6393369,"Specifications Product Height 48 1/2 inches Product Width 29 15/16 inches Product Depth 22 1/16 inches Exhaust Vent Location Top Vent Type Ducted, Ductless Vent Style Convertible",lg - 30 inches - convertible - wall range hood,"specifications product height 48 1/2 inches product width 29 15/16 inches product depth 22 1/16 inches exhaust vent location top vent type ducted, ductless vent style convertible","LG - 30 inches - Convertible - Wall Range Hood Specifications Product Height 48 1/2 inches Product Width 29 15/16 inches Product Depth 22 1/16 inches Exhaust Vent Location Top Vent Type Ducted, Ductless Vent Style Convertible"
Viking 5 Series - 30 inches - Wall Range Hood,1529.0,bestbuy.com,https://www.bestbuy.com/site/searchpage.jsp?_dyncharset=UTF-8&browsedCategory=pcmcat207200050007&cp=2&id=pcat17071&iht=n&ks=960&list=y&sc=Global&st=categoryid%24pcmcat207200050007&type=page&usc=All%20Categories,2025-01-18 22:31:01,range-hoods,,https://www.bestbuy.com/site/viking-5-series-30-inches-wall-range-hood-stainless-steel/4331807.p?skuId=4331807,Specifications Product Height 10 inches Product Width 29 9/10 inches Product Depth 21 inches Vent Type Ducted Color Finish Stainless steel,viking 5 series - 30 inches - wall range hood,specifications product height 10 inches product width 29 9/10 inches product depth 21 inches vent type ducted color finish stainless steel,Viking 5 Series - 30 inches - Wall Range Hood Specifications Product Height 10 inches Product Width 29 9/10 inches Product Depth 21 inches Vent Type Ducted Color Finish Stainless steel
Frigidaire - 30 inches - Convertible - Under cabinet Range Hood,399.99,bestbuy.com,https://www.bestbuy.com/site/searchpage.jsp?_dyncharset=UTF-8&browsedCategory=pcmcat207200050007&cp=2&id=pcat17071&iht=n&ks=960&list=y&sc=Global&st=categoryid%24pcmcat207200050007&type=page&usc=All%20Categories,2025-01-18 22:31:01,range-hoods,,https://www.bestbuy.com/site/frigidaire-30-inches-convertible-under-cabinet-range-hood-stainless-steel/6583466.p?skuId=6583466,"Specifications Product Height 4 15/16 inches Product Width 30 inches Product Depth 19 3/4 inches Exhaust Vent Location Top Vent Type Ducted, Ductless Vent Style Convertible",frigidaire - 30 inches - convertible - under cabinet range hood,"specifications product height 4 15/16 inches product width 30 inches product depth 19 3/4 inches exhaust vent location top vent type ducted, ductless vent style convertible","Frigidaire - 30 inches - Convertible - Under cabinet Range Hood Specifications Product Height 4 15/16 inches Product Width 30 inches Product Depth 19 3/4 inches Exhaust Vent Location Top Vent Type Ducted, Ductless Vent Style Convertible"
Whirlpool - 30 inches - Externally Vented - Wall Range Hood,233.99,bestbuy.com,https://www.bestbuy.com/site/searchpage.jsp?_dyncharset=UTF-8&browsedCategory=pcmcat207200050007&cp=2&id=pcat17071&iht=n&ks=960&list=y&sc=Global&st=categoryid%24pcmcat207200050007&type=page&usc=All%20Categories,2025-01-18 22:31:01,range-hoods,,https://www.bestbuy.com/site/whirlpool-30-inches-externally-vented-wall-range-hood-stainless-steel/6399718.p?skuId=6399718,Specifications Product Height 4 15/16 inches Product Width 29 15/16 inches Product Depth 18 1/2 inches Exhaust Vent Location Top Vent Type Ducted Vent Style External,whirlpool - 30 inches - externally vented - wall range hood,specifications product height 4 15/16 inches product width 29 15/16 inches product depth 18 1/2 inches exhaust vent location top vent type ducted vent style external,Whirlpool - 30 inches - Externally Vented - Wall Range Hood Specifications Product Height 4 15/16 inches Product Width 29 15/16 inches Product Depth 18 1/2 inches Exhaust Vent Location Top Vent Type Ducted Vent Style External
Windster Hoods - 36 inches - Externally Vented - Range Hood Insert,471.99,bestbuy.com,https://www.bestbuy.com/site/searchpage.jsp?_dyncharset=UTF-8&browsedCategory=pcmcat207200050007&cp=2&id=pcat17071&iht=n&ks=960&list=y&sc=Global&st=categoryid%24pcmcat207200050007&type=page&usc=All%20Categories,2025-01-18 22:31:01,range-hoods,,https://www.bestbuy.com/site/windster-hoods-36-inches-externally-vented-range-hood-insert-stainless-steel/6530036.p?skuId=6530036,Specifications Product Height 10 3/8 inches Product Width 35.375 inches Product Depth 11.375 inches Exhaust Vent Location Top Vent Type Ducted Vent Style External,windster hoods - 36 inches - externally vented - range hood insert,specifications product height 10 3/8 inches product width 35.375 inches product depth 11.375 inches exhaust vent location top vent type ducted vent style external,Windster Hoods - 36 inches - Externally Vented - Range Hood Insert Specifications Product Height 10 3/8 inches Product Width 35.375 inches Product Depth 11.375 inches Exhaust Vent Location Top Vent Type Ducted Vent Style External
Zephyr - 36 inches - Convertible - Shell Range Hood - Satin ,1999.99,bestbuy.com,https://www.bestbuy.com/site/searchpage.jsp?_dyncharset=UTF-8&browsedCategory=pcmcat207200050007&cp=2&id=pcat17071&iht=n&ks=960&list=y&sc=Global&st=categoryid%24pcmcat207200050007&type=page&usc=All%20Categories,2025-01-18 22:31:01,range-hoods,,https://www.bestbuy.com/site/zephyr-36-inches-convertible-shell-range-hood-satin-gold/6482651.p?skuId=6482651,"Specifications Product Height 13 13/16 inches Product Width 35 5/16 inches Product Depth 19 11/16 inches Exhaust Vent Location Top/Rear Vent Type Ducted, Ductless Vent Style Convertible",zephyr - 36 inches - convertible - shell range hood - satin ,"specifications product height 13 13/16 inches product width 35 5/16 inches product depth 19 11/16 inches exhaust vent location top/rear vent type ducted, ductless vent style convertible","Zephyr - 36 inches - Convertible - Shell Range Hood - Satin  Specifications Product Height 13 13/16 inches Product Width 35 5/16 inches Product Depth 19 11/16 inches Exhaust Vent Location Top/Rear Vent Type Ducted, Ductless Vent Style Convertible"
ZLINE - 30 inches - Externally Vented - Wall Range Hood Steel,521.99,bestbuy.com,https://www.bestbuy.com/site/searchpage.jsp?_dyncharset=UTF-8&browsedCategory=pcmcat207200050007&cp=3&id=pcat17071&iht=n&ks=960&list=y&sc=Global&st=categoryid%24pcmcat207200050007&type=page&usc=All%20Categories,2025-01-18 22:31:01,range-hoods,Save $58,https://www.bestbuy.com/site/zline-30-inches-externally-vented-wall-range-hood-black-stainless-steel/6373279.p?skuId=6373279,Specifications Product Height 42 1/2 inches Product Width 30 inches Product Depth 19 3/5 inches Vent Type Ducted Vent Style External Color Finish Black stainless steel,zline - 30 inches - externally vented - wall range hood steel,specifications product height 42 1/2 inches product width 30 inches product depth 19 3/5 inches vent type ducted vent style external color finish black stainless steel,ZLINE - 30 inches - Externally Vented - Wall Range Hood Steel Specifications Product Height 42 1/2 inches Product Width 30 inches Product Depth 19 3/5 inches Vent Type Ducted Vent Style External Color Finish Black stainless steel
Whirlpool - 30 inches - Convertible - Wall Range Hood,611.99,bestbuy.com,https://www.bestbuy.com/site/searchpage.jsp?_dyncharset=UTF-8&browsedCategory=pcmcat207200050007&cp=3&id=pcat17071&iht=n&ks=960&list=y&sc=Global&st=categoryid%24pcmcat207200050007&type=page&usc=All%20Categories,2025-01-18 22:31:01,range-hoods,,https://www.bestbuy.com/site/whirlpool-30-inches-convertible-wall-range-hood-stainless-steel/6473738.p?skuId=6473738,"Specifications Product Height 45 1/8 inches Product Width 30 inches Product Depth 17 3/4 inches Exhaust Vent Location Top Vent Type Ducted, Ductless Vent Style Convertible",whirlpool - 30 inches - convertible - wall range hood,"specifications product height 45 1/8 inches product width 30 inches product depth 17 3/4 inches exhaust vent location top vent type ducted, ductless vent style convertible","Whirlpool - 30 inches - Convertible - Wall Range Hood Specifications Product Height 45 1/8 inches Product Width 30 inches Product Depth 17 3/4 inches Exhaust Vent Location Top Vent Type Ducted, Ductless Vent Style Convertible"
Viking 3 Series - 30 inches - Convertible - Wall Range Hood,1529.0,bestbuy.com,https://www.bestbuy.com/site/searchpage.jsp?_dyncharset=UTF-8&browsedCategory=pcmcat207200050007&cp=3&id=pcat17071&iht=n&ks=960&list=y&sc=Global&st=categoryid%24pcmcat207200050007&type=page&usc=All%20Categories,2025-01-18 22:31:01,range-hoods,,https://www.bestbuy.com/site/viking-3-series-30-inches-convertible-wall-range-hood-stainless-steel/8946081.p?skuId=8946081,"Specifications Product Height 12 inches Product Width 29 9/10 inches Product Depth 24 inches Vent Type Ducted, Ductless Vent Style Convertible Color Finish Stainless steel",viking 3 series - 30 inches - convertible - wall range hood,"specifications product height 12 inches product width 29 9/10 inches product depth 24 inches vent type ducted, ductless vent style convertible color finish stainless steel","Viking 3 Series - 30 inches - Convertible - Wall Range Hood Specifications Product Height 12 inches Product Width 29 9/10 inches Product Depth 24 inches Vent Type Ducted, Ductless Vent Style Convertible Color Finish Stainless steel"
Thor Kitchen - 30 inches - Externally Vented & Convertible - Wall Range Hood,499.99,bestbuy.com,https://www.bestbuy.com/site/searchpage.jsp?_dyncharset=UTF-8&browsedCategory=pcmcat207200050007&cp=3&id=pcat17071&iht=n&ks=960&list=y&sc=Global&st=categoryid%24pcmcat207200050007&type=page&usc=All%20Categories,2025-01-18 22:31:01,range-hoods,,https://www.bestbuy.com/site/thor-kitchen-30-inches-externally-vented-convertible-wall-range-hood-stainless-steel/6442189.p?skuId=6442189,"Specifications Product Height 34 inches Product Width 29 inches Product Depth 19 inches Exhaust Vent Location Top Vent Type Ducted Vent Style External, Convertible",thor kitchen - 30 inches - externally vented & convertible - wall range hood,"specifications product height 34 inches product width 29 inches product depth 19 inches exhaust vent location top vent type ducted vent style external, convertible","Thor Kitchen - 30 inches - Externally Vented & Convertible - Wall Range Hood Specifications Product Height 34 inches Product Width 29 inches Product Depth 19 inches Exhaust Vent Location Top Vent Type Ducted Vent Style External, Convertible"
ZLINE - 36 inches - Convertible & Externally Vented - Wall Range Hood,764.99,bestbuy.com,https://www.bestbuy.com/site/searchpage.jsp?_dyncharset=UTF-8&browsedCategory=pcmcat207200050007&cp=3&id=pcat17071&iht=n&ks=960&list=y&sc=Global&st=categoryid%24pcmcat207200050007&type=page&usc=All%20Categories,2025-01-18 22:31:01,range-hoods,,https://www.bestbuy.com/site/zline-36-inches-convertible-externally-vented-wall-range-hood/6602841.p?skuId=6602841,"Specifications Product Height 12 inches Product Width 35 1/2 inches Product Depth 17.75 inches Vent Type Ducted, Ductless Vent Style Convertible, External",zline - 36 inches - convertible & externally vented - wall range hood,"specifications product height 12 inches product width 35 1/2 inches product depth 17.75 inches vent type ducted, ductless vent style convertible, external","ZLINE - 36 inches - Convertible & Externally Vented - Wall Range Hood Specifications Product Height 12 inches Product Width 35 1/2 inches Product Depth 17.75 inches Vent Type Ducted, Ductless Vent Style Convertible, External"
ZLINE - 36 inches - Wall Range Hood,539.99,bestbuy.com,https://www.bestbuy.com/site/searchpage.jsp?_dyncharset=UTF-8&browsedCategory=pcmcat207200050007&cp=3&id=pcat17071&iht=n&ks=960&list=y&sc=Global&st=categoryid%24pcmcat207200050007&type=page&usc=All%20Categories,2025-01-18 22:31:01,range-hoods,,https://www.bestbuy.com/site/zline-36-inches-wall-range-hood-silver/6424416.p?skuId=6424416,Specifications Product Height 10 1/2 inches Product Width 36 inches Product Depth 36 inches Vent Type Ducted Color Finish Silver,zline - 36 inches - wall range hood,specifications product height 10 1/2 inches product width 36 inches product depth 36 inches vent type ducted color finish silver,ZLINE - 36 inches - Wall Range Hood Specifications Product Height 10 1/2 inches Product Width 36 inches Product Depth 36 inches Vent Type Ducted Color Finish Silver
KitchenAid - 36 inches - Externally Vented - Wall Range Hood,1826.99,bestbuy.com,https://www.bestbuy.com/site/searchpage.jsp?_dyncharset=UTF-8&browsedCategory=pcmcat207200050007&cp=3&id=pcat17071&iht=n&ks=960&list=y&sc=Global&st=categoryid%24pcmcat207200050007&type=page&usc=All%20Categories,2025-01-18 22:31:01,range-hoods,,https://www.bestbuy.com/site/kitchenaid-36-inches-externally-vented-wall-range-hood-stainless-steel/6473266.p?skuId=6473266,Specifications Product Height 36 inches Product Width 36 inches Product Depth 25 inches Exhaust Vent Location Top Vent Type Ducted Vent Style External,kitchenaid - 36 inches - externally vented - wall range hood,specifications product height 36 inches product width 36 inches product depth 25 inches exhaust vent location top vent type ducted vent style external,KitchenAid - 36 inches - Externally Vented - Wall Range Hood Specifications Product Height 36 inches Product Width 36 inches Product Depth 25 inches Exhaust Vent Location Top Vent Type Ducted Vent Style External
Bosch 300 Series - 36 inches - Externally Vented & Recirculating - Wall Range Hood,1299.99,bestbuy.com,https://www.bestbuy.com/site/searchpage.jsp?_dyncharset=UTF-8&browsedCategory=pcmcat207200050007&cp=3&id=pcat17071&iht=n&ks=960&list=y&sc=Global&st=categoryid%24pcmcat207200050007&type=page&usc=All%20Categories,2025-01-18 22:31:01,range-hoods,,https://www.bestbuy.com/site/bosch-300-series-36-inches-externally-vented-recirculating-wall-range-hood-stainless-steel/6359170.p?skuId=6359170,"Specifications Product Height 42 9/16 inches Product Width 36 inches Product Depth 19 11/16 inches Exhaust Vent Location Top Vent Type Ducted, Ductless Vent Style External, Recirculating",bosch 300 series - 36 inches - externally vented & recirculating - wall range hood,"specifications product height 42 9/16 inches product width 36 inches product depth 19 11/16 inches exhaust vent location top vent type ducted, ductless vent style external, recirculating","Bosch 300 Series - 36 inches - Externally Vented & Recirculating - Wall Range Hood Specifications Product Height 42 9/16 inches Product Width 36 inches Product Depth 19 11/16 inches Exhaust Vent Location Top Vent Type Ducted, Ductless Vent Style External, Recirculating"
Monogram - 36 inches - Externally Vented - Wall Range Hood,1299.99,bestbuy.com,https://www.bestbuy.com/site/searchpage.jsp?_dyncharset=UTF-8&browsedCategory=pcmcat207200050007&cp=3&id=pcat17071&iht=n&ks=960&list=y&sc=Global&st=categoryid%24pcmcat207200050007&type=page&usc=All%20Categories,2025-01-18 22:31:01,range-hoods,,https://www.bestbuy.com/site/monogram-36-inches-externally-vented-wall-range-hood-stainless-steel/4432500.p?skuId=4432500,Specifications Product Height 10 inches Product Width 35 3/5 inches Product Depth 25 inches Exhaust Vent Location Top Vent Type Ducted Vent Style External,monogram - 36 inches - externally vented - wall range hood,specifications product height 10 inches product width 35 3/5 inches product depth 25 inches exhaust vent location top vent type ducted vent style external,Monogram - 36 inches - Externally Vented - Wall Range Hood Specifications Product Height 10 inches Product Width 35 3/5 inches Product Depth 25 inches Exhaust Vent Location Top Vent Type Ducted Vent Style External
Zephyr - 36 inches - Externally Vented - Wall Range Hood,1449.99,bestbuy.com,https://www.bestbuy.com/site/searchpage.jsp?_dyncharset=UTF-8&browsedCategory=pcmcat207200050007&cp=3&id=pcat17071&iht=n&ks=960&list=y&sc=Global&st=categoryid%24pcmcat207200050007&type=page&usc=All%20Categories,2025-01-18 22:31:01,range-hoods,,https://www.bestbuy.com/site/zephyr-36-inches-externally-vented-wall-range-hood-stainless-steel/6508531.p?skuId=6508531,Specifications Product Height 27 1/2 inches Product Width 35 7/8 inches Product Depth 21 15/16 inches Exhaust Vent Location Top Vent Type Ducted Vent Style External,zephyr - 36 inches - externally vented - wall range hood,specifications product height 27 1/2 inches product width 35 7/8 inches product depth 21 15/16 inches exhaust vent location top vent type ducted vent style external,Zephyr - 36 inches - Externally Vented - Wall Range Hood Specifications Product Height 27 1/2 inches Product Width 35 7/8 inches Product Depth 21 15/16 inches Exhaust Vent Location Top Vent Type Ducted Vent Style External
"GE Profile - 24"" Top Control Smart Built-In  Tub Dishwasher with 3rd Rack, Dedicated Jet Targeted Wash and 42 dBA",849.99,bestbuy.com,https://www.bestbuy.com/site/dishwashers/built-in-dishwashers/abcat0905001.c?id=abcat0905001&qp=hiddencontrols_facet%3DControl%20Location~Hidden%20Controls&intl=nosplash,2025-01-18 22:31:01,dishwashers,Save $275,https://www.bestbuy.com/site/ge-profile-24-top-control-smart-built-in-stainless-steel-tub-dishwasher-with-3rd-rack-dedicated-jet-targeted-wash-and-42-dba-stainless-steel/6572540.p?skuId=6572540,Specifications Product Height 34 inches Product Width 23 3/4 inches Product Depth 24 inches Operating Sound Level 42 decibels adjusted Number Of Racks 3 Tub Finish Stainless steel,"ge profile - 24"" top control smart built-in  tub dishwasher with 3rd rack, dedicated jet targeted wash and 42 dba",specifications product height 34 inches product width 23 3/4 inches product depth 24 inches operating sound level 42 decibels adjusted number of racks 3 tub finish stainless steel,"GE Profile - 24"" Top Control Smart Built-In  Tub Dishwasher with 3rd Rack, Dedicated Jet Targeted Wash and 42 dBA Specifications Product Height 34 inches Product Width 23 3/4 inches Product Depth 24 inches Operating Sound Level 42 decibels adjusted Number Of Racks 3 Tub Finish Stainless steel"
"Samsung - 24” Top Control Built-In Hybrid  Tub Dishwasher with Height-Adjustable Rack, 53 dBA",399.99,bestbuy.com,https://www.bestbuy.com/site/dishwashers/built-in-dishwashers/abcat0905001.c?id=abcat0905001&qp=hiddencontrols_facet%3DControl%20Location~Hidden%20Controls&intl=nosplash,2025-01-18 22:31:01,dishwashers,,https://www.bestbuy.com/site/samsung-24-top-control-built-in-hybrid-stainless-steel-tub-dishwasher-with-height-adjustable-rack-53-dba-stainless-steel/6549883.p?skuId=6549883,Specifications Product Height 33 3/4 inches Product Width 23 3/4 inches Product Depth 24 5/8 inches Operating Sound Level 53 decibels adjusted Number Of Racks 2 Tub Finish Hybrid stainless steel,"samsung - 24” top control built-in hybrid  tub dishwasher with height-adjustable rack, 53 dba",specifications product height 33 3/4 inches product width 23 3/4 inches product depth 24 5/8 inches operating sound level 53 decibels adjusted number of racks 2 tub finish hybrid stainless steel,"Samsung - 24” Top Control Built-In Hybrid  Tub Dishwasher with Height-Adjustable Rack, 53 dBA Specifications Product Height 33 3/4 inches Product Width 23 3/4 inches Product Depth 24 5/8 inches Operating Sound Level 53 decibels adjusted Number Of Racks 2 Tub Finish Hybrid stainless steel"
"Bosch - 500 Series 24"" Top Control Smart Built-In  Tub Dishwasher with 3rd Rack and AutoAir, 44 dBA",1029.99,bestbuy.com,https://www.bestbuy.com/site/dishwashers/built-in-dishwashers/abcat0905001.c?id=abcat0905001&qp=hiddencontrols_facet%3DControl%20Location~Hidden%20Controls&intl=nosplash,2025-01-18 22:31:01,dishwashers,,https://www.bestbuy.com/site/bosch-500-series-24-top-control-smart-built-in-stainless-steel-tub-dishwasher-with-3rd-rack-and-autoair-44-dba-stainless-steel/6542974.p?skuId=6542974,Specifications Product Height 33 7/8 inches Product Width 23 1/2 inches Product Depth 23 3/4 inches Operating Sound Level 44 decibels adjusted Number Of Racks 3 Tub Finish Stainless steel,"bosch - 500 series 24"" top control smart built-in  tub dishwasher with 3rd rack and autoair, 44 dba",specifications product height 33 7/8 inches product width 23 1/2 inches product depth 23 3/4 inches operating sound level 44 decibels adjusted number of racks 3 tub finish stainless steel,"Bosch - 500 Series 24"" Top Control Smart Built-In  Tub Dishwasher with 3rd Rack and AutoAir, 44 dBA Specifications Product Height 33 7/8 inches Product Width 23 1/2 inches Product Depth 23 3/4 inches Operating Sound Level 44 decibels adjusted Number Of Racks 3 Tub Finish Stainless steel"
"Whirlpool - 24"" Top Control Built-In  Tub Dishwasher with 3rd Rack, Large Capacity, 47 dBA",599.99,bestbuy.com,https://www.bestbuy.com/site/dishwashers/built-in-dishwashers/abcat0905001.c?id=abcat0905001&qp=hiddencontrols_facet%3DControl%20Location~Hidden%20Controls&intl=nosplash,2025-01-18 22:31:01,dishwashers,,https://www.bestbuy.com/site/whirlpool-24-top-control-built-in-stainless-steel-tub-dishwasher-with-3rd-rack-large-capacity-47-dba-stainless-steel/6420931.p?skuId=6420931,Specifications Product Height 33 5/8 inches Product Width 23 7/8 inches Product Depth 24 1/2 inches Operating Sound Level 47 decibels adjusted Number Of Racks 3 Tub Finish Stainless steel,"whirlpool - 24"" top control built-in  tub dishwasher with 3rd rack, large capacity, 47 dba",specifications product height 33 5/8 inches product width 23 7/8 inches product depth 24 1/2 inches operating sound level 47 decibels adjusted number of racks 3 tub finish stainless steel,"Whirlpool - 24"" Top Control Built-In  Tub Dishwasher with 3rd Rack, Large Capacity, 47 dBA Specifications Product Height 33 5/8 inches Product Width 23 7/8 inches Product Depth 24 1/2 inches Operating Sound Level 47 decibels adjusted Number Of Racks 3 Tub Finish Stainless steel"
"GE Profile - 24"" Top Control Smart Built-In  Tub Dishwasher with 3rd Rack, Microban Protection and 44 dBA",699.99,bestbuy.com,https://www.bestbuy.com/site/dishwashers/built-in-dishwashers/abcat0905001.c?id=abcat0905001&qp=hiddencontrols_facet%3DControl%20Location~Hidden%20Controls&intl=nosplash,2025-01-18 22:31:01,dishwashers,,https://www.bestbuy.com/site/ge-profile-24-top-control-smart-built-in-stainless-steel-tub-dishwasher-with-3rd-rack-microban-protection-and-44-dba-stainless-steel/6548525.p?skuId=6548525,Specifications Product Height 34 inches Product Width 23 3/4 inches Product Depth 24 inches Operating Sound Level 44 decibels adjusted Number Of Racks 3 Tub Finish Stainless steel,"ge profile - 24"" top control smart built-in  tub dishwasher with 3rd rack, microban protection and 44 dba",specifications product height 34 inches product width 23 3/4 inches product depth 24 inches operating sound level 44 decibels adjusted number of racks 3 tub finish stainless steel,"GE Profile - 24"" Top Control Smart Built-In  Tub Dishwasher with 3rd Rack, Microban Protection and 44 dBA Specifications Product Height 34 inches Product Width 23 3/4 inches Product Depth 24 inches Operating Sound Level 44 decibels adjusted Number Of Racks 3 Tub Finish Stainless steel"
"LG - 24"" Top Control Smart Built-in  Tub Dishwasher with 3rd Rack, QuadWash Pro and 46dB",749.99,bestbuy.com,https://www.bestbuy.com/site/dishwashers/built-in-dishwashers/abcat0905001.c?id=abcat0905001&qp=hiddencontrols_facet%3DControl%20Location~Hidden%20Controls&intl=nosplash,2025-01-18 22:31:01,dishwashers,,https://www.bestbuy.com/site/lg-24-top-control-smart-built-in-stainless-steel-tub-dishwasher-with-3rd-rack-quadwash-pro-and-46db-stainless-steel/6570943.p?skuId=6570943,Specifications Product Height 33 5/8 inches Product Width 23 3/4 inches Product Depth 24 5/8 inches Operating Sound Level 46 decibels adjusted Number Of Racks 3 Tub Finish Stainless steel,"lg - 24"" top control smart built-in  tub dishwasher with 3rd rack, quadwash pro and 46db",specifications product height 33 5/8 inches product width 23 3/4 inches product depth 24 5/8 inches operating sound level 46 decibels adjusted number of racks 3 tub finish stainless steel,"LG - 24"" Top Control Smart Built-in  Tub Dishwasher with 3rd Rack, QuadWash Pro and 46dB Specifications Product Height 33 5/8 inches Product Width 23 3/4 inches Product Depth 24 5/8 inches Operating Sound Level 46 decibels adjusted Number Of Racks 3 Tub Finish Stainless steel"
"KitchenAid - 24"" Top Control Built-In  Tub Dishwasher with 3rd Rack, FreeFlex, 44 dBA",899.99,bestbuy.com,https://www.bestbuy.com/site/dishwashers/built-in-dishwashers/abcat0905001.c?id=abcat0905001&qp=hiddencontrols_facet%3DControl%20Location~Hidden%20Controls&intl=nosplash,2025-01-18 22:31:01,dishwashers,,https://www.bestbuy.com/site/kitchenaid-24-top-control-built-in-stainless-steel-tub-dishwasher-with-3rd-rack-freeflex-44-dba-stainless-steel/6398194.p?skuId=6398194,Specifications Product Height 33 5/8 inches Product Width 23 7/8 inches Product Depth 26 3/4 inches Operating Sound Level 44 decibels adjusted Number Of Racks 3 Tub Finish Stainless steel,"kitchenaid - 24"" top control built-in  tub dishwasher with 3rd rack, freeflex, 44 dba",specifications product height 33 5/8 inches product width 23 7/8 inches product depth 26 3/4 inches operating sound level 44 decibels adjusted number of racks 3 tub finish stainless steel,"KitchenAid - 24"" Top Control Built-In  Tub Dishwasher with 3rd Rack, FreeFlex, 44 dBA Specifications Product Height 33 5/8 inches Product Width 23 7/8 inches Product Depth 26 3/4 inches Operating Sound Level 44 decibels adjusted Number Of Racks 3 Tub Finish Stainless steel"
"Insignia™ - 24” Top Control Built-In Dishwasher with 3rd Rack, Sensor Wash Tub, 49 Dba, ENERGY STAR Certification",399.99,bestbuy.com,https://www.bestbuy.com/site/dishwashers/built-in-dishwashers/abcat0905001.c?id=abcat0905001&qp=hiddencontrols_facet%3DControl%20Location~Hidden%20Controls&intl=nosplash,2025-01-18 22:31:01,dishwashers,,https://www.bestbuy.com/site/insignia-24-top-control-built-in-dishwasher-with-3rd-rack-sensor-wash-stainless-steel-tub-49-dba-energy-star-certification-stainless-steel/6403040.p?skuId=6403040,Specifications Product Height 33 13/16 inches Product Width 23 15/16 inches Product Depth 24 1/2 inches Operating Sound Level 49 decibels adjusted Number Of Racks 3 Tub Finish Stainless steel,"insignia™ - 24” top control built-in dishwasher with 3rd rack, sensor wash tub, 49 dba, energy star certification",specifications product height 33 13/16 inches product width 23 15/16 inches product depth 24 1/2 inches operating sound level 49 decibels adjusted number of racks 3 tub finish stainless steel,"Insignia™ - 24” Top Control Built-In Dishwasher with 3rd Rack, Sensor Wash Tub, 49 Dba, ENERGY STAR Certification Specifications Product Height 33 13/16 inches Product Width 23 15/16 inches Product Depth 24 1/2 inches Operating Sound Level 49 decibels adjusted Number Of Racks 3 Tub Finish Stainless steel"
"Bosch - Benchmark Series 24"" Top Control Smart Built-In  Tub Dishwasher, 38 dBA",1619.99,bestbuy.com,https://www.bestbuy.com/site/dishwashers/built-in-dishwashers/abcat0905001.c?id=abcat0905001&qp=hiddencontrols_facet%3DControl%20Location~Hidden%20Controls&intl=nosplash,2025-01-18 22:31:01,dishwashers,,https://www.bestbuy.com/site/bosch-benchmark-series-24-top-control-smart-built-in-stainless-steel-tub-dishwasher-38-dba-stainless-steel/6543003.p?skuId=6543003,Specifications Product Height 33 7/8 inches Product Width 23 9/16 inches Product Depth 23 11/16 inches Operating Sound Level 38 decibels adjusted Number Of Racks 3 Tub Finish Stainless steel,"bosch - benchmark series 24"" top control smart built-in  tub dishwasher, 38 dba",specifications product height 33 7/8 inches product width 23 9/16 inches product depth 23 11/16 inches operating sound level 38 decibels adjusted number of racks 3 tub finish stainless steel,"Bosch - Benchmark Series 24"" Top Control Smart Built-In  Tub Dishwasher, 38 dBA Specifications Product Height 33 7/8 inches Product Width 23 9/16 inches Product Depth 23 11/16 inches Operating Sound Level 38 decibels adjusted Number Of Racks 3 Tub Finish Stainless steel"
"Whirlpool - 24"" Top Control Built-In  Tub Dishwasher with Boost Cycle and 55 dBA",449.99,bestbuy.com,https://www.bestbuy.com/site/searchpage.jsp?_dyncharset=UTF-8&browsedCategory=abcat0905001&cp=2&id=pcat17071&iht=n&ks=960&list=y&qp=hiddencontrols_facet%3Dname~Hidden%20Controls&sc=Global&st=categoryid%24abcat0905001&type=page&usc=All%20Categories,2025-01-18 22:31:01,dishwashers,Save $165,https://www.bestbuy.com/site/whirlpool-24-top-control-built-in-stainless-steel-tub-dishwasher-with-boost-cycle-and-55-dba-stainless-steel/6515793.p?skuId=6515793,Specifications Product Height 33 1/2 inches Product Width 23 7/8 inches Product Depth 24 1/2 inches Operating Sound Level 55 decibels adjusted Number Of Racks 2 Tub Finish Hybrid stainless steel,"whirlpool - 24"" top control built-in  tub dishwasher with boost cycle and 55 dba",specifications product height 33 1/2 inches product width 23 7/8 inches product depth 24 1/2 inches operating sound level 55 decibels adjusted number of racks 2 tub finish hybrid stainless steel,"Whirlpool - 24"" Top Control Built-In  Tub Dishwasher with Boost Cycle and 55 dBA Specifications Product Height 33 1/2 inches Product Width 23 7/8 inches Product Depth 24 1/2 inches Operating Sound Level 55 decibels adjusted Number Of Racks 2 Tub Finish Hybrid stainless steel"
"GE - 24"" Top Control Built-In Plastic Tub Dishwasher with 3rd Rack, Bottle Jets and 50 dBA",479.99,bestbuy.com,https://www.bestbuy.com/site/searchpage.jsp?_dyncharset=UTF-8&browsedCategory=abcat0905001&cp=2&id=pcat17071&iht=n&ks=960&list=y&qp=hiddencontrols_facet%3Dname~Hidden%20Controls&sc=Global&st=categoryid%24abcat0905001&type=page&usc=All%20Categories,2025-01-18 22:31:01,dishwashers,,https://www.bestbuy.com/site/ge-24-top-control-built-in-plastic-tub-dishwasher-with-3rd-rack-bottle-jets-and-50-dba-stainless-steel/6470413.p?skuId=6470413,Specifications Product Height 33 3/8 inches Product Width 23 3/4 inches Product Depth 24 inches Operating Sound Level 50 decibels adjusted Number Of Racks 3 Tub Finish Plastic,"ge - 24"" top control built-in plastic tub dishwasher with 3rd rack, bottle jets and 50 dba",specifications product height 33 3/8 inches product width 23 3/4 inches product depth 24 inches operating sound level 50 decibels adjusted number of racks 3 tub finish plastic,"GE - 24"" Top Control Built-In Plastic Tub Dishwasher with 3rd Rack, Bottle Jets and 50 dBA Specifications Product Height 33 3/8 inches Product Width 23 3/4 inches Product Depth 24 inches Operating Sound Level 50 decibels adjusted Number Of Racks 3 Tub Finish Plastic"
"Café - 24"" Top Control Smart Built-In  Tub Dishwasher with 3rd Rack, UltraWash and 44 dBA",999.99,bestbuy.com,https://www.bestbuy.com/site/searchpage.jsp?_dyncharset=UTF-8&browsedCategory=abcat0905001&cp=2&id=pcat17071&iht=n&ks=960&list=y&qp=hiddencontrols_facet%3Dname~Hidden%20Controls&sc=Global&st=categoryid%24abcat0905001&type=page&usc=All%20Categories,2025-01-18 22:31:01,dishwashers,,https://www.bestbuy.com/site/cafe-24-top-control-smart-built-in-stainless-steel-tub-dishwasher-with-3rd-rack-ultrawash-and-44-dba-stainless-steel/6571828.p?skuId=6571828,Specifications Product Height 34 inches Product Width 23 3/4 inches Product Depth 24 inches Operating Sound Level 44 decibels adjusted Number Of Racks 3 Tub Finish Stainless steel,"café - 24"" top control smart built-in  tub dishwasher with 3rd rack, ultrawash and 44 dba",specifications product height 34 inches product width 23 3/4 inches product depth 24 inches operating sound level 44 decibels adjusted number of racks 3 tub finish stainless steel,"Café - 24"" Top Control Smart Built-In  Tub Dishwasher with 3rd Rack, UltraWash and 44 dBA Specifications Product Height 34 inches Product Width 23 3/4 inches Product Depth 24 inches Operating Sound Level 44 decibels adjusted Number Of Racks 3 Tub Finish Stainless steel"
"KitchenAid - 24"" Front Control Built-In Dishwasher with  Tub, ProWash Cycle, 3rd Rack, 39 dBA",799.99,bestbuy.com,https://www.bestbuy.com/site/searchpage.jsp?_dyncharset=UTF-8&browsedCategory=abcat0905001&cp=2&id=pcat17071&iht=n&ks=960&list=y&qp=hiddencontrols_facet%3Dname~Hidden%20Controls&sc=Global&st=categoryid%24abcat0905001&type=page&usc=All%20Categories,2025-01-18 22:31:01,dishwashers,,https://www.bestbuy.com/site/kitchenaid-24-front-control-built-in-dishwasher-with-stainless-steel-tub-prowash-cycle-3rd-rack-39-dba-stainless-steel/6423224.p?skuId=6423224,Specifications Product Height 33 5/8 inches Product Width 23 7/8 inches Product Depth 26 3/4 inches Operating Sound Level 39 decibels adjusted Number Of Racks 3 Tub Finish Stainless steel,"kitchenaid - 24"" front control built-in dishwasher with  tub, prowash cycle, 3rd rack, 39 dba",specifications product height 33 5/8 inches product width 23 7/8 inches product depth 26 3/4 inches operating sound level 39 decibels adjusted number of racks 3 tub finish stainless steel,"KitchenAid - 24"" Front Control Built-In Dishwasher with  Tub, ProWash Cycle, 3rd Rack, 39 dBA Specifications Product Height 33 5/8 inches Product Width 23 7/8 inches Product Depth 26 3/4 inches Operating Sound Level 39 decibels adjusted Number Of Racks 3 Tub Finish Stainless steel"
"GE - 24"" Top Control Built-In  Tub Dishwasher with 3rd Rack, Sanitize Cycle and 47 dBA",549.99,bestbuy.com,https://www.bestbuy.com/site/searchpage.jsp?_dyncharset=UTF-8&browsedCategory=abcat0905001&cp=2&id=pcat17071&iht=n&ks=960&list=y&qp=hiddencontrols_facet%3Dname~Hidden%20Controls&sc=Global&st=categoryid%24abcat0905001&type=page&usc=All%20Categories,2025-01-18 22:31:01,dishwashers,,https://www.bestbuy.com/site/ge-24-top-control-built-in-stainless-steel-tub-dishwasher-with-3rd-rack-sanitize-cycle-and-47-dba-stainless-steel/6549423.p?skuId=6549423,Specifications Product Height 34 inches Product Width 23 3/4 inches Product Depth 24 inches Operating Sound Level 47 decibels adjusted Number Of Racks 3 Tub Finish Stainless steel,"ge - 24"" top control built-in  tub dishwasher with 3rd rack, sanitize cycle and 47 dba",specifications product height 34 inches product width 23 3/4 inches product depth 24 inches operating sound level 47 decibels adjusted number of racks 3 tub finish stainless steel,"GE - 24"" Top Control Built-In  Tub Dishwasher with 3rd Rack, Sanitize Cycle and 47 dBA Specifications Product Height 34 inches Product Width 23 3/4 inches Product Depth 24 inches Operating Sound Level 47 decibels adjusted Number Of Racks 3 Tub Finish Stainless steel"
"Whirlpool - 24"" Top Control Built-In  Tub Dishwasher with 3rd Rack, Fan Drying Technology, 51 dBA",499.99,bestbuy.com,https://www.bestbuy.com/site/searchpage.jsp?_dyncharset=UTF-8&browsedCategory=abcat0905001&cp=2&id=pcat17071&iht=n&ks=960&list=y&qp=hiddencontrols_facet%3Dname~Hidden%20Controls&sc=Global&st=categoryid%24abcat0905001&type=page&usc=All%20Categories,2025-01-18 22:31:01,dishwashers,,https://www.bestbuy.com/site/whirlpool-24-top-control-built-in-stainless-steel-tub-dishwasher-with-3rd-rack-fan-drying-technology-51-dba-stainless-steel/6515791.p?skuId=6515791,Specifications Product Height 33 1/2 inches Product Width 23 7/8 inches Product Depth 26 1/2 inches Operating Sound Level 51 decibels adjusted Number Of Racks 3 Tub Finish Hybrid stainless steel,"whirlpool - 24"" top control built-in  tub dishwasher with 3rd rack, fan drying technology, 51 dba",specifications product height 33 1/2 inches product width 23 7/8 inches product depth 26 1/2 inches operating sound level 51 decibels adjusted number of racks 3 tub finish hybrid stainless steel,"Whirlpool - 24"" Top Control Built-In  Tub Dishwasher with 3rd Rack, Fan Drying Technology, 51 dBA Specifications Product Height 33 1/2 inches Product Width 23 7/8 inches Product Depth 26 1/2 inches Operating Sound Level 51 decibels adjusted Number Of Racks 3 Tub Finish Hybrid stainless steel"
"GE - 24"" Top Control Built-In Plastic Tub Dishwasher with Sanitize Cycle and 52 dBA",429.99,bestbuy.com,https://www.bestbuy.com/site/searchpage.jsp?_dyncharset=UTF-8&browsedCategory=abcat0905001&cp=2&id=pcat17071&iht=n&ks=960&list=y&qp=hiddencontrols_facet%3Dname~Hidden%20Controls&sc=Global&st=categoryid%24abcat0905001&type=page&usc=All%20Categories,2025-01-18 22:31:01,dishwashers,,https://www.bestbuy.com/site/ge-24-top-control-built-in-plastic-tub-dishwasher-with-sanitize-cycle-and-52-dba-stainless-steel/6474683.p?skuId=6474683,Specifications Product Height 33 3/8 inches Product Width 23 3/4 inches Product Depth 24 inches Operating Sound Level 52 decibels adjusted Number Of Racks 2 Tub Finish Plastic,"ge - 24"" top control built-in plastic tub dishwasher with sanitize cycle and 52 dba",specifications product height 33 3/8 inches product width 23 3/4 inches product depth 24 inches operating sound level 52 decibels adjusted number of racks 2 tub finish plastic,"GE - 24"" Top Control Built-In Plastic Tub Dishwasher with Sanitize Cycle and 52 dBA Specifications Product Height 33 3/8 inches Product Width 23 3/4 inches Product Depth 24 inches Operating Sound Level 52 decibels adjusted Number Of Racks 2 Tub Finish Plastic"
"Samsung - 24"" AutoRelease Dry Built-In Hybrid  Tub Dishwasher with 3rd Rack, Fingerprint Resistant, 51 dBA",499.99,bestbuy.com,https://www.bestbuy.com/site/searchpage.jsp?_dyncharset=UTF-8&browsedCategory=abcat0905001&cp=2&id=pcat17071&iht=n&ks=960&list=y&qp=hiddencontrols_facet%3Dname~Hidden%20Controls&sc=Global&st=categoryid%24abcat0905001&type=page&usc=All%20Categories,2025-01-18 22:31:01,dishwashers,,https://www.bestbuy.com/site/samsung-24-autorelease-dry-built-in-hybrid-stainless-steel-tub-dishwasher-with-3rd-rack-fingerprint-resistant-51-dba-stainless-steel/6549881.p?skuId=6549881,Specifications Product Height 33 3/4 inches Product Width 23 3/4 inches Product Depth 24 3/4 inches Operating Sound Level 51 decibels adjusted Number Of Racks 3 Tub Finish Hybrid stainless steel,"samsung - 24"" autorelease dry built-in hybrid  tub dishwasher with 3rd rack, fingerprint resistant, 51 dba",specifications product height 33 3/4 inches product width 23 3/4 inches product depth 24 3/4 inches operating sound level 51 decibels adjusted number of racks 3 tub finish hybrid stainless steel,"Samsung - 24"" AutoRelease Dry Built-In Hybrid  Tub Dishwasher with 3rd Rack, Fingerprint Resistant, 51 dBA Specifications Product Height 33 3/4 inches Product Width 23 3/4 inches Product Depth 24 3/4 inches Operating Sound Level 51 decibels adjusted Number Of Racks 3 Tub Finish Hybrid stainless steel"
"Samsung - 24"" AutoRelease Dry Smart Built-In  Tub Dishwasher with 3rd Rack, StormWash, 46 dBA",599.99,bestbuy.com,https://www.bestbuy.com/site/searchpage.jsp?_dyncharset=UTF-8&browsedCategory=abcat0905001&cp=2&id=pcat17071&iht=n&ks=960&list=y&qp=hiddencontrols_facet%3Dname~Hidden%20Controls&sc=Global&st=categoryid%24abcat0905001&type=page&usc=All%20Categories,2025-01-18 22:31:01,dishwashers,,https://www.bestbuy.com/site/samsung-24-autorelease-dry-smart-built-in-stainless-steel-tub-dishwasher-with-3rd-rack-stormwash-46-dba-stainless-steel/6549884.p?skuId=6549884,Specifications Product Height 33 7/8 inches Product Width 23 7/8 inches Product Depth 27 5/16 inches Operating Sound Level 46 decibels adjusted Number Of Racks 3 Tub Finish Stainless steel,"samsung - 24"" autorelease dry smart built-in  tub dishwasher with 3rd rack, stormwash, 46 dba",specifications product height 33 7/8 inches product width 23 7/8 inches product depth 27 5/16 inches operating sound level 46 decibels adjusted number of racks 3 tub finish stainless steel,"Samsung - 24"" AutoRelease Dry Smart Built-In  Tub Dishwasher with 3rd Rack, StormWash, 46 dBA Specifications Product Height 33 7/8 inches Product Width 23 7/8 inches Product Depth 27 5/16 inches Operating Sound Level 46 decibels adjusted Number Of Racks 3 Tub Finish Stainless steel"
"Samsung - 24"" Top Control Smart Built-In  Tub Dishwasher with Storm Wash, 48 dBA",549.99,bestbuy.com,https://www.bestbuy.com/site/searchpage.jsp?_dyncharset=UTF-8&browsedCategory=abcat0905001&cp=3&id=pcat17071&iht=n&ks=960&list=y&qp=hiddencontrols_facet%3Dname~Hidden%20Controls&sc=Global&st=categoryid%24abcat0905001&type=page&usc=All%20Categories,2025-01-18 22:31:01,dishwashers,,https://www.bestbuy.com/site/samsung-24-top-control-smart-built-in-stainless-steel-tub-dishwasher-with-storm-wash-48-dba-stainless-steel/6549888.p?skuId=6549888,Specifications Product Height 33 7/8 inches Product Width 23 7/8 inches Product Depth 25 inches Operating Sound Level 48 decibels adjusted Number Of Racks 2 Tub Finish Stainless steel,"samsung - 24"" top control smart built-in  tub dishwasher with storm wash, 48 dba",specifications product height 33 7/8 inches product width 23 7/8 inches product depth 25 inches operating sound level 48 decibels adjusted number of racks 2 tub finish stainless steel,"Samsung - 24"" Top Control Smart Built-In  Tub Dishwasher with Storm Wash, 48 dBA Specifications Product Height 33 7/8 inches Product Width 23 7/8 inches Product Depth 25 inches Operating Sound Level 48 decibels adjusted Number Of Racks 2 Tub Finish Stainless steel"
"Whirlpool - 24"" Top Control Built-in  Tub Dishwasher with 3rd Rack and 41 dBA",699.99,bestbuy.com,https://www.bestbuy.com/site/searchpage.jsp?_dyncharset=UTF-8&browsedCategory=abcat0905001&cp=3&id=pcat17071&iht=n&ks=960&list=y&qp=hiddencontrols_facet%3Dname~Hidden%20Controls&sc=Global&st=categoryid%24abcat0905001&type=page&usc=All%20Categories,2025-01-18 22:31:01,dishwashers,,https://www.bestbuy.com/site/whirlpool-24-top-control-built-in-stainless-steel-tub-dishwasher-with-3rd-rack-and-41-dba-stainless-steel/6597536.p?skuId=6597536,Specifications Product Height 33 5/8 inches Product Width 23.875 inches Product Depth 26.75 inches Operating Sound Level 41 decibels adjusted Number Of Racks 3 Tub Finish Stainless steel,"whirlpool - 24"" top control built-in  tub dishwasher with 3rd rack and 41 dba",specifications product height 33 5/8 inches product width 23.875 inches product depth 26.75 inches operating sound level 41 decibels adjusted number of racks 3 tub finish stainless steel,"Whirlpool - 24"" Top Control Built-in  Tub Dishwasher with 3rd Rack and 41 dBA Specifications Product Height 33 5/8 inches Product Width 23.875 inches Product Depth 26.75 inches Operating Sound Level 41 decibels adjusted Number Of Racks 3 Tub Finish Stainless steel"
"Café - 24"" Top Control Built-In  Tub Dishwasher with 3rd Rack, CustomFit Top Rack and 42 dBA",849.99,bestbuy.com,https://www.bestbuy.com/site/searchpage.jsp?_dyncharset=UTF-8&browsedCategory=abcat0905001&cp=3&id=pcat17071&iht=n&ks=960&list=y&qp=hiddencontrols_facet%3Dname~Hidden%20Controls&sc=Global&st=categoryid%24abcat0905001&type=page&usc=All%20Categories,2025-01-18 22:31:01,dishwashers,,https://www.bestbuy.com/site/cafe-24-top-control-built-in-stainless-steel-tub-dishwasher-with-3rd-rack-customfit-top-rack-and-42-dba-stainless-steel/6571824.p?skuId=6571824,Specifications Product Height 34 inches Product Width 23 3/4 inches Product Depth 24 inches Operating Sound Level 42 decibels adjusted Number Of Racks 3 Tub Finish Stainless steel,"café - 24"" top control built-in  tub dishwasher with 3rd rack, customfit top rack and 42 dba",specifications product height 34 inches product width 23 3/4 inches product depth 24 inches operating sound level 42 decibels adjusted number of racks 3 tub finish stainless steel,"Café - 24"" Top Control Built-In  Tub Dishwasher with 3rd Rack, CustomFit Top Rack and 42 dBA Specifications Product Height 34 inches Product Width 23 3/4 inches Product Depth 24 inches Operating Sound Level 42 decibels adjusted Number Of Racks 3 Tub Finish Stainless steel"
"Frigidaire - Professional 24"" Top Control Built-In  Tub Built-In Dishwasher with CleanBoost Technology, 47 dBA",799.99,bestbuy.com,https://www.bestbuy.com/site/searchpage.jsp?_dyncharset=UTF-8&browsedCategory=abcat0905001&cp=3&id=pcat17071&iht=n&ks=960&list=y&qp=hiddencontrols_facet%3Dname~Hidden%20Controls&sc=Global&st=categoryid%24abcat0905001&type=page&usc=All%20Categories,2025-01-18 22:31:01,dishwashers,,https://www.bestbuy.com/site/frigidaire-professional-24-top-control-built-in-stainless-steel-tub-built-in-dishwasher-with-cleanboost-technology-47-dba-stainless-steel/6551710.p?skuId=6551710,Specifications Product Height 33 3/4 inches Product Width 24 inches Product Depth 24 inches Operating Sound Level 47 decibels adjusted Number Of Racks 3 Tub Finish Stainless steel,"frigidaire - professional 24"" top control built-in  tub built-in dishwasher with cleanboost technology, 47 dba",specifications product height 33 3/4 inches product width 24 inches product depth 24 inches operating sound level 47 decibels adjusted number of racks 3 tub finish stainless steel,"Frigidaire - Professional 24"" Top Control Built-In  Tub Built-In Dishwasher with CleanBoost Technology, 47 dBA Specifications Product Height 33 3/4 inches Product Width 24 inches Product Depth 24 inches Operating Sound Level 47 decibels adjusted Number Of Racks 3 Tub Finish Stainless steel"
"Thermador - Emerald 24"" Top Control Smart Built-In  Tub Dishwasher with 3rd Rack and Professional Handle, 48 dBA",1399.0,bestbuy.com,https://www.bestbuy.com/site/searchpage.jsp?_dyncharset=UTF-8&browsedCategory=abcat0905001&cp=3&id=pcat17071&iht=n&ks=960&list=y&qp=hiddencontrols_facet%3Dname~Hidden%20Controls&sc=Global&st=categoryid%24abcat0905001&type=page&usc=All%20Categories,2025-01-18 22:31:01,dishwashers,,https://www.bestbuy.com/site/thermador-emerald-24-top-control-smart-built-in-stainless-steel-tub-dishwasher-with-3rd-rack-and-professional-handle-48-dba-stainless-steel/6583172.p?skuId=6583172,Specifications Product Height 33 7/8 inches Product Width 23 9/16 inches Product Depth 23 3/4 inches Operating Sound Level 48 decibels adjusted Number Of Racks 3 Tub Finish Stainless steel,"thermador - emerald 24"" top control smart built-in  tub dishwasher with 3rd rack and professional handle, 48 dba",specifications product height 33 7/8 inches product width 23 9/16 inches product depth 23 3/4 inches operating sound level 48 decibels adjusted number of racks 3 tub finish stainless steel,"Thermador - Emerald 24"" Top Control Smart Built-In  Tub Dishwasher with 3rd Rack and Professional Handle, 48 dBA Specifications Product Height 33 7/8 inches Product Width 23 9/16 inches Product Depth 23 3/4 inches Operating Sound Level 48 decibels adjusted Number Of Racks 3 Tub Finish Stainless steel"
"Thermador - Sapphire 24"" Top Control Smart Built-In  Tub Dishwasher with 3rd Rack and Interior Light, 44 dBA",1999.0,bestbuy.com,https://www.bestbuy.com/site/searchpage.jsp?_dyncharset=UTF-8&browsedCategory=abcat0905001&cp=3&id=pcat17071&iht=n&ks=960&list=y&qp=hiddencontrols_facet%3Dname~Hidden%20Controls&sc=Global&st=categoryid%24abcat0905001&type=page&usc=All%20Categories,2025-01-18 22:31:01,dishwashers,,https://www.bestbuy.com/site/thermador-sapphire-24-top-control-smart-built-in-stainless-steel-tub-dishwasher-with-3rd-rack-and-interior-light-44-dba-custom-panel-ready/6583164.p?skuId=6583164,Specifications Product Height 33 7/8 inches Product Width 23 9/16 inches Product Depth 23 3/4 inches Operating Sound Level 44 decibels adjusted Number Of Racks 3 Tub Finish Stainless steel,"thermador - sapphire 24"" top control smart built-in  tub dishwasher with 3rd rack and interior light, 44 dba",specifications product height 33 7/8 inches product width 23 9/16 inches product depth 23 3/4 inches operating sound level 44 decibels adjusted number of racks 3 tub finish stainless steel,"Thermador - Sapphire 24"" Top Control Smart Built-In  Tub Dishwasher with 3rd Rack and Interior Light, 44 dBA Specifications Product Height 33 7/8 inches Product Width 23 9/16 inches Product Depth 23 3/4 inches Operating Sound Level 44 decibels adjusted Number Of Racks 3 Tub Finish Stainless steel"
"GE Profile - 18"" Compact Top Control Built-In  Tub Dishwasher with 3-Level Wash and and 47 dBA",749.99,bestbuy.com,https://www.bestbuy.com/site/searchpage.jsp?_dyncharset=UTF-8&browsedCategory=abcat0905001&cp=3&id=pcat17071&iht=n&ks=960&list=y&qp=hiddencontrols_facet%3Dname~Hidden%20Controls&sc=Global&st=categoryid%24abcat0905001&type=page&usc=All%20Categories,2025-01-18 22:31:01,dishwashers,,https://www.bestbuy.com/site/ge-profile-18-compact-top-control-built-in-stainless-steel-tub-dishwasher-with-3-level-wash-and-and-47-dba-stainless-steel/6254615.p?skuId=6254615,Specifications Product Height 32 1/2 inches Product Width 17 3/4 inches Product Depth 23 1/2 inches Operating Sound Level 47 decibels adjusted Number Of Racks 2 Tub Finish Stainless steel,"ge profile - 18"" compact top control built-in  tub dishwasher with 3-level wash and and 47 dba",specifications product height 32 1/2 inches product width 17 3/4 inches product depth 23 1/2 inches operating sound level 47 decibels adjusted number of racks 2 tub finish stainless steel,"GE Profile - 18"" Compact Top Control Built-In  Tub Dishwasher with 3-Level Wash and and 47 dBA Specifications Product Height 32 1/2 inches Product Width 17 3/4 inches Product Depth 23 1/2 inches Operating Sound Level 47 decibels adjusted Number Of Racks 2 Tub Finish Stainless steel"
"Maytag - 24"" Top Control Built-In  Tub Dishwasher with 3rd Rack, Dual Power Filtration, 47 dBA",899.99,bestbuy.com,https://www.bestbuy.com/site/searchpage.jsp?_dyncharset=UTF-8&browsedCategory=abcat0905001&cp=3&id=pcat17071&iht=n&ks=960&list=y&qp=hiddencontrols_facet%3Dname~Hidden%20Controls&sc=Global&st=categoryid%24abcat0905001&type=page&usc=All%20Categories,2025-01-18 22:31:01,dishwashers,,https://www.bestbuy.com/site/maytag-24-top-control-built-in-stainless-steel-tub-dishwasher-with-3rd-rack-dual-power-filtration-47-dba-stainless-steel/6398239.p?skuId=6398239,Specifications Product Height 33 5/8 inches Product Width 23 7/8 inches Product Depth 24 1/2 inches Operating Sound Level 47 decibels adjusted Number Of Racks 3 Tub Finish Stainless steel,"maytag - 24"" top control built-in  tub dishwasher with 3rd rack, dual power filtration, 47 dba",specifications product height 33 5/8 inches product width 23 7/8 inches product depth 24 1/2 inches operating sound level 47 decibels adjusted number of racks 3 tub finish stainless steel,"Maytag - 24"" Top Control Built-In  Tub Dishwasher with 3rd Rack, Dual Power Filtration, 47 dBA Specifications Product Height 33 5/8 inches Product Width 23 7/8 inches Product Depth 24 1/2 inches Operating Sound Level 47 decibels adjusted Number Of Racks 3 Tub Finish Stainless steel"
"Monogram - 24"" Top Control Smart Built-In  Tub Dishwasher with 3rd Rack, Steam + Sanitization and 42 dBA",2100.0,bestbuy.com,https://www.bestbuy.com/site/searchpage.jsp?_dyncharset=UTF-8&browsedCategory=abcat0905001&cp=3&id=pcat17071&iht=n&ks=960&list=y&qp=hiddencontrols_facet%3Dname~Hidden%20Controls&sc=Global&st=categoryid%24abcat0905001&type=page&usc=All%20Categories,2025-01-18 22:31:01,dishwashers,,https://www.bestbuy.com/site/monogram-24-top-control-smart-built-in-stainless-steel-tub-dishwasher-with-3rd-rack-steam-sanitization-and-42-dba-stainless-steel/6386301.p?skuId=6386301,Specifications Product Height 34 inches Product Width 23 3/4 inches Product Depth 24 inches Operating Sound Level 42 decibels adjusted Number Of Racks 3 Tub Finish Stainless steel,"monogram - 24"" top control smart built-in  tub dishwasher with 3rd rack, steam + sanitization and 42 dba",specifications product height 34 inches product width 23 3/4 inches product depth 24 inches operating sound level 42 decibels adjusted number of racks 3 tub finish stainless steel,"Monogram - 24"" Top Control Smart Built-In  Tub Dishwasher with 3rd Rack, Steam + Sanitization and 42 dBA Specifications Product Height 34 inches Product Width 23 3/4 inches Product Depth 24 inches Operating Sound Level 42 decibels adjusted Number Of Racks 3 Tub Finish Stainless steel"
Samsung - 2.1 Cu. Ft. Over-the-Range Microwave with Sensor Cooking and Wi-Fi Connectivity,299.99,bestbuy.com,https://www.bestbuy.com/site/microwaves/all-microwaves/pcmcat748301803023.c?id=pcmcat748301803023&intl=nosplash,2025-01-18 22:31:01,microwaves,Save $114,https://www.bestbuy.com/site/samsung-2-1-cu-ft-over-the-range-microwave-with-sensor-cooking-and-wi-fi-connectivity-stainless-steel/6568547.p?skuId=6568547,"Specifications Product Height 17 1/16 inches Product Width 29 7/8 inches Product Depth 16 1/2 inches App Compatible Yes Works With Amazon Alexa, Bixby, Google Assistant Microwave Type Over-the-range",samsung - 2.1 cu. ft. over-the-range microwave with sensor cooking and wi-fi connectivity,"specifications product height 17 1/16 inches product width 29 7/8 inches product depth 16 1/2 inches app compatible yes works with amazon alexa, bixby, google assistant microwave type over-the-range","Samsung - 2.1 Cu. Ft. Over-the-Range Microwave with Sensor Cooking and Wi-Fi Connectivity Specifications Product Height 17 1/16 inches Product Width 29 7/8 inches Product Depth 16 1/2 inches App Compatible Yes Works With Amazon Alexa, Bixby, Google Assistant Microwave Type Over-the-range"
Insignia™ - 1.1 Cu. Ft. Countertop Microwave,79.99,bestbuy.com,https://www.bestbuy.com/site/microwaves/all-microwaves/pcmcat748301803023.c?id=pcmcat748301803023&intl=nosplash,2025-01-18 22:31:01,microwaves,,https://www.bestbuy.com/site/insignia-1-1-cu-ft-countertop-microwave-black/6568211.p?skuId=6568211,Specifications Product Height 11 7/8 inches Product Width 20 5/8 inches Product Depth 16 3/8 inches App Compatible No Microwave Type Countertop Turntable Diameter 12.4 inches,insignia™ - 1.1 cu. ft. countertop microwave,specifications product height 11 7/8 inches product width 20 5/8 inches product depth 16 3/8 inches app compatible no microwave type countertop turntable diameter 12.4 inches,Insignia™ - 1.1 Cu. Ft. Countertop Microwave Specifications Product Height 11 7/8 inches Product Width 20 5/8 inches Product Depth 16 3/8 inches App Compatible No Microwave Type Countertop Turntable Diameter 12.4 inches
Whirlpool - 1.7 Cu. Ft. Over-the-Range Microwave with 1000-Watts Cooking Power,219.99,bestbuy.com,https://www.bestbuy.com/site/microwaves/all-microwaves/pcmcat748301803023.c?id=pcmcat748301803023&intl=nosplash,2025-01-18 22:31:01,microwaves,,https://www.bestbuy.com/site/whirlpool-1-7-cu-ft-over-the-range-microwave-with-1000-watts-cooking-power-stainless-steel/6590539.p?skuId=6590539,Specifications Product Height 17 1/8 inches Product Width 29 7/8 inches Product Depth 15 9/16 inches App Compatible No Microwave Type Over-the-range Sensor Cook No,whirlpool - 1.7 cu. ft. over-the-range microwave with 1000-watts cooking power,specifications product height 17 1/8 inches product width 29 7/8 inches product depth 15 9/16 inches app compatible no microwave type over-the-range sensor cook no,Whirlpool - 1.7 Cu. Ft. Over-the-Range Microwave with 1000-Watts Cooking Power Specifications Product Height 17 1/8 inches Product Width 29 7/8 inches Product Depth 15 9/16 inches App Compatible No Microwave Type Over-the-range Sensor Cook No
LG - 1.7 Cu. Ft. Over-The-Range Microwave with Sensor Cook and EasyClean,249.99,bestbuy.com,https://www.bestbuy.com/site/microwaves/all-microwaves/pcmcat748301803023.c?id=pcmcat748301803023&intl=nosplash,2025-01-18 22:31:01,microwaves,,https://www.bestbuy.com/site/lg-1-7-cu-ft-over-the-range-microwave-with-sensor-cook-and-easyclean-stainless-steel/6571814.p?skuId=6571814,Specifications Product Height 16 1/2 inches Product Width 29 7/8 inches Product Depth 15 7/8 inches App Compatible No Microwave Type Over-the-range Turntable Diameter 12.6 inches,lg - 1.7 cu. ft. over-the-range microwave with sensor cook and easyclean,specifications product height 16 1/2 inches product width 29 7/8 inches product depth 15 7/8 inches app compatible no microwave type over-the-range turntable diameter 12.6 inches,LG - 1.7 Cu. Ft. Over-The-Range Microwave with Sensor Cook and EasyClean Specifications Product Height 16 1/2 inches Product Width 29 7/8 inches Product Depth 15 7/8 inches App Compatible No Microwave Type Over-the-range Turntable Diameter 12.6 inches
GE - 1.0 Cu. Ft. Convection Countertop Microwave with Air Fry,189.99,bestbuy.com,https://www.bestbuy.com/site/microwaves/all-microwaves/pcmcat748301803023.c?id=pcmcat748301803023&intl=nosplash,2025-01-18 22:31:01,microwaves,,https://www.bestbuy.com/site/ge-1-0-cu-ft-convection-countertop-microwave-with-air-fry-stainless-steel/6580723.p?skuId=6580723,Specifications Product Height 11 7/8 inches Product Width 20 5/8 inches Product Depth 16 5/8 inches App Compatible No Microwave Type Countertop Turntable Diameter 12 7/16 inches,ge - 1.0 cu. ft. convection countertop microwave with air fry,specifications product height 11 7/8 inches product width 20 5/8 inches product depth 16 5/8 inches app compatible no microwave type countertop turntable diameter 12 7/16 inches,GE - 1.0 Cu. Ft. Convection Countertop Microwave with Air Fry Specifications Product Height 11 7/8 inches Product Width 20 5/8 inches Product Depth 16 5/8 inches App Compatible No Microwave Type Countertop Turntable Diameter 12 7/16 inches
LG - 0.9 Cu. Ft. Countertop Microwave with Sensor Cooking and Smart Inverter,139.99,bestbuy.com,https://www.bestbuy.com/site/microwaves/all-microwaves/pcmcat748301803023.c?id=pcmcat748301803023&intl=nosplash,2025-01-18 22:31:01,microwaves,,https://www.bestbuy.com/site/lg-0-9-cu-ft-countertop-microwave-with-sensor-cooking-and-smart-inverter-stainless-steel/6577280.p?skuId=6577280,Specifications Product Height 11 inches Product Width 18 inches Product Depth 14 1/2 inches App Compatible No Microwave Type Countertop Turntable Diameter 12 inches,lg - 0.9 cu. ft. countertop microwave with sensor cooking and smart inverter,specifications product height 11 inches product width 18 inches product depth 14 1/2 inches app compatible no microwave type countertop turntable diameter 12 inches,LG - 0.9 Cu. Ft. Countertop Microwave with Sensor Cooking and Smart Inverter Specifications Product Height 11 inches Product Width 18 inches Product Depth 14 1/2 inches App Compatible No Microwave Type Countertop Turntable Diameter 12 inches
GE - 1.6 Cu. Ft. Over-the-Range Microwave with Convenience Cooking Controls,199.99,bestbuy.com,https://www.bestbuy.com/site/microwaves/all-microwaves/pcmcat748301803023.c?id=pcmcat748301803023&intl=nosplash,2025-01-18 22:31:01,microwaves,,https://www.bestbuy.com/site/ge-1-6-cu-ft-over-the-range-microwave-with-convenience-cooking-controls-stainless-steel/1624532.p?skuId=1624532,Specifications Product Height 16 1/8 inches Product Width 29 7/8 inches Product Depth 15 9/16 inches App Compatible No Microwave Type Over-the-range Turntable Diameter 12 3/4 inches,ge - 1.6 cu. ft. over-the-range microwave with convenience cooking controls,specifications product height 16 1/8 inches product width 29 7/8 inches product depth 15 9/16 inches app compatible no microwave type over-the-range turntable diameter 12 3/4 inches,GE - 1.6 Cu. Ft. Over-the-Range Microwave with Convenience Cooking Controls Specifications Product Height 16 1/8 inches Product Width 29 7/8 inches Product Depth 15 9/16 inches App Compatible No Microwave Type Over-the-range Turntable Diameter 12 3/4 inches
"Samsung - 1.1 cu. ft. Smart SLIM Over-the-Range Microwave with 550 CFM Hood Ventilation, Wi-Fi & Voice Control Steel",399.99,bestbuy.com,https://www.bestbuy.com/site/microwaves/all-microwaves/pcmcat748301803023.c?id=pcmcat748301803023&intl=nosplash,2025-01-18 22:31:01,microwaves,,https://www.bestbuy.com/site/samsung-1-1-cu-ft-smart-slim-over-the-range-microwave-with-550-cfm-hood-ventilation-wi-fi-voice-control-black-stainless-steel/6469084.p?skuId=6469084,Specifications Product Height 10 3/4 inches Product Width 29 7/8 inches Product Depth 19 1/8 inches App Compatible Yes Microwave Type Over-the-range Sensor Cook Yes,"samsung - 1.1 cu. ft. smart slim over-the-range microwave with 550 cfm hood ventilation, wi-fi & voice control steel",specifications product height 10 3/4 inches product width 29 7/8 inches product depth 19 1/8 inches app compatible yes microwave type over-the-range sensor cook yes,"Samsung - 1.1 cu. ft. Smart SLIM Over-the-Range Microwave with 550 CFM Hood Ventilation, Wi-Fi & Voice Control Steel Specifications Product Height 10 3/4 inches Product Width 29 7/8 inches Product Depth 19 1/8 inches App Compatible Yes Microwave Type Over-the-range Sensor Cook Yes"
Frigidaire - 1.8 Cu. Ft. Over-The-Range Microwave with PureAir Filter,279.99,bestbuy.com,https://www.bestbuy.com/site/microwaves/all-microwaves/pcmcat748301803023.c?id=pcmcat748301803023&intl=nosplash,2025-01-18 22:31:01,microwaves,,https://www.bestbuy.com/site/frigidaire-1-8-cu-ft-over-the-range-microwave-with-pureair-filter-white/6541171.p?skuId=6541171,Specifications Product Height 16 3/8 inches Product Width 29 7/8 inches Product Depth 15 3/4 inches App Compatible No Microwave Type Over-the-range Turntable Diameter 12 2/5 inches,frigidaire - 1.8 cu. ft. over-the-range microwave with pureair filter,specifications product height 16 3/8 inches product width 29 7/8 inches product depth 15 3/4 inches app compatible no microwave type over-the-range turntable diameter 12 2/5 inches,Frigidaire - 1.8 Cu. Ft. Over-The-Range Microwave with PureAir Filter Specifications Product Height 16 3/8 inches Product Width 29 7/8 inches Product Depth 15 3/4 inches App Compatible No Microwave Type Over-the-range Turntable Diameter 12 2/5 inches
Panasonic - 1.6 Cu. Ft. 1250Watt Countertop Microwave Oven with Cyclonic Inverter Technology/silver,204.99,bestbuy.com,https://www.bestbuy.com/site/microwaves/all-microwaves/pcmcat748301803023.c?id=pcmcat748301803023&intl=nosplash,2025-01-18 22:31:01,microwaves,,https://www.bestbuy.com/site/panasonic-1-6-cu-ft-1250watt-countertop-microwave-oven-with-cyclonic-inverter-technology-stainless-steel-silver/6580627.p?skuId=6580627,Specifications Product Height 11 15/16 inches Product Width 21 7/8 inches Product Depth 19 7/16 inches App Compatible No Microwave Type Countertop Turntable Diameter 15 inches,panasonic - 1.6 cu. ft. 1250watt countertop microwave oven with cyclonic inverter technology/silver,specifications product height 11 15/16 inches product width 21 7/8 inches product depth 19 7/16 inches app compatible no microwave type countertop turntable diameter 15 inches,Panasonic - 1.6 Cu. Ft. 1250Watt Countertop Microwave Oven with Cyclonic Inverter Technology/silver Specifications Product Height 11 15/16 inches Product Width 21 7/8 inches Product Depth 19 7/16 inches App Compatible No Microwave Type Countertop Turntable Diameter 15 inches
GE - 1.6 Cu. Ft. Countertop Microwave with Sensor Cooking and Defrost,159.99,bestbuy.com,https://www.bestbuy.com/site/microwaves/all-microwaves/pcmcat748301803023.c?id=pcmcat748301803023&intl=nosplash,2025-01-18 22:31:01,microwaves,,https://www.bestbuy.com/site/ge-1-6-cu-ft-countertop-microwave-with-sensor-cooking-and-defrost-stainless-steel/6580724.p?skuId=6580724,Specifications Product Height 12 7/8 inches Product Width 21 3/4 inches Product Depth 17 3/4 inches App Compatible No Microwave Type Countertop Turntable Diameter 13 5/8 inches,ge - 1.6 cu. ft. countertop microwave with sensor cooking and defrost,specifications product height 12 7/8 inches product width 21 3/4 inches product depth 17 3/4 inches app compatible no microwave type countertop turntable diameter 13 5/8 inches,GE - 1.6 Cu. Ft. Countertop Microwave with Sensor Cooking and Defrost Specifications Product Height 12 7/8 inches Product Width 21 3/4 inches Product Depth 17 3/4 inches App Compatible No Microwave Type Countertop Turntable Diameter 13 5/8 inches
Samsung - Bespoke 2.1 Cu. Ft. Over-the-Range Microwave with Sensor Cooking and Auto Dimming Glass Touch Controls,379.99,bestbuy.com,https://www.bestbuy.com/site/microwaves/all-microwaves/pcmcat748301803023.c?id=pcmcat748301803023&intl=nosplash,2025-01-18 22:31:01,microwaves,,https://www.bestbuy.com/site/samsung-bespoke-2-1-cu-ft-over-the-range-microwave-with-sensor-cooking-and-auto-dimming-glass-touch-controls-stainless-steel/6568551.p?skuId=6568551,"Specifications Product Height 17 1/16 inches Product Width 29 7/8 inches Product Depth 16 1/2 inches App Compatible Yes Works With Amazon Alexa, Bixby, Google Assistant Microwave Type Over-the-range",samsung - bespoke 2.1 cu. ft. over-the-range microwave with sensor cooking and auto dimming glass touch controls,"specifications product height 17 1/16 inches product width 29 7/8 inches product depth 16 1/2 inches app compatible yes works with amazon alexa, bixby, google assistant microwave type over-the-range","Samsung - Bespoke 2.1 Cu. Ft. Over-the-Range Microwave with Sensor Cooking and Auto Dimming Glass Touch Controls Specifications Product Height 17 1/16 inches Product Width 29 7/8 inches Product Depth 16 1/2 inches App Compatible Yes Works With Amazon Alexa, Bixby, Google Assistant Microwave Type Over-the-range"
GE Profile - Profile Series 1.7 Cu. Ft. Convection Over-the-Range Microwave with Sensor Cooking and Chef Connect,599.99,bestbuy.com,https://www.bestbuy.com/site/searchpage.jsp?_dyncharset=UTF-8&browsedCategory=pcmcat748301803023&cp=2&id=pcat17071&iht=n&ks=960&list=y&sc=Global&st=categoryid%24pcmcat748301803023&type=page&usc=All%20Categories,2025-01-18 22:31:01,microwaves,Save $40,https://www.bestbuy.com/site/ge-profile-profile-series-1-7-cu-ft-convection-over-the-range-microwave-with-sensor-cooking-and-chef-connect-stainless-steel/6497193.p?skuId=6497193,Specifications Product Height 16 5/16 inches Product Width 29 7/8 inches Product Depth 17 1/4 inches App Compatible No Microwave Type Over-the-range Turntable Diameter 13.6 inches,ge profile - profile series 1.7 cu. ft. convection over-the-range microwave with sensor cooking and chef connect,specifications product height 16 5/16 inches product width 29 7/8 inches product depth 17 1/4 inches app compatible no microwave type over-the-range turntable diameter 13.6 inches,GE Profile - Profile Series 1.7 Cu. Ft. Convection Over-the-Range Microwave with Sensor Cooking and Chef Connect Specifications Product Height 16 5/16 inches Product Width 29 7/8 inches Product Depth 17 1/4 inches App Compatible No Microwave Type Over-the-range Turntable Diameter 13.6 inches
Insignia™ - .7 Cu. Ft. Compact  Microwave,59.99,bestbuy.com,https://www.bestbuy.com/site/searchpage.jsp?_dyncharset=UTF-8&browsedCategory=pcmcat748301803023&cp=2&id=pcat17071&iht=n&ks=960&list=y&sc=Global&st=categoryid%24pcmcat748301803023&type=page&usc=All%20Categories,2025-01-18 22:31:01,microwaves,,https://www.bestbuy.com/site/insignia-7-cu-ft-compact-microwave-black/6568217.p?skuId=6568217,Specifications Product Height 10 3/16 inches Product Width 17 5/16 inches Product Depth 14 inches App Compatible No Microwave Type Countertop Turntable Diameter 10 inches,insignia™ - .7 cu. ft. compact  microwave,specifications product height 10 3/16 inches product width 17 5/16 inches product depth 14 inches app compatible no microwave type countertop turntable diameter 10 inches,Insignia™ - .7 Cu. Ft. Compact  Microwave Specifications Product Height 10 3/16 inches Product Width 17 5/16 inches Product Depth 14 inches App Compatible No Microwave Type Countertop Turntable Diameter 10 inches
Sharp - 1.1 Cu. Ft. Countertop Microwave Oven,129.99,bestbuy.com,https://www.bestbuy.com/site/searchpage.jsp?_dyncharset=UTF-8&browsedCategory=pcmcat748301803023&cp=2&id=pcat17071&iht=n&ks=960&list=y&sc=Global&st=categoryid%24pcmcat748301803023&type=page&usc=All%20Categories,2025-01-18 22:31:01,microwaves,,https://www.bestbuy.com/site/sharp-1-1-cu-ft-countertop-microwave-oven-black/6589444.p?skuId=6589444,Specifications Product Height 11 4/5 inches Product Width 20.6 inches Product Depth 14.7 inches App Compatible No Microwave Type Countertop Sensor Cook Yes,sharp - 1.1 cu. ft. countertop microwave oven,specifications product height 11 4/5 inches product width 20.6 inches product depth 14.7 inches app compatible no microwave type countertop sensor cook yes,Sharp - 1.1 Cu. Ft. Countertop Microwave Oven Specifications Product Height 11 4/5 inches Product Width 20.6 inches Product Depth 14.7 inches App Compatible No Microwave Type Countertop Sensor Cook Yes
GE - 1.1 Cu. Ft. Countertop Microwave with Convenience Cooking Controls,119.99,bestbuy.com,https://www.bestbuy.com/site/searchpage.jsp?_dyncharset=UTF-8&browsedCategory=pcmcat748301803023&cp=2&id=pcat17071&iht=n&ks=960&list=y&sc=Global&st=categoryid%24pcmcat748301803023&type=page&usc=All%20Categories,2025-01-18 22:31:01,microwaves,,https://www.bestbuy.com/site/ge-1-1-cu-ft-countertop-microwave-with-convenience-cooking-controls-stainless-steel/6580727.p?skuId=6580727,Specifications Product Height 12 inches Product Width 20 5/16 inches Product Depth 15 5/8 inches App Compatible No Microwave Type Countertop Turntable Diameter 12 3/4 inches,ge - 1.1 cu. ft. countertop microwave with convenience cooking controls,specifications product height 12 inches product width 20 5/16 inches product depth 15 5/8 inches app compatible no microwave type countertop turntable diameter 12 3/4 inches,GE - 1.1 Cu. Ft. Countertop Microwave with Convenience Cooking Controls Specifications Product Height 12 inches Product Width 20 5/16 inches Product Depth 15 5/8 inches App Compatible No Microwave Type Countertop Turntable Diameter 12 3/4 inches
Insignia™ - .9 Cu. Ft. Compact Countertop Microwave,89.99,bestbuy.com,https://www.bestbuy.com/site/searchpage.jsp?_dyncharset=UTF-8&browsedCategory=pcmcat748301803023&cp=2&id=pcat17071&iht=n&ks=960&list=y&sc=Global&st=categoryid%24pcmcat748301803023&type=page&usc=All%20Categories,2025-01-18 22:31:01,microwaves,,https://www.bestbuy.com/site/insignia-9-cu-ft-compact-countertop-microwave-stainless-steel/6568215.p?skuId=6568215,Specifications Product Height 10 3/4 inches Product Width 18 5/8 inches Product Depth 14 1/2 inches App Compatible No Microwave Type Countertop Turntable Diameter 10.6 inches,insignia™ - .9 cu. ft. compact countertop microwave,specifications product height 10 3/4 inches product width 18 5/8 inches product depth 14 1/2 inches app compatible no microwave type countertop turntable diameter 10.6 inches,Insignia™ - .9 Cu. Ft. Compact Countertop Microwave Specifications Product Height 10 3/4 inches Product Width 18 5/8 inches Product Depth 14 1/2 inches App Compatible No Microwave Type Countertop Turntable Diameter 10.6 inches
LG - 1.3 Cu. Ft. Low-Profile Over-The-Range Microwave with Sensor Cook and Zero Clearance Door,449.99,bestbuy.com,https://www.bestbuy.com/site/searchpage.jsp?_dyncharset=UTF-8&browsedCategory=pcmcat748301803023&cp=2&id=pcat17071&iht=n&ks=960&list=y&sc=Global&st=categoryid%24pcmcat748301803023&type=page&usc=All%20Categories,2025-01-18 22:31:01,microwaves,,https://www.bestbuy.com/site/lg-1-3-cu-ft-low-profile-over-the-range-microwave-with-sensor-cook-and-zero-clearance-door-black/6571540.p?skuId=6571540,"Specifications Product Height 11 15/16 inches Product Width 29 7/8 inches Product Depth 19 3/16 inches App Compatible Yes Works With Amazon Alexa, Google Assistant Microwave Type Over-the-range",lg - 1.3 cu. ft. low-profile over-the-range microwave with sensor cook and zero clearance door,"specifications product height 11 15/16 inches product width 29 7/8 inches product depth 19 3/16 inches app compatible yes works with amazon alexa, google assistant microwave type over-the-range","LG - 1.3 Cu. Ft. Low-Profile Over-The-Range Microwave with Sensor Cook and Zero Clearance Door Specifications Product Height 11 15/16 inches Product Width 29 7/8 inches Product Depth 19 3/16 inches App Compatible Yes Works With Amazon Alexa, Google Assistant Microwave Type Over-the-range"
Sharp - 1.1 cu. ft. 1000W Countertop Microwave,129.99,bestbuy.com,https://www.bestbuy.com/site/searchpage.jsp?_dyncharset=UTF-8&browsedCategory=pcmcat748301803023&cp=2&id=pcat17071&iht=n&ks=960&list=y&sc=Global&st=categoryid%24pcmcat748301803023&type=page&usc=All%20Categories,2025-01-18 22:31:01,microwaves,,https://www.bestbuy.com/site/sharp-1-1-cu-ft-1000w-countertop-microwave-white/6576576.p?skuId=6576576,Specifications Product Height 11 4/5 inches Product Width 20 3/5 inches Product Depth 14 2/3 inches App Compatible No Microwave Type Countertop Turntable Diameter 12.4 inches,sharp - 1.1 cu. ft. 1000w countertop microwave,specifications product height 11 4/5 inches product width 20 3/5 inches product depth 14 2/3 inches app compatible no microwave type countertop turntable diameter 12.4 inches,Sharp - 1.1 cu. ft. 1000W Countertop Microwave Specifications Product Height 11 4/5 inches Product Width 20 3/5 inches Product Depth 14 2/3 inches App Compatible No Microwave Type Countertop Turntable Diameter 12.4 inches
Whirlpool - 1.1 Cu. Ft. Over-the-Range Microwave with Flush Built-in Design,349.99,bestbuy.com,https://www.bestbuy.com/site/searchpage.jsp?_dyncharset=UTF-8&browsedCategory=pcmcat748301803023&cp=2&id=pcat17071&iht=n&ks=960&list=y&sc=Global&st=categoryid%24pcmcat748301803023&type=page&usc=All%20Categories,2025-01-18 22:31:01,microwaves,,https://www.bestbuy.com/site/whirlpool-1-1-cu-ft-over-the-range-microwave-with-flush-built-in-design-stainless-steel/6552937.p?skuId=6552937,Specifications Product Height 17 7/8 inches Product Width 30 inches Product Depth 12 3/4 inches App Compatible No Microwave Type Over-the-range Sensor Cook No,whirlpool - 1.1 cu. ft. over-the-range microwave with flush built-in design,specifications product height 17 7/8 inches product width 30 inches product depth 12 3/4 inches app compatible no microwave type over-the-range sensor cook no,Whirlpool - 1.1 Cu. Ft. Over-the-Range Microwave with Flush Built-in Design Specifications Product Height 17 7/8 inches Product Width 30 inches Product Depth 12 3/4 inches App Compatible No Microwave Type Over-the-range Sensor Cook No
GE - 1.7 Cu. Ft. Over-the-Range Microwave with Sensor Cooking and Defrost,229.99,bestbuy.com,https://www.bestbuy.com/site/searchpage.jsp?_dyncharset=UTF-8&browsedCategory=pcmcat748301803023&cp=2&id=pcat17071&iht=n&ks=960&list=y&sc=Global&st=categoryid%24pcmcat748301803023&type=page&usc=All%20Categories,2025-01-18 22:31:01,microwaves,,https://www.bestbuy.com/site/ge-1-7-cu-ft-over-the-range-microwave-with-sensor-cooking-and-defrost-stainless-steel/5268301.p?skuId=5268301,Specifications Product Height 16 5/16 inches Product Width 29 7/8 inches Product Depth 15 inches App Compatible No Microwave Type Over-the-range Turntable Diameter 12.8 inches,ge - 1.7 cu. ft. over-the-range microwave with sensor cooking and defrost,specifications product height 16 5/16 inches product width 29 7/8 inches product depth 15 inches app compatible no microwave type over-the-range turntable diameter 12.8 inches,GE - 1.7 Cu. Ft. Over-the-Range Microwave with Sensor Cooking and Defrost Specifications Product Height 16 5/16 inches Product Width 29 7/8 inches Product Depth 15 inches App Compatible No Microwave Type Over-the-range Turntable Diameter 12.8 inches
KitchenAid - 1.1 Cu. Ft. Over-the-Range Microwave with Sensor Cooking Steel,899.99,bestbuy.com,https://www.bestbuy.com/site/searchpage.jsp?_dyncharset=UTF-8&browsedCategory=pcmcat748301803023&cp=2&id=pcat17071&iht=n&ks=960&list=y&sc=Global&st=categoryid%24pcmcat748301803023&type=page&usc=All%20Categories,2025-01-18 22:31:01,microwaves,,https://www.bestbuy.com/site/kitchenaid-1-1-cu-ft-over-the-range-microwave-with-sensor-cooking-black-stainless-steel/6239570.p?skuId=6239570,Specifications Product Height 10 1/4 inches Product Width 30 inches Product Depth 18 inches App Compatible No Microwave Type Over-the-range Turntable Diameter 12 inches,kitchenaid - 1.1 cu. ft. over-the-range microwave with sensor cooking steel,specifications product height 10 1/4 inches product width 30 inches product depth 18 inches app compatible no microwave type over-the-range turntable diameter 12 inches,KitchenAid - 1.1 Cu. Ft. Over-the-Range Microwave with Sensor Cooking Steel Specifications Product Height 10 1/4 inches Product Width 30 inches Product Depth 18 inches App Compatible No Microwave Type Over-the-range Turntable Diameter 12 inches
GE - 0.7 Cu. Ft. Countertop Microwave with Convenience Cooking Controls Steel,94.99,bestbuy.com,https://www.bestbuy.com/site/searchpage.jsp?_dyncharset=UTF-8&browsedCategory=pcmcat748301803023&cp=2&id=pcat17071&iht=n&ks=960&list=y&sc=Global&st=categoryid%24pcmcat748301803023&type=page&usc=All%20Categories,2025-01-18 22:31:01,microwaves,,https://www.bestbuy.com/site/ge-0-7-cu-ft-countertop-microwave-with-convenience-cooking-controls-black-stainless-steel/6580722.p?skuId=6580722,Specifications Product Height 10 3/16 inches Product Width 17 5/16 inches Product Depth 12 3/4 inches App Compatible No Microwave Type Countertop Turntable Diameter 10 1/4 inches,ge - 0.7 cu. ft. countertop microwave with convenience cooking controls steel,specifications product height 10 3/16 inches product width 17 5/16 inches product depth 12 3/4 inches app compatible no microwave type countertop turntable diameter 10 1/4 inches,GE - 0.7 Cu. Ft. Countertop Microwave with Convenience Cooking Controls Steel Specifications Product Height 10 3/16 inches Product Width 17 5/16 inches Product Depth 12 3/4 inches App Compatible No Microwave Type Countertop Turntable Diameter 10 1/4 inches
GE - 1.9 Cu. Ft. Over-the-Range Microwave with Sensor Cooking and Steam Cleaning,269.99,bestbuy.com,https://www.bestbuy.com/site/searchpage.jsp?_dyncharset=UTF-8&browsedCategory=pcmcat748301803023&cp=2&id=pcat17071&iht=n&ks=960&list=y&sc=Global&st=categoryid%24pcmcat748301803023&type=page&usc=All%20Categories,2025-01-18 22:31:01,microwaves,,https://www.bestbuy.com/site/ge-1-9-cu-ft-over-the-range-microwave-with-sensor-cooking-and-steam-cleaning-white/5291511.p?skuId=5291511,Specifications Product Height 16 1/2 inches Product Width 29 3/4 inches Product Depth 15 1/2 inches App Compatible No Microwave Type Over-the-range Turntable Diameter 14 1/4 inches,ge - 1.9 cu. ft. over-the-range microwave with sensor cooking and steam cleaning,specifications product height 16 1/2 inches product width 29 3/4 inches product depth 15 1/2 inches app compatible no microwave type over-the-range turntable diameter 14 1/4 inches,GE - 1.9 Cu. Ft. Over-the-Range Microwave with Sensor Cooking and Steam Cleaning Specifications Product Height 16 1/2 inches Product Width 29 3/4 inches Product Depth 15 1/2 inches App Compatible No Microwave Type Over-the-range Turntable Diameter 14 1/4 inches
Frigidaire - 1.7 Cu. Ft. Over-The-Range Microwave with Quick Start,199.99,bestbuy.com,https://www.bestbuy.com/site/searchpage.jsp?_dyncharset=UTF-8&browsedCategory=pcmcat748301803023&cp=2&id=pcat17071&iht=n&ks=960&list=y&sc=Global&st=categoryid%24pcmcat748301803023&type=page&usc=All%20Categories,2025-01-18 22:31:01,microwaves,,https://www.bestbuy.com/site/frigidaire-1-7-cu-ft-over-the-range-microwave-with-quick-start-stainless-steel/6603035.p?skuId=6603035,Specifications Product Height 16 4/9 inches Product Width 29 7/8 inches Product Depth 15 4/9 inches App Compatible No Microwave Type Over-the-range Turntable Diameter 12.4 inches,frigidaire - 1.7 cu. ft. over-the-range microwave with quick start,specifications product height 16 4/9 inches product width 29 7/8 inches product depth 15 4/9 inches app compatible no microwave type over-the-range turntable diameter 12.4 inches,Frigidaire - 1.7 Cu. Ft. Over-The-Range Microwave with Quick Start Specifications Product Height 16 4/9 inches Product Width 29 7/8 inches Product Depth 15 4/9 inches App Compatible No Microwave Type Over-the-range Turntable Diameter 12.4 inches
LG - 2.1 Cu. Ft. Over-the-Range Smart Microwave with Sensor Cooking and ExtendaVent 2.0,399.99,bestbuy.com,https://www.bestbuy.com/site/searchpage.jsp?_dyncharset=UTF-8&browsedCategory=pcmcat748301803023&cp=2&id=pcat17071&iht=n&ks=960&list=y&sc=Global&st=categoryid%24pcmcat748301803023&type=page&usc=All%20Categories,2025-01-18 22:31:01,microwaves,,https://www.bestbuy.com/site/lg-2-1-cu-ft-over-the-range-smart-microwave-with-sensor-cooking-and-extendavent-2-0-stainless-steel/6508557.p?skuId=6508557,"Specifications Product Height 17 3/4 inches Product Width 29 15/16 inches Product Depth 15 13/16 inches App Compatible Yes Works With Amazon Alexa, Google Assistant Microwave Type Over-the-range",lg - 2.1 cu. ft. over-the-range smart microwave with sensor cooking and extendavent 2.0,"specifications product height 17 3/4 inches product width 29 15/16 inches product depth 15 13/16 inches app compatible yes works with amazon alexa, google assistant microwave type over-the-range","LG - 2.1 Cu. Ft. Over-the-Range Smart Microwave with Sensor Cooking and ExtendaVent 2.0 Specifications Product Height 17 3/4 inches Product Width 29 15/16 inches Product Depth 15 13/16 inches App Compatible Yes Works With Amazon Alexa, Google Assistant Microwave Type Over-the-range"
Samsung - 1.7 cu. ft. Over-the-Range Convection Microwave with WiFi Steel,449.99,bestbuy.com,https://www.bestbuy.com/site/searchpage.jsp?_dyncharset=UTF-8&browsedCategory=pcmcat748301803023&cp=3&id=pcat17071&iht=n&ks=960&list=y&sc=Global&st=categoryid%24pcmcat748301803023&type=page&usc=All%20Categories,2025-01-18 22:31:01,microwaves,Save $207,https://www.bestbuy.com/site/samsung-1-7-cu-ft-over-the-range-convection-microwave-with-wifi-black-stainless-steel/6419339.p?skuId=6419339,Specifications Product Height 16 15/16 inches Product Width 29 7/8 inches Product Depth 16 19/32 inches App Compatible Yes Microwave Type Over-the-range Turntable Diameter 13.56 inches,samsung - 1.7 cu. ft. over-the-range convection microwave with wifi steel,specifications product height 16 15/16 inches product width 29 7/8 inches product depth 16 19/32 inches app compatible yes microwave type over-the-range turntable diameter 13.56 inches,Samsung - 1.7 cu. ft. Over-the-Range Convection Microwave with WiFi Steel Specifications Product Height 16 15/16 inches Product Width 29 7/8 inches Product Depth 16 19/32 inches App Compatible Yes Microwave Type Over-the-range Turntable Diameter 13.56 inches
Samsung - 1.7 Cu. Ft. Over-the-Range Microwave Steel,219.99,bestbuy.com,https://www.bestbuy.com/site/searchpage.jsp?_dyncharset=UTF-8&browsedCategory=pcmcat748301803023&cp=3&id=pcat17071&iht=n&ks=960&list=y&sc=Global&st=categoryid%24pcmcat748301803023&type=page&usc=All%20Categories,2025-01-18 22:31:01,microwaves,Save $113,https://www.bestbuy.com/site/samsung-1-7-cu-ft-over-the-range-microwave-black-stainless-steel/6396301.p?skuId=6396301,Specifications Product Height 17 1/16 inches Product Width 29 7/8 inches Product Depth 16 1/2 inches App Compatible No Microwave Type Over-the-range Turntable Diameter 11 1/2 inches,samsung - 1.7 cu. ft. over-the-range microwave steel,specifications product height 17 1/16 inches product width 29 7/8 inches product depth 16 1/2 inches app compatible no microwave type over-the-range turntable diameter 11 1/2 inches,Samsung - 1.7 Cu. Ft. Over-the-Range Microwave Steel Specifications Product Height 17 1/16 inches Product Width 29 7/8 inches Product Depth 16 1/2 inches App Compatible No Microwave Type Over-the-range Turntable Diameter 11 1/2 inches
Whirlpool - 2.2 Cu. Ft. Countertop Microwave with Sensor Cooking,332.99,bestbuy.com,https://www.bestbuy.com/site/searchpage.jsp?_dyncharset=UTF-8&browsedCategory=pcmcat748301803023&cp=3&id=pcat17071&iht=n&ks=960&list=y&sc=Global&st=categoryid%24pcmcat748301803023&type=page&usc=All%20Categories,2025-01-18 22:31:01,microwaves,,https://www.bestbuy.com/site/whirlpool-2-2-cu-ft-countertop-microwave-with-sensor-cooking-stainless-steel/6585626.p?skuId=6585626,Specifications Product Height 14 9/50 inches Product Width 24 3/4 inches Product Depth 19 1/4 inches App Compatible No Microwave Type Countertop Turntable Diameter 16 1/2 inches,whirlpool - 2.2 cu. ft. countertop microwave with sensor cooking,specifications product height 14 9/50 inches product width 24 3/4 inches product depth 19 1/4 inches app compatible no microwave type countertop turntable diameter 16 1/2 inches,Whirlpool - 2.2 Cu. Ft. Countertop Microwave with Sensor Cooking Specifications Product Height 14 9/50 inches Product Width 24 3/4 inches Product Depth 19 1/4 inches App Compatible No Microwave Type Countertop Turntable Diameter 16 1/2 inches
Whirlpool - 1.1 Cu. Ft. Low Profile Over-the-Range Microwave Hood Combination,399.99,bestbuy.com,https://www.bestbuy.com/site/searchpage.jsp?_dyncharset=UTF-8&browsedCategory=pcmcat748301803023&cp=3&id=pcat17071&iht=n&ks=960&list=y&sc=Global&st=categoryid%24pcmcat748301803023&type=page&usc=All%20Categories,2025-01-18 22:31:01,microwaves,,https://www.bestbuy.com/site/whirlpool-1-1-cu-ft-low-profile-over-the-range-microwave-hood-combination-stainless-steel/6196916.p?skuId=6196916,Specifications Product Height 10 5/16 inches Product Width 29 7/8 inches Product Depth 18 inches App Compatible No Microwave Type Over-the-range Turntable Diameter 12 inches,whirlpool - 1.1 cu. ft. low profile over-the-range microwave hood combination,specifications product height 10 5/16 inches product width 29 7/8 inches product depth 18 inches app compatible no microwave type over-the-range turntable diameter 12 inches,Whirlpool - 1.1 Cu. Ft. Low Profile Over-the-Range Microwave Hood Combination Specifications Product Height 10 5/16 inches Product Width 29 7/8 inches Product Depth 18 inches App Compatible No Microwave Type Over-the-range Turntable Diameter 12 inches
Whirlpool - 1.9 Cu. Ft. Over-the-Range Microwave with Sensor Cooking,399.99,bestbuy.com,https://www.bestbuy.com/site/searchpage.jsp?_dyncharset=UTF-8&browsedCategory=pcmcat748301803023&cp=3&id=pcat17071&iht=n&ks=960&list=y&sc=Global&st=categoryid%24pcmcat748301803023&type=page&usc=All%20Categories,2025-01-18 22:31:01,microwaves,,https://www.bestbuy.com/site/whirlpool-1-9-cu-ft-over-the-range-microwave-with-sensor-cooking-stainless-steel/5900308.p?skuId=5900308,Specifications Product Height 17 1/8 inches Product Width 29 7/8 inches Product Depth 15 5/8 inches App Compatible No Microwave Type Over-the-range Turntable Diameter 12 inches,whirlpool - 1.9 cu. ft. over-the-range microwave with sensor cooking,specifications product height 17 1/8 inches product width 29 7/8 inches product depth 15 5/8 inches app compatible no microwave type over-the-range turntable diameter 12 inches,Whirlpool - 1.9 Cu. Ft. Over-the-Range Microwave with Sensor Cooking Specifications Product Height 17 1/8 inches Product Width 29 7/8 inches Product Depth 15 5/8 inches App Compatible No Microwave Type Over-the-range Turntable Diameter 12 inches
LG - 1.7 Cu. Ft. Convection Over-the-Range Microwave with Sensor Cooking and Air Fry Steel,549.99,bestbuy.com,https://www.bestbuy.com/site/searchpage.jsp?_dyncharset=UTF-8&browsedCategory=pcmcat748301803023&cp=3&id=pcat17071&iht=n&ks=960&list=y&sc=Global&st=categoryid%24pcmcat748301803023&type=page&usc=All%20Categories,2025-01-18 22:31:01,microwaves,,https://www.bestbuy.com/site/lg-1-7-cu-ft-convection-over-the-range-microwave-with-sensor-cooking-and-air-fry-black-stainless-steel/6508555.p?skuId=6508555,"Specifications Product Height 16 7/16 inches Product Width 29 15/16 inches Product Depth 15 1/4 inches App Compatible Yes Works With Amazon Alexa, Google Assistant Microwave Type Over-the-range",lg - 1.7 cu. ft. convection over-the-range microwave with sensor cooking and air fry steel,"specifications product height 16 7/16 inches product width 29 15/16 inches product depth 15 1/4 inches app compatible yes works with amazon alexa, google assistant microwave type over-the-range","LG - 1.7 Cu. Ft. Convection Over-the-Range Microwave with Sensor Cooking and Air Fry Steel Specifications Product Height 16 7/16 inches Product Width 29 15/16 inches Product Depth 15 1/4 inches App Compatible Yes Works With Amazon Alexa, Google Assistant Microwave Type Over-the-range"
GE - Profile Series 1.1 Cu. Ft. Built-In Microwave with Sensor Cooking and Defrost,479.0,bestbuy.com,https://www.bestbuy.com/site/searchpage.jsp?_dyncharset=UTF-8&browsedCategory=pcmcat748301803023&cp=3&id=pcat17071&iht=n&ks=960&list=y&sc=Global&st=categoryid%24pcmcat748301803023&type=page&usc=All%20Categories,2025-01-18 22:31:01,microwaves,,https://www.bestbuy.com/site/ge-profile-series-1-1-cu-ft-built-in-microwave-with-sensor-cooking-and-defrost-stainless-steel/2557267.p?skuId=2557267,Specifications Product Height 12 1/8 inches Product Width 24 inches Product Depth 12 7/8 inches App Compatible No Microwave Type Built-in Turntable Diameter 10 5/8 inches,ge - profile series 1.1 cu. ft. built-in microwave with sensor cooking and defrost,specifications product height 12 1/8 inches product width 24 inches product depth 12 7/8 inches app compatible no microwave type built-in turntable diameter 10 5/8 inches,GE - Profile Series 1.1 Cu. Ft. Built-In Microwave with Sensor Cooking and Defrost Specifications Product Height 12 1/8 inches Product Width 24 inches Product Depth 12 7/8 inches App Compatible No Microwave Type Built-in Turntable Diameter 10 5/8 inches
GE Profile - 2.1 Cu. Ft. Over-the-Range Microwave with Sensor Cooking and Chef Connect,419.99,bestbuy.com,https://www.bestbuy.com/site/searchpage.jsp?_dyncharset=UTF-8&browsedCategory=pcmcat748301803023&cp=3&id=pcat17071&iht=n&ks=960&list=y&sc=Global&st=categoryid%24pcmcat748301803023&type=page&usc=All%20Categories,2025-01-18 22:31:01,microwaves,,https://www.bestbuy.com/site/ge-profile-2-1-cu-ft-over-the-range-microwave-with-sensor-cooking-and-chef-connect-stainless-steel/4321128.p?skuId=4321128,Specifications Product Height 16 7/16 inches Product Width 29 7/8 inches Product Depth 15 9/16 inches App Compatible No Microwave Type Over-the-range Turntable Diameter 14.2 inches,ge profile - 2.1 cu. ft. over-the-range microwave with sensor cooking and chef connect,specifications product height 16 7/16 inches product width 29 7/8 inches product depth 15 9/16 inches app compatible no microwave type over-the-range turntable diameter 14.2 inches,GE Profile - 2.1 Cu. Ft. Over-the-Range Microwave with Sensor Cooking and Chef Connect Specifications Product Height 16 7/16 inches Product Width 29 7/8 inches Product Depth 15 9/16 inches App Compatible No Microwave Type Over-the-range Turntable Diameter 14.2 inches
Insignia™ - 1.7 Cu. Ft. Over-the-Range Microwave,179.99,bestbuy.com,https://www.bestbuy.com/site/searchpage.jsp?_dyncharset=UTF-8&browsedCategory=pcmcat748301803023&cp=3&id=pcat17071&iht=n&ks=960&list=y&sc=Global&st=categoryid%24pcmcat748301803023&type=page&usc=All%20Categories,2025-01-18 22:31:01,microwaves,,https://www.bestbuy.com/site/insignia-1-7-cu-ft-over-the-range-microwave-stainless-steel/6499238.p?skuId=6499238,Specifications Product Height 16 7/16 inches Product Width 29 15/16 inches Product Depth 17 3/4 inches App Compatible No Microwave Type Over-the-range Turntable Diameter 13.6 inches,insignia™ - 1.7 cu. ft. over-the-range microwave,specifications product height 16 7/16 inches product width 29 15/16 inches product depth 17 3/4 inches app compatible no microwave type over-the-range turntable diameter 13.6 inches,Insignia™ - 1.7 Cu. Ft. Over-the-Range Microwave Specifications Product Height 16 7/16 inches Product Width 29 15/16 inches Product Depth 17 3/4 inches App Compatible No Microwave Type Over-the-range Turntable Diameter 13.6 inches
KitchenAid - 1.4 Cu. Ft. Built-In Microwave,1664.99,bestbuy.com,https://www.bestbuy.com/site/searchpage.jsp?_dyncharset=UTF-8&browsedCategory=pcmcat748301803023&cp=3&id=pcat17071&iht=n&ks=960&list=y&sc=Global&st=categoryid%24pcmcat748301803023&type=page&usc=All%20Categories,2025-01-18 22:31:01,microwaves,,https://www.bestbuy.com/site/kitchenaid-1-4-cu-ft-built-in-microwave-stainless-steel/7702039.p?skuId=7702039,Specifications Product Height 17 7/8 inches Product Width 23 3/4 inches Product Depth 21 1/4 inches App Compatible No Microwave Type Built-in Turntable Diameter 15 3/4 inches,kitchenaid - 1.4 cu. ft. built-in microwave,specifications product height 17 7/8 inches product width 23 3/4 inches product depth 21 1/4 inches app compatible no microwave type built-in turntable diameter 15 3/4 inches,KitchenAid - 1.4 Cu. Ft. Built-In Microwave Specifications Product Height 17 7/8 inches Product Width 23 3/4 inches Product Depth 21 1/4 inches App Compatible No Microwave Type Built-in Turntable Diameter 15 3/4 inches
Panasonic - 2.2 Cu. Ft. 1250 Watt SN97JS Microwave with Cyclonic Inverter and Sensor Cooking,343.99,bestbuy.com,https://www.bestbuy.com/site/searchpage.jsp?_dyncharset=UTF-8&browsedCategory=pcmcat748301803023&cp=3&id=pcat17071&iht=n&ks=960&list=y&sc=Global&st=categoryid%24pcmcat748301803023&type=page&usc=All%20Categories,2025-01-18 22:31:01,microwaves,,https://www.bestbuy.com/site/panasonic-2-2-cu-ft-1250-watt-sn97js-microwave-with-cyclonic-inverter-and-sensor-cooking-stainless-steel/6314380.p?skuId=6314380,Specifications Product Height 14 inches Product Width 23 7/8 inches Product Depth 19 7/16 inches App Compatible No Microwave Type Countertop Turntable Diameter 16 1/2 inches,panasonic - 2.2 cu. ft. 1250 watt sn97js microwave with cyclonic inverter and sensor cooking,specifications product height 14 inches product width 23 7/8 inches product depth 19 7/16 inches app compatible no microwave type countertop turntable diameter 16 1/2 inches,Panasonic - 2.2 Cu. Ft. 1250 Watt SN97JS Microwave with Cyclonic Inverter and Sensor Cooking Specifications Product Height 14 inches Product Width 23 7/8 inches Product Depth 19 7/16 inches App Compatible No Microwave Type Countertop Turntable Diameter 16 1/2 inches
Panasonic - 1.2 Cu. Ft. 1200-Watt Countertop Microwave Oven with Inverter Technology,199.99,bestbuy.com,https://www.bestbuy.com/site/searchpage.jsp?_dyncharset=UTF-8&browsedCategory=pcmcat748301803023&cp=3&id=pcat17071&iht=n&ks=960&list=y&sc=Global&st=categoryid%24pcmcat748301803023&type=page&usc=All%20Categories,2025-01-18 22:31:01,microwaves,,https://www.bestbuy.com/site/panasonic-1-2-cu-ft-1200-watt-countertop-microwave-oven-with-inverter-technology-stainless-steel/6580660.p?skuId=6580660,Specifications Product Height 12 1/5 inches Product Width 20 2/3 inches Product Depth 15 4/5 inches App Compatible No Microwave Type Countertop Turntable Diameter 16 1/2 inches,panasonic - 1.2 cu. ft. 1200-watt countertop microwave oven with inverter technology,specifications product height 12 1/5 inches product width 20 2/3 inches product depth 15 4/5 inches app compatible no microwave type countertop turntable diameter 16 1/2 inches,Panasonic - 1.2 Cu. Ft. 1200-Watt Countertop Microwave Oven with Inverter Technology Specifications Product Height 12 1/5 inches Product Width 20 2/3 inches Product Depth 15 4/5 inches App Compatible No Microwave Type Countertop Turntable Diameter 16 1/2 inches
Samsung - Bespoke 2.1 Cu. Ft. Over-the-Range Microwave with Sensor Cooking and Edge to Edge Glass Display Steel,399.99,bestbuy.com,https://www.bestbuy.com/site/searchpage.jsp?_dyncharset=UTF-8&browsedCategory=pcmcat748301803023&cp=3&id=pcat17071&iht=n&ks=960&list=y&sc=Global&st=categoryid%24pcmcat748301803023&type=page&usc=All%20Categories,2025-01-18 22:31:01,microwaves,,https://www.bestbuy.com/site/samsung-bespoke-2-1-cu-ft-over-the-range-microwave-with-sensor-cooking-and-edge-to-edge-glass-display-matte-black-steel/6568550.p?skuId=6568550,"Specifications Product Height 17 1/16 inches Product Width 29 7/8 inches Product Depth 16 1/2 inches App Compatible Yes Works With Amazon Alexa, Bixby, Google Assistant Microwave Type Over-the-range",samsung - bespoke 2.1 cu. ft. over-the-range microwave with sensor cooking and edge to edge glass display steel,"specifications product height 17 1/16 inches product width 29 7/8 inches product depth 16 1/2 inches app compatible yes works with amazon alexa, bixby, google assistant microwave type over-the-range","Samsung - Bespoke 2.1 Cu. Ft. Over-the-Range Microwave with Sensor Cooking and Edge to Edge Glass Display Steel Specifications Product Height 17 1/16 inches Product Width 29 7/8 inches Product Depth 16 1/2 inches App Compatible Yes Works With Amazon Alexa, Bixby, Google Assistant Microwave Type Over-the-range"
Panasonic - 2.2-Cu. Ft. Built-In/Countertop Cyclonic Wave Microwave Oven with Inverter Technology,419.99,bestbuy.com,https://www.bestbuy.com/site/searchpage.jsp?_dyncharset=UTF-8&browsedCategory=pcmcat748301803023&cp=3&id=pcat17071&iht=n&ks=960&list=y&sc=Global&st=categoryid%24pcmcat748301803023&type=page&usc=All%20Categories,2025-01-18 22:31:01,microwaves,,https://www.bestbuy.com/site/panasonic-2-2-cu-ft-built-in-countertop-cyclonic-wave-microwave-oven-with-inverter-technology-stainless-steel/6279504.p?skuId=6279504,Specifications Product Height 14 inches Product Width 23 9/10 inches Product Depth 19 2/5 inches App Compatible No Microwave Type Countertop Turntable Diameter 16 1/2 inches,panasonic - 2.2-cu. ft. built-in/countertop cyclonic wave microwave oven with inverter technology,specifications product height 14 inches product width 23 9/10 inches product depth 19 2/5 inches app compatible no microwave type countertop turntable diameter 16 1/2 inches,Panasonic - 2.2-Cu. Ft. Built-In/Countertop Cyclonic Wave Microwave Oven with Inverter Technology Specifications Product Height 14 inches Product Width 23 9/10 inches Product Depth 19 2/5 inches App Compatible No Microwave Type Countertop Turntable Diameter 16 1/2 inches
GE - 1.4 Cu. Ft. Over-the-Range Microwave with Sensor Cooking and LED Interior and Surface Lighting,449.99,bestbuy.com,https://www.bestbuy.com/site/searchpage.jsp?_dyncharset=UTF-8&browsedCategory=pcmcat748301803023&cp=3&id=pcat17071&iht=n&ks=960&list=y&sc=Global&st=categoryid%24pcmcat748301803023&type=page&usc=All%20Categories,2025-01-18 22:31:01,microwaves,,https://www.bestbuy.com/site/ge-1-4-cu-ft-over-the-range-microwave-with-sensor-cooking-and-led-interior-and-surface-lighting-stainless-steel/6587846.p?skuId=6587846,Specifications Product Height 17 inches Product Width 23 13/16 inches Product Depth 16 3/8 inches App Compatible No Microwave Type Over-the-range Turntable Diameter 13 1/2 inches,ge - 1.4 cu. ft. over-the-range microwave with sensor cooking and led interior and surface lighting,specifications product height 17 inches product width 23 13/16 inches product depth 16 3/8 inches app compatible no microwave type over-the-range turntable diameter 13 1/2 inches,GE - 1.4 Cu. Ft. Over-the-Range Microwave with Sensor Cooking and LED Interior and Surface Lighting Specifications Product Height 17 inches Product Width 23 13/16 inches Product Depth 16 3/8 inches App Compatible No Microwave Type Over-the-range Turntable Diameter 13 1/2 inches
Sharp - 2.2 cu. ft. 1200W Microwave with Inverter Cooking - Stainless,229.99,bestbuy.com,https://www.bestbuy.com/site/searchpage.jsp?_dyncharset=UTF-8&browsedCategory=pcmcat748301803023&cp=3&id=pcat17071&iht=n&ks=960&list=y&sc=Global&st=categoryid%24pcmcat748301803023&type=page&usc=All%20Categories,2025-01-18 22:31:01,microwaves,,https://www.bestbuy.com/site/sharp-2-2-cu-ft-1200w-microwave-with-inverter-cooking-stainless-stainless-steel/6576580.p?skuId=6576580,Specifications Product Height 13 3/5 inches Product Width 24 2/5 inches Product Depth 19 3/5 inches App Compatible No Microwave Type Countertop Turntable Diameter 16.5 inches,sharp - 2.2 cu. ft. 1200w microwave with inverter cooking - stainless,specifications product height 13 3/5 inches product width 24 2/5 inches product depth 19 3/5 inches app compatible no microwave type countertop turntable diameter 16.5 inches,Sharp - 2.2 cu. ft. 1200W Microwave with Inverter Cooking - Stainless Specifications Product Height 13 3/5 inches Product Width 24 2/5 inches Product Depth 19 3/5 inches App Compatible No Microwave Type Countertop Turntable Diameter 16.5 inches
Breville - the Compact Wave Soft Close 0.9 Cu. Ft. Microwave,249.99,bestbuy.com,https://www.bestbuy.com/site/searchpage.jsp?_dyncharset=UTF-8&browsedCategory=pcmcat748301803023&cp=3&id=pcat17071&iht=n&ks=960&list=y&sc=Global&st=categoryid%24pcmcat748301803023&type=page&usc=All%20Categories,2025-01-18 22:31:01,microwaves,,https://www.bestbuy.com/site/breville-the-compact-wave-soft-close-0-9-cu-ft-microwave-silver/6362518.p?skuId=6362518,Specifications Product Height 11 1/2 inches Product Width 19 inches Product Depth 17 1/3 inches App Compatible No Microwave Type Countertop Turntable Diameter 10.6 inches,breville - the compact wave soft close 0.9 cu. ft. microwave,specifications product height 11 1/2 inches product width 19 inches product depth 17 1/3 inches app compatible no microwave type countertop turntable diameter 10.6 inches,Breville - the Compact Wave Soft Close 0.9 Cu. Ft. Microwave Specifications Product Height 11 1/2 inches Product Width 19 inches Product Depth 17 1/3 inches App Compatible No Microwave Type Countertop Turntable Diameter 10.6 inches
LG - 1.8 Cu. Ft. Over-the-Range Smart Microwave with Sensor Cooking and EasyClean,299.99,bestbuy.com,https://www.bestbuy.com/site/searchpage.jsp?_dyncharset=UTF-8&browsedCategory=pcmcat748301803023&cp=3&id=pcat17071&iht=n&ks=960&list=y&sc=Global&st=categoryid%24pcmcat748301803023&type=page&usc=All%20Categories,2025-01-18 22:31:01,microwaves,,https://www.bestbuy.com/site/lg-1-8-cu-ft-over-the-range-smart-microwave-with-sensor-cooking-and-easyclean-stainless-steel/6508562.p?skuId=6508562,"Specifications Product Height 16 1/2 inches Product Width 29 15/16 inches Product Depth 15 15/16 inches App Compatible Yes Works With Amazon Alexa, Google Assistant Microwave Type Over-the-range",lg - 1.8 cu. ft. over-the-range smart microwave with sensor cooking and easyclean,"specifications product height 16 1/2 inches product width 29 15/16 inches product depth 15 15/16 inches app compatible yes works with amazon alexa, google assistant microwave type over-the-range","LG - 1.8 Cu. Ft. Over-the-Range Smart Microwave with Sensor Cooking and EasyClean Specifications Product Height 16 1/2 inches Product Width 29 15/16 inches Product Depth 15 15/16 inches App Compatible Yes Works With Amazon Alexa, Google Assistant Microwave Type Over-the-range"
Sharp French 3-Door Refrigerator with Water Dispenser (SJF2955KS),2999.99,sharpusa.com,https://shop.sharpusa.com/products/refrigerator/,2025-01-18 22:31:01,refrigerators,,https://shop.sharpusa.com/sharp-french-3-door-refrigerator-with-water-dispenser-sjf2955ks/,"Spacious 28.9 cu. ft. Capacity with Fingerprint Resistant Exterior Dual Ice Makers Produce Up-to 6.9 lbs. of Ice Daily 5 Premium White LED Interior Lights, for Clear Visibility into Your Refrigerator Chill-Boost and Freezer-Boost Modes for Rapid Cooling and Freezing Convenient Door Ice and Water Dispenser ADA Compliant Click here to purchase an Extended Warranty for your product.",sharp french 3-door refrigerator with water dispenser (sjf2955ks),"spacious 28.9 cu. ft. capacity with fingerprint resistant exterior dual ice makers produce up-to 6.9 lbs. of ice daily 5 premium white led interior lights, for clear visibility into your refrigerator chill-boost and freezer-boost modes for rapid cooling and freezing convenient door ice and water dispenser ada compliant click here to purchase an extended warranty for your product.","Sharp French 3-Door Refrigerator with Water Dispenser (SJF2955KS) Spacious 28.9 cu. ft. Capacity with Fingerprint Resistant Exterior Dual Ice Makers Produce Up-to 6.9 lbs. of Ice Daily 5 Premium White LED Interior Lights, for Clear Visibility into Your Refrigerator Chill-Boost and Freezer-Boost Modes for Rapid Cooling and Freezing Convenient Door Ice and Water Dispenser ADA Compliant Click here to purchase an Extended Warranty for your product."
Sharp French 4-Door Counter-Depth Refrigerator with Water Dispenser (SJG2254FS),2599.99,sharpusa.com,https://shop.sharpusa.com/products/refrigerator/,2025-01-18 22:31:01,refrigerators,,https://shop.sharpusa.com/sharp-french-4-door-counter-depth-refrigerator-with-water-dispenser-sjg2254fs/,"The Triple Cooling System Allows Independent Control Over Refrigerator, Drawers and Ice Maker Flex Drawer with Four Independent Temperature Controls to Fit Your Lifestyle Door Ice and Water Dispenser Fingerprint Resistant Exterior with a Spacious and Sleek Interior Finish Automatic Ice Maker Produces Up-to 4.4 lbs., of Ice Daily Replacement Refrigerator Water Filter (SJWF200) Available Click here to purchase an Extended Warranty for your product.",sharp french 4-door counter-depth refrigerator with water dispenser (sjg2254fs),"the triple cooling system allows independent control over refrigerator, drawers and ice maker flex drawer with four independent temperature controls to fit your lifestyle door ice and water dispenser fingerprint resistant exterior with a spacious and sleek interior finish automatic ice maker produces up-to 4.4 lbs., of ice daily replacement refrigerator water filter (sjwf200) available click here to purchase an extended warranty for your product.","Sharp French 4-Door Counter-Depth Refrigerator with Water Dispenser (SJG2254FS) The Triple Cooling System Allows Independent Control Over Refrigerator, Drawers and Ice Maker Flex Drawer with Four Independent Temperature Controls to Fit Your Lifestyle Door Ice and Water Dispenser Fingerprint Resistant Exterior with a Spacious and Sleek Interior Finish Automatic Ice Maker Produces Up-to 4.4 lbs., of Ice Daily Replacement Refrigerator Water Filter (SJWF200) Available Click here to purchase an Extended Warranty for your product."
Sharp French 4-Door Counter-Depth Refrigerator (SJG2351FS),1599.99,sharpusa.com,https://shop.sharpusa.com/products/refrigerator/,2025-01-18 22:31:01,refrigerators,,https://shop.sharpusa.com/sharp-french-4-door-counter-depth-refrigerator-sjg2351fs/,Fingerprint Resistant Exterior with a Spacious and Sleek Interior Finish Dual Freezer Compartments Automatic Ice Maker Produces Up-to 3 lbs. of Ice Daily Double Humidity-Controlled Crispers for Your Most Delicate Fruits and Vegetables Chill-Boost and Freezer-Boost Modes for Rapid Cooling and Freezing Click here to purchase an Extended Warranty for your product.,sharp french 4-door counter-depth refrigerator (sjg2351fs),fingerprint resistant exterior with a spacious and sleek interior finish dual freezer compartments automatic ice maker produces up-to 3 lbs. of ice daily double humidity-controlled crispers for your most delicate fruits and vegetables chill-boost and freezer-boost modes for rapid cooling and freezing click here to purchase an extended warranty for your product.,Sharp French 4-Door Counter-Depth Refrigerator (SJG2351FS) Fingerprint Resistant Exterior with a Spacious and Sleek Interior Finish Dual Freezer Compartments Automatic Ice Maker Produces Up-to 3 lbs. of Ice Daily Double Humidity-Controlled Crispers for Your Most Delicate Fruits and Vegetables Chill-Boost and Freezer-Boost Modes for Rapid Cooling and Freezing Click here to purchase an Extended Warranty for your product.
Sharp 24 in. Bottom-Freezer Counter-Depth Refrigerator (SJB1255GS),999.99,sharpusa.com,https://shop.sharpusa.com/products/refrigerator/,2025-01-18 22:31:01,refrigerators,,https://shop.sharpusa.com/sharp-24-in-bottom-freezer-counter-depth-refrigerator-sjb1255gs/,"The Slim and Spacious 4.2 cu.ft. Freezer Fits All Your Frozen Favorites With Room to Spare Multi Air Flow Evenly Distributes Air Through Multiple Vents in Both Freezer and Refrigerator Select Vacation Mode to Turn Off The Refrigerator Cavity While Your Freezer Remains On Equipped With a Removable Wine Rack, Perfect For Chilling or Displaying Wine Fresh Converter Drawer Provides a Chiller Option for Fresh Food and a Crisper Option for Fruits and Vegetable Click here to purchase an Extended Warranty for your product.",sharp 24 in. bottom-freezer counter-depth refrigerator (sjb1255gs),"the slim and spacious 4.2 cu.ft. freezer fits all your frozen favorites with room to spare multi air flow evenly distributes air through multiple vents in both freezer and refrigerator select vacation mode to turn off the refrigerator cavity while your freezer remains on equipped with a removable wine rack, perfect for chilling or displaying wine fresh converter drawer provides a chiller option for fresh food and a crisper option for fruits and vegetable click here to purchase an extended warranty for your product.","Sharp 24 in. Bottom-Freezer Counter-Depth Refrigerator (SJB1255GS) The Slim and Spacious 4.2 cu.ft. Freezer Fits All Your Frozen Favorites With Room to Spare Multi Air Flow Evenly Distributes Air Through Multiple Vents in Both Freezer and Refrigerator Select Vacation Mode to Turn Off The Refrigerator Cavity While Your Freezer Remains On Equipped With a Removable Wine Rack, Perfect For Chilling or Displaying Wine Fresh Converter Drawer Provides a Chiller Option for Fresh Food and a Crisper Option for Fruits and Vegetable Click here to purchase an Extended Warranty for your product."
24 in. Slide-In Smart 42 dB Dishwasher (SDW6888JS),749.99,sharpusa.com,https://shop.sharpusa.com/products/dishwashers/,2025-01-18 22:31:01,dishwashers,,https://shop.sharpusa.com/24-in-slide-in-smart-42-db-dishwasher-sdw6888js/,Library Quiet™ at a Serene 42dBA Noise Level Back lit Touch Control with Adaptive Option Indication Two Bright White LED Interior Lighting for a Clear View Inside Your Dishwasher Heated Dry Option is Fast and Efficient Works with Alexa 1 to Help Conveniently Control Your Dishwasher Click here to purchase an Extended Warranty for your product. Additional installation hardware is required and sold separately. Dishwasher installation kits can be purchased locally wherever appliances are sold. Please review the Dishwasher's Installation Manual below to ensure you have all the necessary hardware for proper installation. Professional installation suggested.,24 in. slide-in smart 42 db dishwasher (sdw6888js),library quiet™ at a serene 42dba noise level back lit touch control with adaptive option indication two bright white led interior lighting for a clear view inside your dishwasher heated dry option is fast and efficient works with alexa 1 to help conveniently control your dishwasher click here to purchase an extended warranty for your product. additional installation hardware is required and sold separately. dishwasher installation kits can be purchased locally wherever appliances are sold. please review the dishwasher's installation manual below to ensure you have all the necessary hardware for proper installation. professional installation suggested.,24 in. Slide-In Smart 42 dB Dishwasher (SDW6888JS) Library Quiet™ at a Serene 42dBA Noise Level Back lit Touch Control with Adaptive Option Indication Two Bright White LED Interior Lighting for a Clear View Inside Your Dishwasher Heated Dry Option is Fast and Efficient Works with Alexa 1 to Help Conveniently Control Your Dishwasher Click here to purchase an Extended Warranty for your product. Additional installation hardware is required and sold separately. Dishwasher installation kits can be purchased locally wherever appliances are sold. Please review the Dishwasher's Installation Manual below to ensure you have all the necessary hardware for proper installation. Professional installation suggested.
24 in. Slide-In Smart 45 dB Dishwasher (SDW6767HS),649.99,sharpusa.com,https://shop.sharpusa.com/products/dishwashers/,2025-01-18 22:31:01,dishwashers,,https://shop.sharpusa.com/24-in-slide-in-smart-45-db-dishwasher-sdw6767hs/,"The First Smart Dishwasher by Sharp that Works with Alexa 1 Bright White LED Interior Lighting for a Clear View Inside Your Dishwasher More Dependable Than Condensation Drying, Our Heated Dry Option is Fast and Efficient Premium Smooth Glide Rails Built with Quality In Mind, Glide with the Slightest Touch Specialized Power Wash Sprayer for Extra Scrubbing Power “Wash Zone” Option Allows the Freedom to Wash Smaller Loads on Either Rack Click here to purchase an Extended Warranty for your product. Additional installation hardware is required and sold separately. Dishwasher installation kits can be purchased locally wherever appliances are sold. Please review the Dishwasher's Installation Manual below to ensure you have all the necessary hardware for proper installation. Professional installation suggested.",24 in. slide-in smart 45 db dishwasher (sdw6767hs),"the first smart dishwasher by sharp that works with alexa 1 bright white led interior lighting for a clear view inside your dishwasher more dependable than condensation drying, our heated dry option is fast and efficient premium smooth glide rails built with quality in mind, glide with the slightest touch specialized power wash sprayer for extra scrubbing power “wash zone” option allows the freedom to wash smaller loads on either rack click here to purchase an extended warranty for your product. additional installation hardware is required and sold separately. dishwasher installation kits can be purchased locally wherever appliances are sold. please review the dishwasher's installation manual below to ensure you have all the necessary hardware for proper installation. professional installation suggested.","24 in. Slide-In Smart 45 dB Dishwasher (SDW6767HS) The First Smart Dishwasher by Sharp that Works with Alexa 1 Bright White LED Interior Lighting for a Clear View Inside Your Dishwasher More Dependable Than Condensation Drying, Our Heated Dry Option is Fast and Efficient Premium Smooth Glide Rails Built with Quality In Mind, Glide with the Slightest Touch Specialized Power Wash Sprayer for Extra Scrubbing Power “Wash Zone” Option Allows the Freedom to Wash Smaller Loads on Either Rack Click here to purchase an Extended Warranty for your product. Additional installation hardware is required and sold separately. Dishwasher installation kits can be purchased locally wherever appliances are sold. Please review the Dishwasher's Installation Manual below to ensure you have all the necessary hardware for proper installation. Professional installation suggested."
Sharp 24 in.  Hybrid 52dB Dishwasher (SDW6504MS),599.99,sharpusa.com,https://shop.sharpusa.com/products/dishwashers/,2025-01-18 22:31:01,dishwashers,,https://shop.sharpusa.com/sharp-24-in-stainless-steel-hybrid-52db-dishwasher-sdw6504ms/,"Advanced Hybrid Tub Consists of Stainless Steel Interior with Heavy Duty Plastic Floor Front Control Panel Back-lit when in Use More Dependable Than Condensation Drying, Our Heated Dry Option is Fast and Efficient ""Half Load"" Option for Smaller Loads Fold-down tines for flexible loading options Child Lock Option to Help Prevent Accidental Operation Click here to purchase an Extended Warranty for your product. Additional installation hardware is required and sold separately. Dishwasher installation kits can be purchased locally wherever appliances are sold. Please review the Dishwasher's Installation Manual below to ensure you have all the necessary hardware for proper installation. Professional installation suggested.",sharp 24 in.  hybrid 52db dishwasher (sdw6504ms),"advanced hybrid tub consists of stainless steel interior with heavy duty plastic floor front control panel back-lit when in use more dependable than condensation drying, our heated dry option is fast and efficient ""half load"" option for smaller loads fold-down tines for flexible loading options child lock option to help prevent accidental operation click here to purchase an extended warranty for your product. additional installation hardware is required and sold separately. dishwasher installation kits can be purchased locally wherever appliances are sold. please review the dishwasher's installation manual below to ensure you have all the necessary hardware for proper installation. professional installation suggested.","Sharp 24 in.  Hybrid 52dB Dishwasher (SDW6504MS) Advanced Hybrid Tub Consists of Stainless Steel Interior with Heavy Duty Plastic Floor Front Control Panel Back-lit when in Use More Dependable Than Condensation Drying, Our Heated Dry Option is Fast and Efficient ""Half Load"" Option for Smaller Loads Fold-down tines for flexible loading options Child Lock Option to Help Prevent Accidental Operation Click here to purchase an Extended Warranty for your product. Additional installation hardware is required and sold separately. Dishwasher installation kits can be purchased locally wherever appliances are sold. Please review the Dishwasher's Installation Manual below to ensure you have all the necessary hardware for proper installation. Professional installation suggested."
24 in. Slide-In  Pocket Handle 45 dB Dishwasher (SDW6747GS),549.99,sharpusa.com,https://shop.sharpusa.com/products/dishwashers/,2025-01-18 22:31:01,dishwashers,,https://shop.sharpusa.com/24-in-slide-in-stainless-steel-pocket-handle-45-db-dishwasher-sdw6747gs/,"Soil Sensors Automatically Optimize Your Washing Cycles, Making Cleaning a Breeze More Dependable Than Condensation Drying, Our Heated Dry Option is Fast and Efficient Premium White LED Interior Lighting, For Better Visibility into Your Dishwasher Premium Smooth Glide Rails Provide Quality with the Slightest Touch Allows The Freedom to Wash Smaller Loads with Our Wash Zone Feature Click here to purchase an Extended Warranty for your product. Additional installation hardware is required and sold separately. Dishwasher installation kits can be purchased locally wherever appliances are sold. Please review the Dishwasher's Installation Manual below to ensure you have all the necessary hardware for proper installation. Professional installation suggested.",24 in. slide-in  pocket handle 45 db dishwasher (sdw6747gs),"soil sensors automatically optimize your washing cycles, making cleaning a breeze more dependable than condensation drying, our heated dry option is fast and efficient premium white led interior lighting, for better visibility into your dishwasher premium smooth glide rails provide quality with the slightest touch allows the freedom to wash smaller loads with our wash zone feature click here to purchase an extended warranty for your product. additional installation hardware is required and sold separately. dishwasher installation kits can be purchased locally wherever appliances are sold. please review the dishwasher's installation manual below to ensure you have all the necessary hardware for proper installation. professional installation suggested.","24 in. Slide-In  Pocket Handle 45 dB Dishwasher (SDW6747GS) Soil Sensors Automatically Optimize Your Washing Cycles, Making Cleaning a Breeze More Dependable Than Condensation Drying, Our Heated Dry Option is Fast and Efficient Premium White LED Interior Lighting, For Better Visibility into Your Dishwasher Premium Smooth Glide Rails Provide Quality with the Slightest Touch Allows The Freedom to Wash Smaller Loads with Our Wash Zone Feature Click here to purchase an Extended Warranty for your product. Additional installation hardware is required and sold separately. Dishwasher installation kits can be purchased locally wherever appliances are sold. Please review the Dishwasher's Installation Manual below to ensure you have all the necessary hardware for proper installation. Professional installation suggested."
24 in. Slide-In  Hybrid 49 dB Dishwasher (SDW6506JS),479.99,sharpusa.com,https://shop.sharpusa.com/products/dishwashers/,2025-01-18 22:31:01,dishwashers,,https://shop.sharpusa.com/24-in-slide-in-stainless-steel-hybrid-49-db-dishwasher-sdw6506js/,"49 dB Three Rack Dishwasher with Front Touch Control Advanced Hybrid Tub Consists of Stainless Steel Interior with Heavy Duty Plastic Floor Convenient Third Rack provides Extra Space for Silverware and Cooking Utensils More Dependable Than Condensation Drying, Our Heated Dry Option is Fast and Efficient ""Half Load"" Option for Smaller Loads Child Lock Option to Help Prevent Accidental Operation Click here to purchase an Extended Warranty for your product. Additional installation hardware is required and sold separately. Dishwasher installation kits can be purchased locally wherever appliances are sold. Please review the Dishwasher's Installation Manual below to ensure you have all the necessary hardware for proper installation. Professional installation suggested.",24 in. slide-in  hybrid 49 db dishwasher (sdw6506js),"49 db three rack dishwasher with front touch control advanced hybrid tub consists of stainless steel interior with heavy duty plastic floor convenient third rack provides extra space for silverware and cooking utensils more dependable than condensation drying, our heated dry option is fast and efficient ""half load"" option for smaller loads child lock option to help prevent accidental operation click here to purchase an extended warranty for your product. additional installation hardware is required and sold separately. dishwasher installation kits can be purchased locally wherever appliances are sold. please review the dishwasher's installation manual below to ensure you have all the necessary hardware for proper installation. professional installation suggested.","24 in. Slide-In  Hybrid 49 dB Dishwasher (SDW6506JS) 49 dB Three Rack Dishwasher with Front Touch Control Advanced Hybrid Tub Consists of Stainless Steel Interior with Heavy Duty Plastic Floor Convenient Third Rack provides Extra Space for Silverware and Cooking Utensils More Dependable Than Condensation Drying, Our Heated Dry Option is Fast and Efficient ""Half Load"" Option for Smaller Loads Child Lock Option to Help Prevent Accidental Operation Click here to purchase an Extended Warranty for your product. Additional installation hardware is required and sold separately. Dishwasher installation kits can be purchased locally wherever appliances are sold. Please review the Dishwasher's Installation Manual below to ensure you have all the necessary hardware for proper installation. Professional installation suggested."
1.1 cu. ft. 850W Sharp  Over-the-Range Convection Microwave Oven (R1874TY),599.99,sharpusa.com,https://shop.sharpusa.com/products/microwave-ovens/,2025-01-18 22:31:01,microwave-ovens,,https://shop.sharpusa.com/1-1-cu-ft-850w-sharp-stainless-steel-over-the-range-convection-microwave-oven-r1874ty/,"1 .1 cu. ft. Oven with 13"" On/Off Carousel® Turntable Stainless Steel Finish E asy-to-Read 7-Digit 2-Color Display Convection Programs: 12 Compucook, Compudefrost S ensor Programs: 8 cook, Reheat, and Popcorn On/Off Work Light and 2-Speed Ventilation Fan This product ships FREE via ground freight.  A valid phone number is required during checkout for delivery Click here to purchase an Extended Warranty for your product.",1.1 cu. ft. 850w sharp  over-the-range convection microwave oven (r1874ty),"1 .1 cu. ft. oven with 13"" on/off carousel® turntable stainless steel finish e asy-to-read 7-digit 2-color display convection programs: 12 compucook, compudefrost s ensor programs: 8 cook, reheat, and popcorn on/off work light and 2-speed ventilation fan this product ships free via ground freight.  a valid phone number is required during checkout for delivery click here to purchase an extended warranty for your product.","1.1 cu. ft. 850W Sharp  Over-the-Range Convection Microwave Oven (R1874TY) 1 .1 cu. ft. Oven with 13"" On/Off Carousel® Turntable Stainless Steel Finish E asy-to-Read 7-Digit 2-Color Display Convection Programs: 12 Compucook, Compudefrost S ensor Programs: 8 cook, Reheat, and Popcorn On/Off Work Light and 2-Speed Ventilation Fan This product ships FREE via ground freight.  A valid phone number is required during checkout for delivery Click here to purchase an Extended Warranty for your product."
1.4 cu. ft. 1100W Sharp  Steel Countertop Microwave Oven (SMC1452CH),169.99,sharpusa.com,https://shop.sharpusa.com/products/microwave-ovens/?page=3,2025-01-18 22:31:01,microwave-ovens,,https://shop.sharpusa.com/1-4-cu-ft-1100w-sharp-black-stainless-steel-countertop-microwave-oven-smc1452ch/,"Premium Blue LED Display Convenient ""+30 Sec"" Key for Instant Start Sensor Cooking for Precise Cooking and Reheating 12.4"" Carousel® Turntable Express Cook for One-Touch Cooking Up-to 6 Minutes Black Stainless Steel Exterior Elegant Grey Interior with Energy Efficient, Bright White, LED Interior Light Click here to purchase an Extended Warranty for your product.",1.4 cu. ft. 1100w sharp  steel countertop microwave oven (smc1452ch),"premium blue led display convenient ""+30 sec"" key for instant start sensor cooking for precise cooking and reheating 12.4"" carousel® turntable express cook for one-touch cooking up-to 6 minutes black stainless steel exterior elegant grey interior with energy efficient, bright white, led interior light click here to purchase an extended warranty for your product.","1.4 cu. ft. 1100W Sharp  Steel Countertop Microwave Oven (SMC1452CH) Premium Blue LED Display Convenient ""+30 Sec"" Key for Instant Start Sensor Cooking for Precise Cooking and Reheating 12.4"" Carousel® Turntable Express Cook for One-Touch Cooking Up-to 6 Minutes Black Stainless Steel Exterior Elegant Grey Interior with Energy Efficient, Bright White, LED Interior Light Click here to purchase an Extended Warranty for your product."
Sharp Smart Combi Built-In Steam Oven (SSC2489GS),2499.99,sharpusa.com,https://shop.sharpusa.com/products/steam-ovens/,2025-01-18 22:31:01,steam-ovens,,https://shop.sharpusa.com/sharp-smart-combi-built-in-steam-oven-ssc2489gs/,"3-in-1 Combination Steam and Convection Wall Oven Cooks with Superheated Steam at Browning Temperatures, Gentle and Regular Steam, Radiant Heat & Convection New Steam Bake and Water Bath Settings Built-In Ready 24"" Oven Can Be Installed in a Wall, Under-the-Counter or Kitchen Island with No Additional Trim Kit Needed Brilliant LCD Display with Touch Navigation No Wet-Wall Installation or Water Line Required Standard 120V Power This product ships FREE via ground freight.  A valid phone number is required during checkout for delivery. Click here to purchase an Extended Warranty for your product.",sharp smart combi built-in steam oven (ssc2489gs),"3-in-1 combination steam and convection wall oven cooks with superheated steam at browning temperatures, gentle and regular steam, radiant heat & convection new steam bake and water bath settings built-in ready 24"" oven can be installed in a wall, under-the-counter or kitchen island with no additional trim kit needed brilliant lcd display with touch navigation no wet-wall installation or water line required standard 120v power this product ships free via ground freight.  a valid phone number is required during checkout for delivery. click here to purchase an extended warranty for your product.","Sharp Smart Combi Built-In Steam Oven (SSC2489GS) 3-in-1 Combination Steam and Convection Wall Oven Cooks with Superheated Steam at Browning Temperatures, Gentle and Regular Steam, Radiant Heat & Convection New Steam Bake and Water Bath Settings Built-In Ready 24"" Oven Can Be Installed in a Wall, Under-the-Counter or Kitchen Island with No Additional Trim Kit Needed Brilliant LCD Display with Touch Navigation No Wet-Wall Installation or Water Line Required Standard 120V Power This product ships FREE via ground freight.  A valid phone number is required during checkout for delivery. Click here to purchase an Extended Warranty for your product."
Sharp SuperSteam+ Smart Superheated Steam and Convection Built-In Wall Oven (SSC2489DS),2499.99,sharpusa.com,https://shop.sharpusa.com/products/steam-ovens/,2025-01-18 22:31:01,steam-ovens,,https://shop.sharpusa.com/sharp-supersteam-smart-superheated-steam-and-convection-built-in-wall-oven-ssc2489ds/,"3-in-1 Combination Steam and Convection Wall Oven Cooks with Superheated Steam at Browning Temperatures, Gentle and Regular Steam, Radiant Heat & Convection New Steam Bake and Water Bath Settings Built-In Ready 24"" Oven Can Be Installed in a Wall, Under-the-Counter or Kitchen Island with No Additional Trim Kit Needed Brilliant LCD Display with Touch Navigation No Wet-Wall Installation or Water Line Required Standard 120V Power This product ships FREE via ground freight.  A valid phone number is required during checkout for delivery.",sharp supersteam+ smart superheated steam and convection built-in wall oven (ssc2489ds),"3-in-1 combination steam and convection wall oven cooks with superheated steam at browning temperatures, gentle and regular steam, radiant heat & convection new steam bake and water bath settings built-in ready 24"" oven can be installed in a wall, under-the-counter or kitchen island with no additional trim kit needed brilliant lcd display with touch navigation no wet-wall installation or water line required standard 120v power this product ships free via ground freight.  a valid phone number is required during checkout for delivery.","Sharp SuperSteam+ Smart Superheated Steam and Convection Built-In Wall Oven (SSC2489DS) 3-in-1 Combination Steam and Convection Wall Oven Cooks with Superheated Steam at Browning Temperatures, Gentle and Regular Steam, Radiant Heat & Convection New Steam Bake and Water Bath Settings Built-In Ready 24"" Oven Can Be Installed in a Wall, Under-the-Counter or Kitchen Island with No Additional Trim Kit Needed Brilliant LCD Display with Touch Navigation No Wet-Wall Installation or Water Line Required Standard 120V Power This product ships FREE via ground freight.  A valid phone number is required during checkout for delivery."
Supersteam+ Superheated Steam and Convection Built-in Wall Oven (SSC3088AS),1999.99,sharpusa.com,https://shop.sharpusa.com/products/steam-ovens/,2025-01-18 22:31:01,steam-ovens,,https://shop.sharpusa.com/supersteam-superheated-steam-and-convection-built-in-wall-oven-ssc3088as/,Versatile 3-in-1 Combination Wall Oven Cooks with Dry or Moist Heat Cooks with Superheated Steam at Browning Temperatures Cooks with Gentle and Regular Steam Cooks with Radiant Heat PLUS Convection Built-in Ready. No Additional Trim Kit Needed No Wet-Wall Installation or Water Line Required Brilliant LCD Display with Touch Navigation Built-in Recipes Standard 120V Power This product ships FREE via ground freight.  A valid phone number is required during checkout for delivery. Click here to purchase an Extended Warranty for your product.,supersteam+ superheated steam and convection built-in wall oven (ssc3088as),versatile 3-in-1 combination wall oven cooks with dry or moist heat cooks with superheated steam at browning temperatures cooks with gentle and regular steam cooks with radiant heat plus convection built-in ready. no additional trim kit needed no wet-wall installation or water line required brilliant lcd display with touch navigation built-in recipes standard 120v power this product ships free via ground freight.  a valid phone number is required during checkout for delivery. click here to purchase an extended warranty for your product.,Supersteam+ Superheated Steam and Convection Built-in Wall Oven (SSC3088AS) Versatile 3-in-1 Combination Wall Oven Cooks with Dry or Moist Heat Cooks with Superheated Steam at Browning Temperatures Cooks with Gentle and Regular Steam Cooks with Radiant Heat PLUS Convection Built-in Ready. No Additional Trim Kit Needed No Wet-Wall Installation or Water Line Required Brilliant LCD Display with Touch Navigation Built-in Recipes Standard 120V Power This product ships FREE via ground freight.  A valid phone number is required during checkout for delivery. Click here to purchase an Extended Warranty for your product.
Sharp Superheated Steam Countertop Oven (SSC0586DS),199.0,sharpusa.com,https://shop.sharpusa.com/products/steam-ovens/,2025-01-18 22:31:01,steam-ovens,,https://shop.sharpusa.com/sharp-superheated-steam-countertop-oven-ssc0586ds/,"Cooks with Superheated Steam Instant On. No Preheating. No Defrosting. Five Versatile Cooking Modes Personal, Powerful Pizzeria-Style Oven Up to 60 Minutes of Steam Cooking Easy to Clean, Inside and Out Broiling Pan and Crisper Tray Included Click here to purchase an Extended Warranty for your product.",sharp superheated steam countertop oven (ssc0586ds),"cooks with superheated steam instant on. no preheating. no defrosting. five versatile cooking modes personal, powerful pizzeria-style oven up to 60 minutes of steam cooking easy to clean, inside and out broiling pan and crisper tray included click here to purchase an extended warranty for your product.","Sharp Superheated Steam Countertop Oven (SSC0586DS) Cooks with Superheated Steam Instant On. No Preheating. No Defrosting. Five Versatile Cooking Modes Personal, Powerful Pizzeria-Style Oven Up to 60 Minutes of Steam Cooking Easy to Clean, Inside and Out Broiling Pan and Crisper Tray Included Click here to purchase an Extended Warranty for your product."
 European Convection Built-In Double Wall Oven (SWB3062GS),2499.99,sharpusa.com,https://shop.sharpusa.com/products/traditional-convection-wall-ovens/,2025-01-18 22:31:01,wall-ovens,,https://shop.sharpusa.com/stainless-steel-european-convection-built-in-double-wall-oven-swb3062gs/,"Modern Edge-to-Edge Black Glass with Convenient Viewing Window True European Convection for Efficient Heating, and Even Browning Dampened Hinges on the Soft-Close Oven Door prevent Slamming Stainless Steel Design with Bright, Halogen Interior Lighting and Blue Porcelain Finish Warm, Proof, and Sabbath Modes with a Temperature Probe Powerful Cooking with 8 Pass Upper Element and 6 Pass Hidden Bake Element Plus Convection Element Click here to purchase an Extended Warranty for your product.", european convection built-in double wall oven (swb3062gs),"modern edge-to-edge black glass with convenient viewing window true european convection for efficient heating, and even browning dampened hinges on the soft-close oven door prevent slamming stainless steel design with bright, halogen interior lighting and blue porcelain finish warm, proof, and sabbath modes with a temperature probe powerful cooking with 8 pass upper element and 6 pass hidden bake element plus convection element click here to purchase an extended warranty for your product."," European Convection Built-In Double Wall Oven (SWB3062GS) Modern Edge-to-Edge Black Glass with Convenient Viewing Window True European Convection for Efficient Heating, and Even Browning Dampened Hinges on the Soft-Close Oven Door prevent Slamming Stainless Steel Design with Bright, Halogen Interior Lighting and Blue Porcelain Finish Warm, Proof, and Sabbath Modes with a Temperature Probe Powerful Cooking with 8 Pass Upper Element and 6 Pass Hidden Bake Element Plus Convection Element Click here to purchase an Extended Warranty for your product."
 European Convection Built-In Single Wall Oven (SWA3062GS),1699.99,sharpusa.com,https://shop.sharpusa.com/products/traditional-convection-wall-ovens/,2025-01-18 22:31:01,wall-ovens,,https://shop.sharpusa.com/stainless-steel-european-convection-built-in-single-wall-oven-swa3062gs/,"Modern Edge-to-Edge Black Glass with Convenient Viewing Window True European Convection for Efficient Heating, and Even Browning Dampened Hinges on the Soft-Close Oven Door Prevent Slamming Touch Glass Controls and Large LCD Display are Easy to See, Operate and Clean Stainless Steel Design with Bright, Halogen Interior Lighting and Blue Porcelain Finish Warm, Proof and Sabbath Modes with a Built-In Probe Thermometer Powerful Cooking with 8 Pass Upper Element and 6 Pass Hidden Bake Element Plus Convection Element Click here to purchase an Extended Warranty for your product.", european convection built-in single wall oven (swa3062gs),"modern edge-to-edge black glass with convenient viewing window true european convection for efficient heating, and even browning dampened hinges on the soft-close oven door prevent slamming touch glass controls and large lcd display are easy to see, operate and clean stainless steel design with bright, halogen interior lighting and blue porcelain finish warm, proof and sabbath modes with a built-in probe thermometer powerful cooking with 8 pass upper element and 6 pass hidden bake element plus convection element click here to purchase an extended warranty for your product."," European Convection Built-In Single Wall Oven (SWA3062GS) Modern Edge-to-Edge Black Glass with Convenient Viewing Window True European Convection for Efficient Heating, and Even Browning Dampened Hinges on the Soft-Close Oven Door Prevent Slamming Touch Glass Controls and Large LCD Display are Easy to See, Operate and Clean Stainless Steel Design with Bright, Halogen Interior Lighting and Blue Porcelain Finish Warm, Proof and Sabbath Modes with a Built-In Probe Thermometer Powerful Cooking with 8 Pass Upper Element and 6 Pass Hidden Bake Element Plus Convection Element Click here to purchase an Extended Warranty for your product."
24 in.  European Convection Built-In Single Wall Oven (SWA2450GS),1299.99,sharpusa.com,https://shop.sharpusa.com/products/traditional-convection-wall-ovens/,2025-01-18 22:31:01,wall-ovens,,https://shop.sharpusa.com/24-in-stainless-steel-european-convection-built-in-single-wall-oven-swa2450gs/,"Modern Edge-to-Edge Black Glass with Touch Glass Controls True European Convection for Efficient Heating and Even Browning 15 Amp, 7120 Watt Heating Elements Stainless Steel Design with Bright, Halogen Interior Lighting and Gray Finish Convenient Quick Preheat Mode Click here to purchase an Extended Warranty for your product.",24 in.  european convection built-in single wall oven (swa2450gs),"modern edge-to-edge black glass with touch glass controls true european convection for efficient heating and even browning 15 amp, 7120 watt heating elements stainless steel design with bright, halogen interior lighting and gray finish convenient quick preheat mode click here to purchase an extended warranty for your product.","24 in.  European Convection Built-In Single Wall Oven (SWA2450GS) Modern Edge-to-Edge Black Glass with Touch Glass Controls True European Convection for Efficient Heating and Even Browning 15 Amp, 7120 Watt Heating Elements Stainless Steel Design with Bright, Halogen Interior Lighting and Gray Finish Convenient Quick Preheat Mode Click here to purchase an Extended Warranty for your product."
 European Convection Built-In Single Wall Oven (SWA3052DS),1299.99,sharpusa.com,https://shop.sharpusa.com/products/traditional-convection-wall-ovens/,2025-01-18 22:31:01,wall-ovens,,https://shop.sharpusa.com/stainless-steel-european-convection-built-in-single-wall-oven-swa3052ds/,"Modern Edge-to-Edge Black Glass with Convenient Viewing Window True European Convection for Efficient Heating, and Even Browning Touch Glass Controls and Large LCD Display are Easy to See, Operate and Clean Stainless Steel Design with Bright, Halogen Interior Lighting and Blue Porcelain Finish Warm, Proof and Sabbath Modes with a Built-In Probe Thermometer 14 Pass Heating Elements, 8 Pass Upper Element and 6 Pass Hidden Bake Element Click here to purchase an Extended Warranty for your product.", european convection built-in single wall oven (swa3052ds),"modern edge-to-edge black glass with convenient viewing window true european convection for efficient heating, and even browning touch glass controls and large lcd display are easy to see, operate and clean stainless steel design with bright, halogen interior lighting and blue porcelain finish warm, proof and sabbath modes with a built-in probe thermometer 14 pass heating elements, 8 pass upper element and 6 pass hidden bake element click here to purchase an extended warranty for your product."," European Convection Built-In Single Wall Oven (SWA3052DS) Modern Edge-to-Edge Black Glass with Convenient Viewing Window True European Convection for Efficient Heating, and Even Browning Touch Glass Controls and Large LCD Display are Easy to See, Operate and Clean Stainless Steel Design with Bright, Halogen Interior Lighting and Blue Porcelain Finish Warm, Proof and Sabbath Modes with a Built-In Probe Thermometer 14 Pass Heating Elements, 8 Pass Upper Element and 6 Pass Hidden Bake Element Click here to purchase an Extended Warranty for your product."
Sharp 24 in. Induction Cooktop with Side Accessories (SCH2443GB),1199.99,sharpusa.com,https://shop.sharpusa.com/products/induction-cooktops/,2025-01-18 22:31:01,induction-cooktops,,https://shop.sharpusa.com/sharp-24-in-induction-cooktop-with-side-accessories-sch2443gb/,"Contemporary European Black Mirror Finish Made with Premium EuroKera® Glass Four Induction Cooking Zones Including a Bridge Zone for Larger Cookware and Griddles Power Boost Increases Power by up to 67% Depending on Cooking Zone Easy-to-read, Bright White LED Display Residual Heat Indicator for Each Cooking Zone Can be Installed Over a Sharp® 24 in. European Convection Built-In Single Wall Oven Included Magnetic Stainless Steel Side Accessories are Convenient for Resting Utensils and Cookware Click here to purchase an Extended Warranty for your product.",sharp 24 in. induction cooktop with side accessories (sch2443gb),"contemporary european black mirror finish made with premium eurokera® glass four induction cooking zones including a bridge zone for larger cookware and griddles power boost increases power by up to 67% depending on cooking zone easy-to-read, bright white led display residual heat indicator for each cooking zone can be installed over a sharp® 24 in. european convection built-in single wall oven included magnetic stainless steel side accessories are convenient for resting utensils and cookware click here to purchase an extended warranty for your product.","Sharp 24 in. Induction Cooktop with Side Accessories (SCH2443GB) Contemporary European Black Mirror Finish Made with Premium EuroKera® Glass Four Induction Cooking Zones Including a Bridge Zone for Larger Cookware and Griddles Power Boost Increases Power by up to 67% Depending on Cooking Zone Easy-to-read, Bright White LED Display Residual Heat Indicator for Each Cooking Zone Can be Installed Over a Sharp® 24 in. European Convection Built-In Single Wall Oven Included Magnetic Stainless Steel Side Accessories are Convenient for Resting Utensils and Cookware Click here to purchase an Extended Warranty for your product."
24 in. Drop-In Radiant Cooktop with Side Accessories  (SCR2442FB),799.99,sharpusa.com,https://shop.sharpusa.com/products/induction-cooktops/,2025-01-18 22:31:01,induction-cooktops,,https://shop.sharpusa.com/24-in-drop-in-radiant-cooktop-with-side-accessories-scr2442fb/,"Four Cooking Zones, Including Double Heater Capability to Provide for Larger Pots and Pans Bridge Element Accommodates for Oblong Cookware, Griddles and Grill Pans Precise Low Power Option Provides Low, Even, and Consistent Cooking Performance for Your Most Delicate Soups, Sauces and Chocolate 4 Individual Cooking Zone Timers, Plus an Additional Independent Timer Included Magnetic Stainless Steel Side Accessories are Convenient for Resting Utensils and Cookware Click here to purchase an Extended Warranty for your product.",24 in. drop-in radiant cooktop with side accessories  (scr2442fb),"four cooking zones, including double heater capability to provide for larger pots and pans bridge element accommodates for oblong cookware, griddles and grill pans precise low power option provides low, even, and consistent cooking performance for your most delicate soups, sauces and chocolate 4 individual cooking zone timers, plus an additional independent timer included magnetic stainless steel side accessories are convenient for resting utensils and cookware click here to purchase an extended warranty for your product.","24 in. Drop-In Radiant Cooktop with Side Accessories  (SCR2442FB) Four Cooking Zones, Including Double Heater Capability to Provide for Larger Pots and Pans Bridge Element Accommodates for Oblong Cookware, Griddles and Grill Pans Precise Low Power Option Provides Low, Even, and Consistent Cooking Performance for Your Most Delicate Soups, Sauces and Chocolate 4 Individual Cooking Zone Timers, Plus an Additional Independent Timer Included Magnetic Stainless Steel Side Accessories are Convenient for Resting Utensils and Cookware Click here to purchase an Extended Warranty for your product."
30 in. Drop-In Radiant Cooktop (SCR3041GB),649.99,sharpusa.com,https://shop.sharpusa.com/products/induction-cooktops/,2025-01-18 22:31:01,induction-cooktops,,https://shop.sharpusa.com/30-in-drop-in-radiant-cooktop-scr3041gb/,"Four Cooking Zones, Including Double Heater Capability to Provide for Larger Pots and Pans Convenient Bridge Element Accommodates for Oblong Cookware, Griddles and Grill Pans Precise Low Power Option Provides Low, Even, and Consistent Cooking Performance for Your Most Delicate Soups, Sauces, and Chocolate 4 Individual Cooking Zone Timers, Plus an Additional, Independent Timer Click here to purchase an Extended Warranty for your product.",30 in. drop-in radiant cooktop (scr3041gb),"four cooking zones, including double heater capability to provide for larger pots and pans convenient bridge element accommodates for oblong cookware, griddles and grill pans precise low power option provides low, even, and consistent cooking performance for your most delicate soups, sauces, and chocolate 4 individual cooking zone timers, plus an additional, independent timer click here to purchase an extended warranty for your product.","30 in. Drop-In Radiant Cooktop (SCR3041GB) Four Cooking Zones, Including Double Heater Capability to Provide for Larger Pots and Pans Convenient Bridge Element Accommodates for Oblong Cookware, Griddles and Grill Pans Precise Low Power Option Provides Low, Even, and Consistent Cooking Performance for Your Most Delicate Soups, Sauces, and Chocolate 4 Individual Cooking Zone Timers, Plus an Additional, Independent Timer Click here to purchase an Extended Warranty for your product."
Sharp Smart Plasmacluster Ion Air Purifier with True HEPA + Humidifier for Large Rooms (KCP70UW),469.99,sharpusa.com,https://shop.sharpusa.com/products/air-purifiers/,2025-01-18 22:31:01,air-purifiers,,https://shop.sharpusa.com/sharp-smart-plasmacluster-ion-air-purifier-with-true-hepa-humidifier-for-large-rooms-kcp70uw/,"Effective up to 1,913 sq. ft. at one air change per hour, the KCP70UW will filter the air in the AHAM Suggested Room Size of 396 sq ft. at 4.8 air changes per hour Monitor your Home’s Air Quality and adjust settings remotely using the SHARP AIR App Compatible with Amazon Alexa and Google Assistant to Allow Voice Control Plasmacluster® Ion Technology, 7000 Series True HEPA Filter Captures 99.97% of Particles from the Air that Pass Through the Filter 0.3 Microns and Larger Included True HEPA Filter and Activated Carbon Filter May Last up-to 2 Years Depending on Environment Auto Mode Monitors Air Quality and Adjusts Air Purification and Humidity Levels CADR: Smoke (225) / Dust (260) / Pollen (259) Click Here to Purchase Additional Carbon Filter Click Here to Purchase Additional True HEPA Filter Click Here to Purchase Additional Humidifying Filter Click here to purchase an Extended Warranty for your product.",sharp smart plasmacluster ion air purifier with true hepa + humidifier for large rooms (kcp70uw),"effective up to 1,913 sq. ft. at one air change per hour, the kcp70uw will filter the air in the aham suggested room size of 396 sq ft. at 4.8 air changes per hour monitor your home’s air quality and adjust settings remotely using the sharp air app compatible with amazon alexa and google assistant to allow voice control plasmacluster® ion technology, 7000 series true hepa filter captures 99.97% of particles from the air that pass through the filter 0.3 microns and larger included true hepa filter and activated carbon filter may last up-to 2 years depending on environment auto mode monitors air quality and adjusts air purification and humidity levels cadr: smoke (225) / dust (260) / pollen (259) click here to purchase additional carbon filter click here to purchase additional true hepa filter click here to purchase additional humidifying filter click here to purchase an extended warranty for your product.","Sharp Smart Plasmacluster Ion Air Purifier with True HEPA + Humidifier for Large Rooms (KCP70UW) Effective up to 1,913 sq. ft. at one air change per hour, the KCP70UW will filter the air in the AHAM Suggested Room Size of 396 sq ft. at 4.8 air changes per hour Monitor your Home’s Air Quality and adjust settings remotely using the SHARP AIR App Compatible with Amazon Alexa and Google Assistant to Allow Voice Control Plasmacluster® Ion Technology, 7000 Series True HEPA Filter Captures 99.97% of Particles from the Air that Pass Through the Filter 0.3 Microns and Larger Included True HEPA Filter and Activated Carbon Filter May Last up-to 2 Years Depending on Environment Auto Mode Monitors Air Quality and Adjusts Air Purification and Humidity Levels CADR: Smoke (225) / Dust (260) / Pollen (259) Click Here to Purchase Additional Carbon Filter Click Here to Purchase Additional True HEPA Filter Click Here to Purchase Additional Humidifying Filter Click here to purchase an Extended Warranty for your product."
Sharp Plasmacluster Ion Air Purifier with True HEPA + Humidifier for Medium Rooms (KC850U),399.99,sharpusa.com,https://shop.sharpusa.com/products/air-purifiers/,2025-01-18 22:31:01,air-purifiers,,https://shop.sharpusa.com/sharp-plasmacluster-ion-air-purifier-with-true-hepa-humidifier-for-medium-rooms-kc850u/,"Effective up to 1,230 sq. ft. at one air change per hour, the KC850U will filter the air in the AHAM Suggested Room Size of 254 sq ft. at 4.8 air changes per hour Recommended for Medium-Sized Rooms Plasmacluster® Ion Technology, 7000 Series True HEPA Filter Captures 99.97% of Particles from the Air that Passes Through the Filter 0.3 Microns and Larger Activated Carbon Filter Designed to Help Reduce Some Common Household Odors Included True HEPA Filter and Activated Carbon Filter May Last up-to 5 Years Depending on Environment Max, Med, Low Fan Speeds, Plus Pollen, Plus Quick Clean, and Auto CADR Smoke (164) / Dust (164) / Pollen (174) ENERGY STAR® Rated, AHAM Verifide Tested, and California Air Resources Board (CARB) Certified Auto Mode Monitors Air Quality and Adjusts Air Purification and Humidity Levels Click Here to Purchase Additional True HEPA Filter Click Here to Purchase Additional Carbon Filter Click Here to Purchase Additional Humidifying Filter Click here to purchase an Extended Warranty for your product. FREE SHIPPING",sharp plasmacluster ion air purifier with true hepa + humidifier for medium rooms (kc850u),"effective up to 1,230 sq. ft. at one air change per hour, the kc850u will filter the air in the aham suggested room size of 254 sq ft. at 4.8 air changes per hour recommended for medium-sized rooms plasmacluster® ion technology, 7000 series true hepa filter captures 99.97% of particles from the air that passes through the filter 0.3 microns and larger activated carbon filter designed to help reduce some common household odors included true hepa filter and activated carbon filter may last up-to 5 years depending on environment max, med, low fan speeds, plus pollen, plus quick clean, and auto cadr smoke (164) / dust (164) / pollen (174) energy star® rated, aham verifide tested, and california air resources board (carb) certified auto mode monitors air quality and adjusts air purification and humidity levels click here to purchase additional true hepa filter click here to purchase additional carbon filter click here to purchase additional humidifying filter click here to purchase an extended warranty for your product. free shipping","Sharp Plasmacluster Ion Air Purifier with True HEPA + Humidifier for Medium Rooms (KC850U) Effective up to 1,230 sq. ft. at one air change per hour, the KC850U will filter the air in the AHAM Suggested Room Size of 254 sq ft. at 4.8 air changes per hour Recommended for Medium-Sized Rooms Plasmacluster® Ion Technology, 7000 Series True HEPA Filter Captures 99.97% of Particles from the Air that Passes Through the Filter 0.3 Microns and Larger Activated Carbon Filter Designed to Help Reduce Some Common Household Odors Included True HEPA Filter and Activated Carbon Filter May Last up-to 5 Years Depending on Environment Max, Med, Low Fan Speeds, Plus Pollen, Plus Quick Clean, and Auto CADR Smoke (164) / Dust (164) / Pollen (174) ENERGY STAR® Rated, AHAM Verifide Tested, and California Air Resources Board (CARB) Certified Auto Mode Monitors Air Quality and Adjusts Air Purification and Humidity Levels Click Here to Purchase Additional True HEPA Filter Click Here to Purchase Additional Carbon Filter Click Here to Purchase Additional Humidifying Filter Click here to purchase an Extended Warranty for your product. FREE SHIPPING"
Sharp Smart Plasmacluster Ion Air Purifier with True HEPA for Extra Large Rooms (FXJ80UW),399.99,sharpusa.com,https://shop.sharpusa.com/products/air-purifiers/,2025-01-18 22:31:01,air-purifiers,,https://shop.sharpusa.com/sharp-smart-plasmacluster-ion-air-purifier-with-true-hepa-for-extra-large-rooms-fxj80uw/,"Effective up to 2,430 sq. ft. at one air change per hour, the FXJ80UW will filter the air in the AHAM Suggested Room Size of 502 sq ft. at 4.8 air changes per hour Recommended for Extra-Large Rooms Monitor your Home’s Air Quality and adjust settings remotely using the SHARP AIR App Compatible with Amazon Echo and Other Alexa-Enabled Devices to Allow Voice Control Plasmacluster® Ion Technology 25000 Series True HEPA Filter Captures 99.97% of Particles from the Air that Passes Through the Filter 0.3 Microns and Larger Activated Carbon Filter Designed to Help Reduce Some Common Household Odors Included True HEPA Filter and Activated Carbon Filter May Last up-to 2 Years Depending on Environment Max, Med, Low, Sleep Fan Speeds, Plus Pollen, Express Clean, and Auto CADR Smoke (324) / Dust (334) / Pollen (361) ON/OFF Timer for Up-to 12 Hours ENERGY STAR® Rated, AHAM Verifide Tested, and California Air Resources Board (CARB) Certified Amazon Echo and Other Alexa-Enabled Devices Sold Separately Click Here to Purchase Additional True HEPA Filter Click Here to Purchase Additional Carbon Filter Click here to purchase an Extended Warranty for your product.",sharp smart plasmacluster ion air purifier with true hepa for extra large rooms (fxj80uw),"effective up to 2,430 sq. ft. at one air change per hour, the fxj80uw will filter the air in the aham suggested room size of 502 sq ft. at 4.8 air changes per hour recommended for extra-large rooms monitor your home’s air quality and adjust settings remotely using the sharp air app compatible with amazon echo and other alexa-enabled devices to allow voice control plasmacluster® ion technology 25000 series true hepa filter captures 99.97% of particles from the air that passes through the filter 0.3 microns and larger activated carbon filter designed to help reduce some common household odors included true hepa filter and activated carbon filter may last up-to 2 years depending on environment max, med, low, sleep fan speeds, plus pollen, express clean, and auto cadr smoke (324) / dust (334) / pollen (361) on/off timer for up-to 12 hours energy star® rated, aham verifide tested, and california air resources board (carb) certified amazon echo and other alexa-enabled devices sold separately click here to purchase additional true hepa filter click here to purchase additional carbon filter click here to purchase an extended warranty for your product.","Sharp Smart Plasmacluster Ion Air Purifier with True HEPA for Extra Large Rooms (FXJ80UW) Effective up to 2,430 sq. ft. at one air change per hour, the FXJ80UW will filter the air in the AHAM Suggested Room Size of 502 sq ft. at 4.8 air changes per hour Recommended for Extra-Large Rooms Monitor your Home’s Air Quality and adjust settings remotely using the SHARP AIR App Compatible with Amazon Echo and Other Alexa-Enabled Devices to Allow Voice Control Plasmacluster® Ion Technology 25000 Series True HEPA Filter Captures 99.97% of Particles from the Air that Passes Through the Filter 0.3 Microns and Larger Activated Carbon Filter Designed to Help Reduce Some Common Household Odors Included True HEPA Filter and Activated Carbon Filter May Last up-to 2 Years Depending on Environment Max, Med, Low, Sleep Fan Speeds, Plus Pollen, Express Clean, and Auto CADR Smoke (324) / Dust (334) / Pollen (361) ON/OFF Timer for Up-to 12 Hours ENERGY STAR® Rated, AHAM Verifide Tested, and California Air Resources Board (CARB) Certified Amazon Echo and Other Alexa-Enabled Devices Sold Separately Click Here to Purchase Additional True HEPA Filter Click Here to Purchase Additional Carbon Filter Click here to purchase an Extended Warranty for your product."
Sharp Plasmacluster Ion Air Purifier with True HEPA for Large Rooms (FPA80UW),249.99,sharpusa.com,https://shop.sharpusa.com/products/air-purifiers/,2025-01-18 22:31:01,air-purifiers,,https://shop.sharpusa.com/sharp-plasmacluster-ion-air-purifier-with-true-hepa-for-large-rooms-fpa80uw/,"Effective up to 2,198 sq. ft. at one air change per hour, the FPA80UW will filter the air in the AHAM Suggested Room Size of 454 sq ft. at 4.8 air changes per hour Recommended for Large Rooms Plasmacluster® Ion Technology, 7000 Series True HEPA Filter Captures 99.97% of Particles from the Air that Passes Through the Filter 0.3 Microns and Larger Activated Carbon Filter Designed to Help Reduce Some Common Household Odors Included True HEPA Filter May Last up-to 2 Years Depending on Environment Max, Med, Low Fan Speeds, Plus Quick Clean, and Auto CADR: Smoke (293) / Dust (303) / Pollen (360) ENERGY STAR® Rated, AHAM Verifide Tested, and California Air Resources Board (CARB) Certified Click Here to Purchase Additional True HEPA Filter Click Here to Purchase Additional Carbon Filter Click here to purchase an Extended Warranty for your product. FREE SHIPPING",sharp plasmacluster ion air purifier with true hepa for large rooms (fpa80uw),"effective up to 2,198 sq. ft. at one air change per hour, the fpa80uw will filter the air in the aham suggested room size of 454 sq ft. at 4.8 air changes per hour recommended for large rooms plasmacluster® ion technology, 7000 series true hepa filter captures 99.97% of particles from the air that passes through the filter 0.3 microns and larger activated carbon filter designed to help reduce some common household odors included true hepa filter may last up-to 2 years depending on environment max, med, low fan speeds, plus quick clean, and auto cadr: smoke (293) / dust (303) / pollen (360) energy star® rated, aham verifide tested, and california air resources board (carb) certified click here to purchase additional true hepa filter click here to purchase additional carbon filter click here to purchase an extended warranty for your product. free shipping","Sharp Plasmacluster Ion Air Purifier with True HEPA for Large Rooms (FPA80UW) Effective up to 2,198 sq. ft. at one air change per hour, the FPA80UW will filter the air in the AHAM Suggested Room Size of 454 sq ft. at 4.8 air changes per hour Recommended for Large Rooms Plasmacluster® Ion Technology, 7000 Series True HEPA Filter Captures 99.97% of Particles from the Air that Passes Through the Filter 0.3 Microns and Larger Activated Carbon Filter Designed to Help Reduce Some Common Household Odors Included True HEPA Filter May Last up-to 2 Years Depending on Environment Max, Med, Low Fan Speeds, Plus Quick Clean, and Auto CADR: Smoke (293) / Dust (303) / Pollen (360) ENERGY STAR® Rated, AHAM Verifide Tested, and California Air Resources Board (CARB) Certified Click Here to Purchase Additional True HEPA Filter Click Here to Purchase Additional Carbon Filter Click here to purchase an Extended Warranty for your product. FREE SHIPPING"
Sharp Plasmacluster Ion Air Purifier with True HEPA for Medium Rooms (FPK50UW),129.99,sharpusa.com,https://shop.sharpusa.com/products/air-purifiers/,2025-01-18 22:31:01,air-purifiers,,https://shop.sharpusa.com/sharp-plasmacluster-ion-air-purifier-with-true-hepa-for-medium-rooms-fpk50uw/,"Effective up to 1,253 sq. ft. at one air change per hour, the FPK50UW will filter the air in the AHAM Suggested Room Size of 259 sq ft. at 4.8 air changes per hour Recommended for Medium-Sized Rooms, Kitchen, Den, Bedroom, or Office Plasmacluster® Ion Technology, 7000 Series True HEPA Filter Captures 99.97% of Particles from the Air that Passes Through the Filter 0.3 Microns and Larger Activated Carbon Filter Designed to Help Reduce Some Common Household Odors Included True HEPA Filter and Activated Carbon Filter May Last up-to 2 Years Depending on Environment Max, Med, Sleep Fan Speeds, Plus Express Clean CADR: Smoke (167) / Dust (171) / Pollen (188) ENERGY STAR® Rated, AHAM Verifide Tested, and California Air Resources Board (CARB) Certified Click Here to Purchase Additional True HEPA Filter Click Here to Purchase Additional Carbon Filter Click here to purchase an Extended Warranty for your product.",sharp plasmacluster ion air purifier with true hepa for medium rooms (fpk50uw),"effective up to 1,253 sq. ft. at one air change per hour, the fpk50uw will filter the air in the aham suggested room size of 259 sq ft. at 4.8 air changes per hour recommended for medium-sized rooms, kitchen, den, bedroom, or office plasmacluster® ion technology, 7000 series true hepa filter captures 99.97% of particles from the air that passes through the filter 0.3 microns and larger activated carbon filter designed to help reduce some common household odors included true hepa filter and activated carbon filter may last up-to 2 years depending on environment max, med, sleep fan speeds, plus express clean cadr: smoke (167) / dust (171) / pollen (188) energy star® rated, aham verifide tested, and california air resources board (carb) certified click here to purchase additional true hepa filter click here to purchase additional carbon filter click here to purchase an extended warranty for your product.","Sharp Plasmacluster Ion Air Purifier with True HEPA for Medium Rooms (FPK50UW) Effective up to 1,253 sq. ft. at one air change per hour, the FPK50UW will filter the air in the AHAM Suggested Room Size of 259 sq ft. at 4.8 air changes per hour Recommended for Medium-Sized Rooms, Kitchen, Den, Bedroom, or Office Plasmacluster® Ion Technology, 7000 Series True HEPA Filter Captures 99.97% of Particles from the Air that Passes Through the Filter 0.3 Microns and Larger Activated Carbon Filter Designed to Help Reduce Some Common Household Odors Included True HEPA Filter and Activated Carbon Filter May Last up-to 2 Years Depending on Environment Max, Med, Sleep Fan Speeds, Plus Express Clean CADR: Smoke (167) / Dust (171) / Pollen (188) ENERGY STAR® Rated, AHAM Verifide Tested, and California Air Resources Board (CARB) Certified Click Here to Purchase Additional True HEPA Filter Click Here to Purchase Additional Carbon Filter Click here to purchase an Extended Warranty for your product."
Sharp True HEPA Air Purifier with Express Clean for Small Rooms (FPF30UH),99.99,sharpusa.com,https://shop.sharpusa.com/products/air-purifiers/,2025-01-18 22:31:01,air-purifiers,,https://shop.sharpusa.com/sharp-true-hepa-air-purifier-with-express-clean-for-small-rooms-fpf30uh/,"Effective up to 690 sq. ft. at one air change per hour, the FPF30UH will filter the air in the AHAM Suggested Room Size of 143 sq ft. at 4.8 air changes per hour Recommended for Small-Sized Rooms, Home Office, or Small Bedroom True HEPA Filter Captures 99.97% of Particles from the Air that Passes Through the Filter 0.3 Microns and Larger Included True HEPA Filter May Last up-to 2 Years Depending on Environment Max, Med, Sleep Fan Speeds, Plus Express Clean CADR Smoke (92) / Dust (101) / Pollen (109) ENERGY STAR® Rated, AHAM Verifide Tested, and California Air Resources Board (CARB) Certified Click Here to Purchase Additional True HEPA Filter Click here to purchase an Extended Warranty for your product.",sharp true hepa air purifier with express clean for small rooms (fpf30uh),"effective up to 690 sq. ft. at one air change per hour, the fpf30uh will filter the air in the aham suggested room size of 143 sq ft. at 4.8 air changes per hour recommended for small-sized rooms, home office, or small bedroom true hepa filter captures 99.97% of particles from the air that passes through the filter 0.3 microns and larger included true hepa filter may last up-to 2 years depending on environment max, med, sleep fan speeds, plus express clean cadr smoke (92) / dust (101) / pollen (109) energy star® rated, aham verifide tested, and california air resources board (carb) certified click here to purchase additional true hepa filter click here to purchase an extended warranty for your product.","Sharp True HEPA Air Purifier with Express Clean for Small Rooms (FPF30UH) Effective up to 690 sq. ft. at one air change per hour, the FPF30UH will filter the air in the AHAM Suggested Room Size of 143 sq ft. at 4.8 air changes per hour Recommended for Small-Sized Rooms, Home Office, or Small Bedroom True HEPA Filter Captures 99.97% of Particles from the Air that Passes Through the Filter 0.3 Microns and Larger Included True HEPA Filter May Last up-to 2 Years Depending on Environment Max, Med, Sleep Fan Speeds, Plus Express Clean CADR Smoke (92) / Dust (101) / Pollen (109) ENERGY STAR® Rated, AHAM Verifide Tested, and California Air Resources Board (CARB) Certified Click Here to Purchase Additional True HEPA Filter Click here to purchase an Extended Warranty for your product."
Allstate 3 Years (For Major Appliances Under $1000),89.99,costco.com,https://www.costco.com/refrigerators.html,2025-01-18 22:31:01,refrigerators,,https://www.costco.com/allstate-3-years-for-major-appliances-under-%241000.product.100280696.html,"Plan must be purchased from Costco.com within 90 days of purchasing an appliance from Costco. Each plan protects one item. Coverage starts on the day member receives the covered item. Plan does not include intentional damage, loss or theft. Not intended for commercial use. This plan is exclusive to Costco members.",allstate 3 years (for major appliances under $1000),"plan must be purchased from costco.com within 90 days of purchasing an appliance from costco. each plan protects one item. coverage starts on the day member receives the covered item. plan does not include intentional damage, loss or theft. not intended for commercial use. this plan is exclusive to costco members.","Allstate 3 Years (For Major Appliances Under $1000) Plan must be purchased from Costco.com within 90 days of purchasing an appliance from Costco. Each plan protects one item. Coverage starts on the day member receives the covered item. Plan does not include intentional damage, loss or theft. Not intended for commercial use. This plan is exclusive to Costco members."
Whirlpool 19.2 cu. ft. Counter Depth 4 Door Refrigerator with Easy Shelves,1449.99,costco.com,https://www.costco.com/refrigerators.html,2025-01-18 22:31:01,refrigerators,January Savings,https://www.costco.com/whirlpool-19.2-cu.-ft.-counter-depth-4-door-refrigerator-with-easy-shelves.product.100696541.html,WARNING: Cancer and Reproductive Harm - www.P65Warnings.ca.gov .,whirlpool 19.2 cu. ft. counter depth 4 door refrigerator with easy shelves,warning: cancer and reproductive harm - www.p65warnings.ca.gov .,Whirlpool 19.2 cu. ft. Counter Depth 4 Door Refrigerator with Easy Shelves WARNING: Cancer and Reproductive Harm - www.P65Warnings.ca.gov .
Samsung 27.4 cu. ft. Large Capacity Side by Side Refrigerator,1199.99,costco.com,https://www.costco.com/refrigerators.html,2025-01-18 22:31:01,refrigerators,,https://www.costco.com/samsung-27.4-cu.-ft.-large-capacity-side-by-side-refrigerator.product.100530246.html?preselect=color%3ablack+stainless+steel,"WARNING: Cancer and Reproductive Harm - www.P65Warnings.ca.gov . RS27T5200SR 27.4 cu. ft. Large Capacity Side-By-Side Refrigerator Signature Features Large Capacity A completely redesigned interior with 27.4 cu. ft. capacity that fits 10% more groceries than ever. Modern Design Clean lines and modern form blend beautifully into your kitchen. Fingerprint Resistant Finish A finish that withstands everyday smudges, so you spend less time cleaning. Design • Large Capacity of 27.4 cu. ft. • Fingerprint Resistant Finish • Minimal Display Dispenser: external filtered water and ice • LED Lighting • Four Gallon Door Bins • Two Clear Drawers Convenience • Adjustable Top Shelf • Door Alarm • Water Filter Indicator • Sabbath Mode Performance • All-Around Cooling • In-Door Ice Maker - Stores up to 4.4 lbs of ice Total Capacity: 27.4 cu. ft. Refrigerator: 17.9 cu. ft. • 4 Tempered Glass Shelves • 2 Clear Drawers • 5 Door Bins – 4 Gallon Bins – 1 Door Bin • LED Lighting Freezer: 9.5 cu. ft. • External Filtered Water and Ice Dispenser (Crushed or Cubed Ice) • In-Door Ice Maker • 5 Tempered Glass Shelves • 1 Drawer • 2 Door Bins • LED Lighting Product Dimensions & Weight Dimensions (WxHxD with hinges, handles, doors and dispenser): 357 /8"" x 701 /16"" x 331 /2"" Dimensions (WxHxD without hinges and door): 357 /8"" x 685 /8"" x 2815/16"" Dimensions (WxHxD with hinge and door, no handle): 357 /8"" x 701 /16"" x 331 /2"" Weight: 289 lbs Shipping Dimensions & Weight (WxHxD) Dimensions: 37 3 /4"" x 753 /8"" x 35"" Weight: 298 lbs",samsung 27.4 cu. ft. large capacity side by side refrigerator,"warning: cancer and reproductive harm - www.p65warnings.ca.gov . rs27t5200sr 27.4 cu. ft. large capacity side-by-side refrigerator signature features large capacity a completely redesigned interior with 27.4 cu. ft. capacity that fits 10% more groceries than ever. modern design clean lines and modern form blend beautifully into your kitchen. fingerprint resistant finish a finish that withstands everyday smudges, so you spend less time cleaning. design • large capacity of 27.4 cu. ft. • fingerprint resistant finish • minimal display dispenser: external filtered water and ice • led lighting • four gallon door bins • two clear drawers convenience • adjustable top shelf • door alarm • water filter indicator • sabbath mode performance • all-around cooling • in-door ice maker - stores up to 4.4 lbs of ice total capacity: 27.4 cu. ft. refrigerator: 17.9 cu. ft. • 4 tempered glass shelves • 2 clear drawers • 5 door bins – 4 gallon bins – 1 door bin • led lighting freezer: 9.5 cu. ft. • external filtered water and ice dispenser (crushed or cubed ice) • in-door ice maker • 5 tempered glass shelves • 1 drawer • 2 door bins • led lighting product dimensions & weight dimensions (wxhxd with hinges, handles, doors and dispenser): 357 /8"" x 701 /16"" x 331 /2"" dimensions (wxhxd without hinges and door): 357 /8"" x 685 /8"" x 2815/16"" dimensions (wxhxd with hinge and door, no handle): 357 /8"" x 701 /16"" x 331 /2"" weight: 289 lbs shipping dimensions & weight (wxhxd) dimensions: 37 3 /4"" x 753 /8"" x 35"" weight: 298 lbs","Samsung 27.4 cu. ft. Large Capacity Side by Side Refrigerator WARNING: Cancer and Reproductive Harm - www.P65Warnings.ca.gov . RS27T5200SR 27.4 cu. ft. Large Capacity Side-By-Side Refrigerator Signature Features Large Capacity A completely redesigned interior with 27.4 cu. ft. capacity that fits 10% more groceries than ever. Modern Design Clean lines and modern form blend beautifully into your kitchen. Fingerprint Resistant Finish A finish that withstands everyday smudges, so you spend less time cleaning. Design • Large Capacity of 27.4 cu. ft. • Fingerprint Resistant Finish • Minimal Display Dispenser: external filtered water and ice • LED Lighting • Four Gallon Door Bins • Two Clear Drawers Convenience • Adjustable Top Shelf • Door Alarm • Water Filter Indicator • Sabbath Mode Performance • All-Around Cooling • In-Door Ice Maker - Stores up to 4.4 lbs of ice Total Capacity: 27.4 cu. ft. Refrigerator: 17.9 cu. ft. • 4 Tempered Glass Shelves • 2 Clear Drawers • 5 Door Bins – 4 Gallon Bins – 1 Door Bin • LED Lighting Freezer: 9.5 cu. ft. • External Filtered Water and Ice Dispenser (Crushed or Cubed Ice) • In-Door Ice Maker • 5 Tempered Glass Shelves • 1 Drawer • 2 Door Bins • LED Lighting Product Dimensions & Weight Dimensions (WxHxD with hinges, handles, doors and dispenser): 357 /8"" x 701 /16"" x 331 /2"" Dimensions (WxHxD without hinges and door): 357 /8"" x 685 /8"" x 2815/16"" Dimensions (WxHxD with hinge and door, no handle): 357 /8"" x 701 /16"" x 331 /2"" Weight: 289 lbs Shipping Dimensions & Weight (WxHxD) Dimensions: 37 3 /4"" x 753 /8"" x 35"" Weight: 298 lbs"
Frigidaire 25.6 cu. ft. Standard Depth Side by Side Refrigerator,949.99,costco.com,https://www.costco.com/refrigerators.html,2025-01-18 22:31:01,refrigerators,,https://www.costco.com/frigidaire-25.6-cu.-ft.-standard-depth-side-by-side-refrigerator.product.4000309102.html,WARNING: Cancer and Reproductive Harm - www.P65Warnings.ca.gov .,frigidaire 25.6 cu. ft. standard depth side by side refrigerator,warning: cancer and reproductive harm - www.p65warnings.ca.gov .,Frigidaire 25.6 cu. ft. Standard Depth Side by Side Refrigerator WARNING: Cancer and Reproductive Harm - www.P65Warnings.ca.gov .
GE 21.9 Cu. Ft. Top-Freezer Refrigerator,779.99,costco.com,https://www.costco.com/refrigerators.html,2025-01-18 22:31:01,refrigerators,,https://www.costco.com/ge-21.9-cu.-ft.-top-freezer-refrigerator.product.100976665.html?preselect=color%3ablack,2-Year Manufacturer's Warranty Included WARNING: Cancer and Reproductive Harm - www.P65Warnings.ca.gov .,ge 21.9 cu. ft. top-freezer refrigerator,2-year manufacturer's warranty included warning: cancer and reproductive harm - www.p65warnings.ca.gov .,GE 21.9 Cu. Ft. Top-Freezer Refrigerator 2-Year Manufacturer's Warranty Included WARNING: Cancer and Reproductive Harm - www.P65Warnings.ca.gov .
Samsung 23 cu. ft. Counter Depth 4-Door French Door Refrigerator with Beverage Center in ,2299.99,costco.com,https://www.costco.com/refrigerators.html,2025-01-18 22:31:01,refrigerators,,https://www.costco.com/samsung-23-cu.-ft.-counter-depth-4-door-french-door-refrigerator-with-beverage-center-in-stainless-steel.product.4000050930.html,WARNING: Cancer and Reproductive Harm - www.P65Warnings.ca.gov .,samsung 23 cu. ft. counter depth 4-door french door refrigerator with beverage center in ,warning: cancer and reproductive harm - www.p65warnings.ca.gov .,Samsung 23 cu. ft. Counter Depth 4-Door French Door Refrigerator with Beverage Center in  WARNING: Cancer and Reproductive Harm - www.P65Warnings.ca.gov .
LG 27 cu. ft. Smart Counter-Depth MAX French Door Refrigerator,1799.99,costco.com,https://www.costco.com/refrigerators.html,2025-01-18 22:31:01,refrigerators,,https://www.costco.com/lg-27-cu.-ft.-smart-counter-depth-max-french-door-refrigerator.product.4000043011.html?preselect=color%3astainless+steel,WARNING: Cancer and Reproductive Harm - www.P65Warnings.ca.gov .,lg 27 cu. ft. smart counter-depth max french door refrigerator,warning: cancer and reproductive harm - www.p65warnings.ca.gov .,LG 27 cu. ft. Smart Counter-Depth MAX French Door Refrigerator WARNING: Cancer and Reproductive Harm - www.P65Warnings.ca.gov .
Whirlpool 20 cu. ft. Top Freezer Refrigerator with Frameless Glass Shelves,729.99,costco.com,https://www.costco.com/refrigerators.html,2025-01-18 22:31:01,refrigerators,,https://www.costco.com/whirlpool-20-cu.-ft.-top-freezer-refrigerator-with-frameless-glass-shelves.product.100426121.html?preselect=color%3astainless+steel,Limit 5 per member. WARNING: Cancer and Reproductive Harm - www.P65Warnings.ca.gov .,whirlpool 20 cu. ft. top freezer refrigerator with frameless glass shelves,limit 5 per member. warning: cancer and reproductive harm - www.p65warnings.ca.gov .,Whirlpool 20 cu. ft. Top Freezer Refrigerator with Frameless Glass Shelves Limit 5 per member. WARNING: Cancer and Reproductive Harm - www.P65Warnings.ca.gov .
Samsung 29 cu. ft. Bespoke 4-Door French Door Smart Refrigerator with Beverage Center,2249.99,costco.com,https://www.costco.com/refrigerators.html,2025-01-18 22:31:01,refrigerators,,https://www.costco.com/samsung-29-cu.-ft.-bespoke-4-door-french-door-smart-refrigerator-with-beverage-center.product.100948386.html?preselect=top%2fbottom+panel+color%3awhite+glass+%2f+white+glass,WARNING: Cancer and Reproductive Harm - www.P65Warnings.ca.gov .,samsung 29 cu. ft. bespoke 4-door french door smart refrigerator with beverage center,warning: cancer and reproductive harm - www.p65warnings.ca.gov .,Samsung 29 cu. ft. Bespoke 4-Door French Door Smart Refrigerator with Beverage Center WARNING: Cancer and Reproductive Harm - www.P65Warnings.ca.gov .
Whirlpool 18 cu. ft. Top Freezer Refrigerator with LED Lighting,649.99,costco.com,https://www.costco.com/refrigerators.html,2025-01-18 22:31:01,refrigerators,January Savings,https://www.costco.com/whirlpool-18-cu.-ft.-top-freezer-refrigerator-with-led-lighting.product.100500416.html,WARNING: Cancer and Reproductive Harm - www.P65Warnings.ca.gov .,whirlpool 18 cu. ft. top freezer refrigerator with led lighting,warning: cancer and reproductive harm - www.p65warnings.ca.gov .,Whirlpool 18 cu. ft. Top Freezer Refrigerator with LED Lighting WARNING: Cancer and Reproductive Harm - www.P65Warnings.ca.gov .
Samsung 29 cu. ft. Bespoke 4-Door French Door Refrigerator with Family Hub,2849.99,costco.com,https://www.costco.com/refrigerators.html,2025-01-18 22:31:01,refrigerators,,https://www.costco.com/samsung-29-cu.-ft.-bespoke-4-door-french-door-refrigerator-with-family-hub.product.100973650.html?preselect=top%2fbottom+panel+color%3awhite+glass+%2f+white+glass,WARNING: Cancer and Reproductive Harm - www.P65Warnings.ca.gov .,samsung 29 cu. ft. bespoke 4-door french door refrigerator with family hub,warning: cancer and reproductive harm - www.p65warnings.ca.gov .,Samsung 29 cu. ft. Bespoke 4-Door French Door Refrigerator with Family Hub WARNING: Cancer and Reproductive Harm - www.P65Warnings.ca.gov .
Samsung 28 cu. ft. Smart Side-by-Side Refrigerator,1049.99,costco.com,https://www.costco.com/refrigerators.html,2025-01-18 22:31:01,refrigerators,January Savings,https://www.costco.com/samsung-28-cu.-ft.-smart-side-by-side-refrigerator.product.100743934.html?preselect=color%3astainless+steel,WARNING: Cancer and Reproductive Harm - www.P65Warnings.ca.gov .,samsung 28 cu. ft. smart side-by-side refrigerator,warning: cancer and reproductive harm - www.p65warnings.ca.gov .,Samsung 28 cu. ft. Smart Side-by-Side Refrigerator WARNING: Cancer and Reproductive Harm - www.P65Warnings.ca.gov .
GE 22.1 cu. ft. Counter-Depth French Door Refrigerator with TwinChill Evaporators and Humidity Controlled Drawers,2099.99,costco.com,https://www.costco.com/refrigerators.html,2025-01-18 22:31:01,refrigerators,,https://www.costco.com/ge-22.1-cu.-ft.-counter-depth-french-door-refrigerator-with-twinchill-evaporators-and-humidity-controlled-drawers.product.100568187.html?preselect=color%3astainless+steel,WARNING: Cancer and Reproductive Harm - www.P65Warnings.ca.gov .,ge 22.1 cu. ft. counter-depth french door refrigerator with twinchill evaporators and humidity controlled drawers,warning: cancer and reproductive harm - www.p65warnings.ca.gov .,GE 22.1 cu. ft. Counter-Depth French Door Refrigerator with TwinChill Evaporators and Humidity Controlled Drawers WARNING: Cancer and Reproductive Harm - www.P65Warnings.ca.gov .
LG 21 cu. ft. 3-Door Counter Depth MAX Refrigerator,1349.99,costco.com,https://www.costco.com/refrigerators.html,2025-01-18 22:31:01,refrigerators,,https://www.costco.com/lg-21-cu.-ft.-3-door-counter-depth-max-refrigerator.product.4000212547.html,WARNING: Cancer and Reproductive Harm - www.P65Warnings.ca.gov .,lg 21 cu. ft. 3-door counter depth max refrigerator,warning: cancer and reproductive harm - www.p65warnings.ca.gov .,LG 21 cu. ft. 3-Door Counter Depth MAX Refrigerator WARNING: Cancer and Reproductive Harm - www.P65Warnings.ca.gov .
Whirlpool 25 cu. ft. Large Side-by-Side Refrigerator with Deli Drawer,1149.99,costco.com,https://www.costco.com/refrigerators.html,2025-01-18 22:31:01,refrigerators,January Savings,https://www.costco.com/whirlpool-25-cu.-ft.-large-side-by-side-refrigerator-with-deli-drawer.product.100382852.html?preselect=color%3astainless+steel,WARNING: Cancer and Reproductive Harm - www.P65Warnings.ca.gov .,whirlpool 25 cu. ft. large side-by-side refrigerator with deli drawer,warning: cancer and reproductive harm - www.p65warnings.ca.gov .,Whirlpool 25 cu. ft. Large Side-by-Side Refrigerator with Deli Drawer WARNING: Cancer and Reproductive Harm - www.P65Warnings.ca.gov .
Frigidaire 20.0 cu. ft. Top Freezer Refrigerator,699.99,costco.com,https://www.costco.com/refrigerators.html,2025-01-18 22:31:01,refrigerators,,https://www.costco.com/frigidaire-20.0-cu.-ft.-top-freezer-refrigerator.product.4000272624.html?preselect=color%3astainless+steel,WARNING: Cancer and Reproductive Harm - www.P65Warnings.ca.gov .,frigidaire 20.0 cu. ft. top freezer refrigerator,warning: cancer and reproductive harm - www.p65warnings.ca.gov .,Frigidaire 20.0 cu. ft. Top Freezer Refrigerator WARNING: Cancer and Reproductive Harm - www.P65Warnings.ca.gov .
Samsung 26 cu. ft. Mega Capacity Counter Depth 3-Door French Door Refrigerator with Four Types of Ice in ,1799.99,costco.com,https://www.costco.com/refrigerators.html,2025-01-18 22:31:01,refrigerators,,https://www.costco.com/samsung-26-cu.-ft.-mega-capacity-counter-depth-3-door-french-door-refrigerator-with-four-types-of-ice-in-stainless-steel.product.4000187763.html,WARNING: Cancer and Reproductive Harm - www.P65Warnings.ca.gov .,samsung 26 cu. ft. mega capacity counter depth 3-door french door refrigerator with four types of ice in ,warning: cancer and reproductive harm - www.p65warnings.ca.gov .,Samsung 26 cu. ft. Mega Capacity Counter Depth 3-Door French Door Refrigerator with Four Types of Ice in  WARNING: Cancer and Reproductive Harm - www.P65Warnings.ca.gov .
Midea 18 cu. ft. Top-Mount Refrigerator with Ice Maker Ready,549.99,costco.com,https://www.costco.com/refrigerators.html,2025-01-18 22:31:01,refrigerators,,https://www.costco.com/midea-18-cu.-ft.-top-mount-refrigerator-with-ice-maker-ready.product.4000182146.html?preselect=color%3astainless+steel,WARNING: Cancer and Reproductive Harm - www.P65Warnings.ca.gov .,midea 18 cu. ft. top-mount refrigerator with ice maker ready,warning: cancer and reproductive harm - www.p65warnings.ca.gov .,Midea 18 cu. ft. Top-Mount Refrigerator with Ice Maker Ready WARNING: Cancer and Reproductive Harm - www.P65Warnings.ca.gov .
Mora 26 Cu.Ft 4 Door French Door Refrigerator with Ice & Water Dispenser,1599.99,costco.com,https://www.costco.com/refrigerators.html,2025-01-18 22:31:01,refrigerators,,https://www.costco.com/mora-26-cu.ft-4-door-french-door-refrigerator-with-ice-%2526-water-dispenser.product.4000220156.html,WARNING: Cancer and Reproductive Harm - www.P65Warnings.ca.gov .,mora 26 cu.ft 4 door french door refrigerator with ice & water dispenser,warning: cancer and reproductive harm - www.p65warnings.ca.gov .,Mora 26 Cu.Ft 4 Door French Door Refrigerator with Ice & Water Dispenser WARNING: Cancer and Reproductive Harm - www.P65Warnings.ca.gov .
Whirlpool 21 cu. ft. Side-by-Side Refrigerator with Exterior Ice and Water Dispenser,1149.99,costco.com,https://www.costco.com/refrigerators.html?currentPage=2&pageSize=24,2025-01-18 22:31:01,refrigerators,,https://www.costco.com/whirlpool-21-cu.-ft.-side-by-side-refrigerator-with-exterior-ice-and-water-dispenser.product.100425948.html?preselect=color%3astainless+steel,WARNING: Cancer and Reproductive Harm - www.P65Warnings.ca.gov .,whirlpool 21 cu. ft. side-by-side refrigerator with exterior ice and water dispenser,warning: cancer and reproductive harm - www.p65warnings.ca.gov .,Whirlpool 21 cu. ft. Side-by-Side Refrigerator with Exterior Ice and Water Dispenser WARNING: Cancer and Reproductive Harm - www.P65Warnings.ca.gov .
LG 26 cu. ft. Smart Counter-Depth MAX French Door Refrigerator with InstaView Door-in-Door,2149.99,costco.com,https://www.costco.com/refrigerators.html?currentPage=2&pageSize=24,2025-01-18 22:31:01,refrigerators,January Savings,https://www.costco.com/lg-26-cu.-ft.-smart-counter-depth-max-french-door-refrigerator-with-instaview-door-in-door.product.4000103939.html,WARNING: Cancer and Reproductive Harm - www.P65Warnings.ca.gov .,lg 26 cu. ft. smart counter-depth max french door refrigerator with instaview door-in-door,warning: cancer and reproductive harm - www.p65warnings.ca.gov .,LG 26 cu. ft. Smart Counter-Depth MAX French Door Refrigerator with InstaView Door-in-Door WARNING: Cancer and Reproductive Harm - www.P65Warnings.ca.gov .
Samsung 31 cu. ft. Mega Capacity 3-Door French Door Refrigerator with Four Types of Ice in ,1679.99,costco.com,https://www.costco.com/refrigerators.html?currentPage=2&pageSize=24,2025-01-18 22:31:01,refrigerators,,https://www.costco.com/samsung-31-cu.-ft.-mega-capacity-3-door-french-door-refrigerator-with-four-types-of-ice-in-stainless-steel.product.4000187760.html,WARNING: Cancer and Reproductive Harm - www.P65Warnings.ca.gov .,samsung 31 cu. ft. mega capacity 3-door french door refrigerator with four types of ice in ,warning: cancer and reproductive harm - www.p65warnings.ca.gov .,Samsung 31 cu. ft. Mega Capacity 3-Door French Door Refrigerator with Four Types of Ice in  WARNING: Cancer and Reproductive Harm - www.P65Warnings.ca.gov .
Mora 17.2 cu. ft. Counter Depth Bottom Freezer Refrigerator with LED Interior Lighting,759.99,costco.com,https://www.costco.com/refrigerators.html?currentPage=2&pageSize=24,2025-01-18 22:31:01,refrigerators,,https://www.costco.com/mora-17.2-cu.-ft.-counter-depth-bottom-freezer-refrigerator-with-led-interior-lighting.product.100854859.html,WARNING: Cancer and Reproductive Harm - www.P65Warnings.ca.gov .,mora 17.2 cu. ft. counter depth bottom freezer refrigerator with led interior lighting,warning: cancer and reproductive harm - www.p65warnings.ca.gov .,Mora 17.2 cu. ft. Counter Depth Bottom Freezer Refrigerator with LED Interior Lighting WARNING: Cancer and Reproductive Harm - www.P65Warnings.ca.gov .
GE 27 cu. ft.  French-Door Refrigerator with Internal Water Dispenser and Energy Star Certified,1499.99,costco.com,https://www.costco.com/refrigerators.html?currentPage=2&pageSize=24,2025-01-18 22:31:01,refrigerators,,https://www.costco.com/ge-27-cu.-ft.--french-door-refrigerator-with-internal-water-dispenser-and-energy-star-certified.product.100421002.html?preselect=color%3awhite,WARNING: Cancer and Reproductive Harm - www.P65Warnings.ca.gov .,ge 27 cu. ft.  french-door refrigerator with internal water dispenser and energy star certified,warning: cancer and reproductive harm - www.p65warnings.ca.gov .,GE 27 cu. ft.  French-Door Refrigerator with Internal Water Dispenser and Energy Star Certified WARNING: Cancer and Reproductive Harm - www.P65Warnings.ca.gov .
Midea 18.7 cu. ft. Bottom Mount Freezer Refrigerator,749.99,costco.com,https://www.costco.com/refrigerators.html?currentPage=2&pageSize=24,2025-01-18 22:31:01,refrigerators,,https://www.costco.com/midea-18.7-cu.-ft.-bottom-mount-freezer-refrigerator.product.4000050834.html,WARNING: Cancer and Reproductive Harm - www.P65Warnings.ca.gov .,midea 18.7 cu. ft. bottom mount freezer refrigerator,warning: cancer and reproductive harm - www.p65warnings.ca.gov .,Midea 18.7 cu. ft. Bottom Mount Freezer Refrigerator WARNING: Cancer and Reproductive Harm - www.P65Warnings.ca.gov .
"Iceman 6L ed Beauty Mini Fridge with LED Lighting, Heats & Cools",49.99,costco.com,https://www.costco.com/refrigerators.html?currentPage=2&pageSize=24,2025-01-18 22:31:01,refrigerators,,https://www.costco.com/iceman-6l-mirrored-beauty-mini-fridge-with-led-lighting%2c-heats-%2526-cools.product.4000327838.html,WARNING: Cancer and Reproductive Harm. For more information go to: www.P65Warnings.ca.gov .,"iceman 6l ed beauty mini fridge with led lighting, heats & cools",warning: cancer and reproductive harm. for more information go to: www.p65warnings.ca.gov .,"Iceman 6L ed Beauty Mini Fridge with LED Lighting, Heats & Cools WARNING: Cancer and Reproductive Harm. For more information go to: www.P65Warnings.ca.gov ."
Samsung 32 cu. ft. Mega Capacity 3-Door French Door Refrigerator with Dual Auto Ice Maker,1449.99,costco.com,https://www.costco.com/refrigerators.html?currentPage=2&pageSize=24,2025-01-18 22:31:01,refrigerators,January Savings,https://www.costco.com/samsung-32-cu.-ft.-mega-capacity-3-door-french-door-refrigerator-with-dual-auto-ice-maker.product.4000187838.html,WARNING: Cancer and Reproductive Harm - www.P65Warnings.ca.gov .,samsung 32 cu. ft. mega capacity 3-door french door refrigerator with dual auto ice maker,warning: cancer and reproductive harm - www.p65warnings.ca.gov .,Samsung 32 cu. ft. Mega Capacity 3-Door French Door Refrigerator with Dual Auto Ice Maker WARNING: Cancer and Reproductive Harm - www.P65Warnings.ca.gov .
Samsung 30 cu. ft. Bespoke 3-Door French Door Refrigerator with Beverage Center,1899.99,costco.com,https://www.costco.com/refrigerators.html?currentPage=2&pageSize=24,2025-01-18 22:31:01,refrigerators,January Savings,https://www.costco.com/samsung-30-cu.-ft.-bespoke-3-door-french-door-refrigerator-with-beverage-center.product.4000039993.html?preselect=top%2fbottom+panel+color%3awhite+glass+%2f+white+glass,WARNING: Cancer and Reproductive Harm - www.P65Warnings.ca.gov . Limit 5 per member.,samsung 30 cu. ft. bespoke 3-door french door refrigerator with beverage center,warning: cancer and reproductive harm - www.p65warnings.ca.gov . limit 5 per member.,Samsung 30 cu. ft. Bespoke 3-Door French Door Refrigerator with Beverage Center WARNING: Cancer and Reproductive Harm - www.P65Warnings.ca.gov . Limit 5 per member.
LG 31 cu. ft. French Door Refrigerator with InstaView Door-in-Door,1999.99,costco.com,https://www.costco.com/refrigerators.html?currentPage=2&pageSize=24,2025-01-18 22:31:01,refrigerators,January Savings,https://www.costco.com/lg-31-cu.-ft.-french-door-refrigerator-with-instaview-door-in-door.product.4000103906.html,WARNING: Cancer and Reproductive Harm - www.P65Warnings.ca.gov .,lg 31 cu. ft. french door refrigerator with instaview door-in-door,warning: cancer and reproductive harm - www.p65warnings.ca.gov .,LG 31 cu. ft. French Door Refrigerator with InstaView Door-in-Door WARNING: Cancer and Reproductive Harm - www.P65Warnings.ca.gov .
Samsung 24 cu. ft. Bespoke Counter Depth 3-Door French Door Refrigerator with Beverage Center,1999.99,costco.com,https://www.costco.com/refrigerators.html?currentPage=2&pageSize=24,2025-01-18 22:31:01,refrigerators,January Savings,https://www.costco.com/samsung-24-cu.-ft.-bespoke-counter-depth-3-door-french-door-refrigerator-with-beverage-center.product.4000040530.html?preselect=top%2fbottom+panel+color%3astainless+steel+%2f+stainless+steel,WARNING: Cancer and Reproductive Harm - www.P65Warnings.ca.gov . Limit 5 per member.,samsung 24 cu. ft. bespoke counter depth 3-door french door refrigerator with beverage center,warning: cancer and reproductive harm - www.p65warnings.ca.gov . limit 5 per member.,Samsung 24 cu. ft. Bespoke Counter Depth 3-Door French Door Refrigerator with Beverage Center WARNING: Cancer and Reproductive Harm - www.P65Warnings.ca.gov . Limit 5 per member.
LG 23.8 cu. ft. Top Mount Refrigerator with Internal Water Dispenser,879.99,costco.com,https://www.costco.com/refrigerators.html?currentPage=2&pageSize=24,2025-01-18 22:31:01,refrigerators,,https://www.costco.com/lg-23.8-cu.-ft.-top-mount-refrigerator-with-internal-water-dispenser.product.4000153101.html,WARNING: Cancer and Reproductive Harm - www.P65Warnings.ca.gov .,lg 23.8 cu. ft. top mount refrigerator with internal water dispenser,warning: cancer and reproductive harm - www.p65warnings.ca.gov .,LG 23.8 cu. ft. Top Mount Refrigerator with Internal Water Dispenser WARNING: Cancer and Reproductive Harm - www.P65Warnings.ca.gov .
LG 27 cu. ft. 4-Door French Door Refrigerator with Internal Water Dispenser in ,1499.97,costco.com,https://www.costco.com/refrigerators.html?currentPage=2&pageSize=24,2025-01-18 22:31:01,refrigerators,,https://www.costco.com/lg-27-cu.-ft.-4-door-french-door-refrigerator-with-internal-water-dispenser-in-stainless-steel.product.100711321.html,WARNING: Cancer and Reproductive Harm - www.P65Warnings.ca.gov .,lg 27 cu. ft. 4-door french door refrigerator with internal water dispenser in ,warning: cancer and reproductive harm - www.p65warnings.ca.gov .,LG 27 cu. ft. 4-Door French Door Refrigerator with Internal Water Dispenser in  WARNING: Cancer and Reproductive Harm - www.P65Warnings.ca.gov .
Samsung 22 cu. ft. Counter Depth Side by Side Refrigerator,1349.99,costco.com,https://www.costco.com/refrigerators.html?currentPage=2&pageSize=24,2025-01-18 22:31:01,refrigerators,,https://www.costco.com/samsung-22-cu.-ft.-counter-depth-side-by-side-refrigerator.product.100530232.html?preselect=color%3astainless+steel,WARNING: Cancer and Reproductive Harm - www.P65Warnings.ca.gov .,samsung 22 cu. ft. counter depth side by side refrigerator,warning: cancer and reproductive harm - www.p65warnings.ca.gov .,Samsung 22 cu. ft. Counter Depth Side by Side Refrigerator WARNING: Cancer and Reproductive Harm - www.P65Warnings.ca.gov .
GE 24.7 cu. ft. French-Door Refrigerator with LED Lighting and Internal Water Dispenser,1499.99,costco.com,https://www.costco.com/refrigerators.html?currentPage=2&pageSize=24,2025-01-18 22:31:01,refrigerators,,https://www.costco.com/ge-24.7-cu.-ft.-french-door-refrigerator-with-led-lighting-and-internal-water-dispenser.product.100841655.html,WARNING: Cancer and Reproductive Harm - www.P65Warnings.ca.gov .,ge 24.7 cu. ft. french-door refrigerator with led lighting and internal water dispenser,warning: cancer and reproductive harm - www.p65warnings.ca.gov .,GE 24.7 cu. ft. French-Door Refrigerator with LED Lighting and Internal Water Dispenser WARNING: Cancer and Reproductive Harm - www.P65Warnings.ca.gov .
Whirlpool 24.5 cu. ft. French Door Refrigerator in ,1999.99,costco.com,https://www.costco.com/refrigerators.html?currentPage=2&pageSize=24,2025-01-18 22:31:01,refrigerators,,https://www.costco.com/whirlpool-24.5-cu.-ft.-french-door-refrigerator-in-fingerprint-resistant-stainless-steel.product.4000324323.html,WARNING: Cancer and Reproductive Harm - www.P65Warnings.ca.gov .,whirlpool 24.5 cu. ft. french door refrigerator in ,warning: cancer and reproductive harm - www.p65warnings.ca.gov .,Whirlpool 24.5 cu. ft. French Door Refrigerator in  WARNING: Cancer and Reproductive Harm - www.P65Warnings.ca.gov .
GE 27.8 cu. ft. French-Door Refrigerator with TwinChill Evaporators and Energy Star Certified,1899.99,costco.com,https://www.costco.com/refrigerators.html?currentPage=2&pageSize=24,2025-01-18 22:31:01,refrigerators,,https://www.costco.com/ge-27.8-cu.-ft.-french-door-refrigerator-with-twinchill-evaporators-and-energy-star-certified.product.100409222.html,WARNING: Cancer and Reproductive Harm - www.P65Warnings.ca.gov .,ge 27.8 cu. ft. french-door refrigerator with twinchill evaporators and energy star certified,warning: cancer and reproductive harm - www.p65warnings.ca.gov .,GE 27.8 cu. ft. French-Door Refrigerator with TwinChill Evaporators and Energy Star Certified WARNING: Cancer and Reproductive Harm - www.P65Warnings.ca.gov .
GE 18.6 cu. ft. Counter-Depth French-Door Refrigerator with Turbo Cool and Energy Star Certified,1549.99,costco.com,https://www.costco.com/refrigerators.html?currentPage=2&pageSize=24,2025-01-18 22:31:01,refrigerators,,https://www.costco.com/ge-18.6-cu.-ft.-counter-depth-french-door-refrigerator-with-turbo-cool-and-energy-star-certified.product.100455002.html?preselect=color%3awhite,WARNING: Cancer and Reproductive Harm - www.P65Warnings.ca.gov .,ge 18.6 cu. ft. counter-depth french-door refrigerator with turbo cool and energy star certified,warning: cancer and reproductive harm - www.p65warnings.ca.gov .,GE 18.6 cu. ft. Counter-Depth French-Door Refrigerator with Turbo Cool and Energy Star Certified WARNING: Cancer and Reproductive Harm - www.P65Warnings.ca.gov .
Whirlpool 19.2 cu. ft. Counter-Depth 4-door Refrigerator with Ice Maker in Door,2299.99,costco.com,https://www.costco.com/refrigerators.html?currentPage=2&pageSize=24,2025-01-18 22:31:01,refrigerators,,https://www.costco.com/whirlpool-19.2-cu.-ft.-counter-depth-4-door-refrigerator-with-ice-maker-in-door.product.4000310027.html,WARNING: Cancer and Reproductive Harm - www.P65Warnings.ca.gov .,whirlpool 19.2 cu. ft. counter-depth 4-door refrigerator with ice maker in door,warning: cancer and reproductive harm - www.p65warnings.ca.gov .,Whirlpool 19.2 cu. ft. Counter-Depth 4-door Refrigerator with Ice Maker in Door WARNING: Cancer and Reproductive Harm - www.P65Warnings.ca.gov .
Mora 18 cu. ft. Top Freezer Refrigerator,579.99,costco.com,https://www.costco.com/refrigerators.html?currentPage=2&pageSize=24,2025-01-18 22:31:01,refrigerators,,https://www.costco.com/mora-18-cu.-ft.-top-freezer-refrigerator.product.4000181299.html,WARNING: Cancer and Reproductive Harm - www.P65Warnings.ca.gov .,mora 18 cu. ft. top freezer refrigerator,warning: cancer and reproductive harm - www.p65warnings.ca.gov .,Mora 18 cu. ft. Top Freezer Refrigerator WARNING: Cancer and Reproductive Harm - www.P65Warnings.ca.gov .
LG 30 cu. ft. Smart Standard-Depth MAX 4-Door French Door Refrigerator with Full-Convert Drawer,1799.99,costco.com,https://www.costco.com/refrigerators.html?currentPage=3&pageSize=24,2025-01-18 22:31:01,refrigerators,,https://www.costco.com/lg-30-cu.-ft.-smart-standard-depth-max-4-door-french-door-refrigerator-with-full-convert-drawer.product.4000212584.html,WARNING: Cancer and Reproductive Harm - www.P65Warnings.ca.gov .,lg 30 cu. ft. smart standard-depth max 4-door french door refrigerator with full-convert drawer,warning: cancer and reproductive harm - www.p65warnings.ca.gov .,LG 30 cu. ft. Smart Standard-Depth MAX 4-Door French Door Refrigerator with Full-Convert Drawer WARNING: Cancer and Reproductive Harm - www.P65Warnings.ca.gov .
Midea 22.5 cu. ft. French 4-Door Refrigerator in ,999.99,costco.com,https://www.costco.com/refrigerators.html?currentPage=3&pageSize=24,2025-01-18 22:31:01,refrigerators,,https://www.costco.com/midea-22.5-cu.-ft.-french-4-door-refrigerator-in-stainless-steel.product.4000182156.html,WARNING: Cancer and Reproductive Harm - www.P65Warnings.ca.gov .,midea 22.5 cu. ft. french 4-door refrigerator in ,warning: cancer and reproductive harm - www.p65warnings.ca.gov .,Midea 22.5 cu. ft. French 4-Door Refrigerator in  WARNING: Cancer and Reproductive Harm - www.P65Warnings.ca.gov .
Maytag 25 cu. ft. Side-by-Side Refrigerator,1199.99,costco.com,https://www.costco.com/refrigerators.html?currentPage=3&pageSize=24,2025-01-18 22:31:01,refrigerators,,https://www.costco.com/maytag-25-cu.-ft.-side-by-side-refrigerator.product.4000178535.html,WARNING: Cancer and Reproductive Harm - www.P65Warnings.ca.gov .,maytag 25 cu. ft. side-by-side refrigerator,warning: cancer and reproductive harm - www.p65warnings.ca.gov .,Maytag 25 cu. ft. Side-by-Side Refrigerator WARNING: Cancer and Reproductive Harm - www.P65Warnings.ca.gov .
Frigidaire 20.0 cu. ft. Single-Door Refrigerator,849.99,costco.com,https://www.costco.com/refrigerators.html?currentPage=3&pageSize=24,2025-01-18 22:31:01,refrigerators,,https://www.costco.com/frigidaire-20.0-cu.-ft.-single-door-refrigerator.product.4000272540.html,WARNING: Cancer and Reproductive Harm - www.P65Warnings.ca.gov .,frigidaire 20.0 cu. ft. single-door refrigerator,warning: cancer and reproductive harm - www.p65warnings.ca.gov .,Frigidaire 20.0 cu. ft. Single-Door Refrigerator WARNING: Cancer and Reproductive Harm - www.P65Warnings.ca.gov .
Samsung 23 cu. ft. Bespoke Counter Depth 4-Door French Door Refrigerator with AutoFill Water Pitcher,1979.99,costco.com,https://www.costco.com/refrigerators.html?currentPage=3&pageSize=24,2025-01-18 22:31:01,refrigerators,,https://www.costco.com/samsung-23-cu.-ft.-bespoke-counter-depth-4-door-french-door-refrigerator-with-autofill-water-pitcher.product.4000041379.html?preselect=top%2fbottom+panel+color%3astainless+steel+%2f+stainless+steel,WARNING: Cancer and Reproductive Harm - www.P65Warnings.ca.gov .,samsung 23 cu. ft. bespoke counter depth 4-door french door refrigerator with autofill water pitcher,warning: cancer and reproductive harm - www.p65warnings.ca.gov .,Samsung 23 cu. ft. Bespoke Counter Depth 4-Door French Door Refrigerator with AutoFill Water Pitcher WARNING: Cancer and Reproductive Harm - www.P65Warnings.ca.gov .
Samsung 29 cu. ft. Bespoke 4-Door Flex Refrigerator with Beverage Center,2249.99,costco.com,https://www.costco.com/refrigerators.html?currentPage=3&pageSize=24,2025-01-18 22:31:01,refrigerators,January Savings,https://www.costco.com/samsung-29-cu.-ft.-bespoke-4-door-flex-refrigerator-with-beverage-center.product.4000250203.html?preselect=color%3awhite+glass,WARNING: Cancer and Reproductive Harm - www.P65Warnings.ca.gov .,samsung 29 cu. ft. bespoke 4-door flex refrigerator with beverage center,warning: cancer and reproductive harm - www.p65warnings.ca.gov .,Samsung 29 cu. ft. Bespoke 4-Door Flex Refrigerator with Beverage Center WARNING: Cancer and Reproductive Harm - www.P65Warnings.ca.gov .
Whirlpool 26 cu. ft. 4-Door Refrigerator with Dual Cooling,2399.99,costco.com,https://www.costco.com/refrigerators.html?currentPage=3&pageSize=24,2025-01-18 22:31:01,refrigerators,January Savings,https://www.costco.com/whirlpool-26-cu.-ft.-4-door-refrigerator-with-dual-cooling.product.100454857.html?preselect=color%3astainless+steel,WARNING: Cancer and Reproductive Harm - www.P65Warnings.ca.gov .,whirlpool 26 cu. ft. 4-door refrigerator with dual cooling,warning: cancer and reproductive harm - www.p65warnings.ca.gov .,Whirlpool 26 cu. ft. 4-Door Refrigerator with Dual Cooling WARNING: Cancer and Reproductive Harm - www.P65Warnings.ca.gov .
KitchenAid 20 cu. ft. Counter-Depth French Door Refrigerator in ,1999.99,costco.com,https://www.costco.com/refrigerators.html?currentPage=3&pageSize=24,2025-01-18 22:31:01,refrigerators,,https://www.costco.com/kitchenaid-20-cu.-ft.-counter-depth-french-door-refrigerator-in-fingerprint-resistant-stainless-steel.product.4000324374.html,WARNING: Cancer and Reproductive Harm - www.P65Warnings.ca.gov .,kitchenaid 20 cu. ft. counter-depth french door refrigerator in ,warning: cancer and reproductive harm - www.p65warnings.ca.gov .,KitchenAid 20 cu. ft. Counter-Depth French Door Refrigerator in  WARNING: Cancer and Reproductive Harm - www.P65Warnings.ca.gov .
Maytag 25 cu. ft. Side-by-Side Refrigerator with Exterior Ice and Water Dispenser,1149.99,costco.com,https://www.costco.com/refrigerators.html?currentPage=3&pageSize=24,2025-01-18 22:31:01,refrigerators,January Savings,https://www.costco.com/maytag-25-cu.-ft.-side-by-side-refrigerator-with-exterior-ice-and-water-dispenser.product.4000178323.html,WARNING: Cancer and Reproductive Harm - www.P65Warnings.ca.gov .,maytag 25 cu. ft. side-by-side refrigerator with exterior ice and water dispenser,warning: cancer and reproductive harm - www.p65warnings.ca.gov .,Maytag 25 cu. ft. Side-by-Side Refrigerator with Exterior Ice and Water Dispenser WARNING: Cancer and Reproductive Harm - www.P65Warnings.ca.gov .
LG 26 cu. ft. Smart  InstaView Counter-Depth MAX French Door Refrigerator with Four Types of Ice,2949.99,costco.com,https://www.costco.com/refrigerators.html?currentPage=3&pageSize=24,2025-01-18 22:31:01,refrigerators,,https://www.costco.com/lg-26-cu.-ft.-smart-mirror-instaview-counter-depth-max-french-door-refrigerator-with-four-types-of-ice.product.4000103922.html?preselect=color%3ablack+stainless+steel,WARNING: Cancer and Reproductive Harm - www.P65Warnings.ca.gov .,lg 26 cu. ft. smart  instaview counter-depth max french door refrigerator with four types of ice,warning: cancer and reproductive harm - www.p65warnings.ca.gov .,LG 26 cu. ft. Smart  InstaView Counter-Depth MAX French Door Refrigerator with Four Types of Ice WARNING: Cancer and Reproductive Harm - www.P65Warnings.ca.gov .
Samsung 29 cu. ft. Bespoke 4-door Flex Refrigerator with Beverage Zone and Auto Open Door,2799.99,costco.com,https://www.costco.com/refrigerators.html?currentPage=3&pageSize=24,2025-01-18 22:31:01,refrigerators,,https://www.costco.com/samsung-29-cu.-ft.-bespoke-4-door-flex-refrigerator-with-beverage-zone-and-auto-open-door.product.4000249480.html,WARNING: Cancer and Reproductive Harm - www.P65Warnings.ca.gov .,samsung 29 cu. ft. bespoke 4-door flex refrigerator with beverage zone and auto open door,warning: cancer and reproductive harm - www.p65warnings.ca.gov .,Samsung 29 cu. ft. Bespoke 4-door Flex Refrigerator with Beverage Zone and Auto Open Door WARNING: Cancer and Reproductive Harm - www.P65Warnings.ca.gov .
Café 28.9 cu. ft. 4-Door French Door Refrigerator with Dual-Dispense AutoFill Pitcher and Convertible Drawer,3199.99,costco.com,https://www.costco.com/refrigerators.html?currentPage=3&pageSize=24,2025-01-18 22:31:01,refrigerators,,https://www.costco.com/caf%c3%a9-28.9-cu.-ft.-4-door-french-door-refrigerator-with-dual-dispense-autofill-pitcher-and-convertible-drawer.product.4000221992.html?preselect=color%3amatte+black,WARNING: Cancer and Reproductive Harm - www.P65Warnings.ca.gov .,café 28.9 cu. ft. 4-door french door refrigerator with dual-dispense autofill pitcher and convertible drawer,warning: cancer and reproductive harm - www.p65warnings.ca.gov .,Café 28.9 cu. ft. 4-Door French Door Refrigerator with Dual-Dispense AutoFill Pitcher and Convertible Drawer WARNING: Cancer and Reproductive Harm - www.P65Warnings.ca.gov .
Frigidaire Gallery 21.5 cu. ft. Counter-Depth 4-Door French Door Refrigerator,1899.99,costco.com,https://www.costco.com/refrigerators.html?currentPage=3&pageSize=24,2025-01-18 22:31:01,refrigerators,,https://www.costco.com/frigidaire-gallery-21.5-cu.-ft.-counter-depth-4-door-french-door-refrigerator.product.4000272571.html,WARNING: Cancer and Reproductive Harm - www.P65Warnings.ca.gov .,frigidaire gallery 21.5 cu. ft. counter-depth 4-door french door refrigerator,warning: cancer and reproductive harm - www.p65warnings.ca.gov .,Frigidaire Gallery 21.5 cu. ft. Counter-Depth 4-Door French Door Refrigerator WARNING: Cancer and Reproductive Harm - www.P65Warnings.ca.gov .
LG 27 cu.ft. Smart Side-By-Side InstaView Door-in-Door Refrigerator with Craft Ice in ,1699.99,costco.com,https://www.costco.com/refrigerators.html?currentPage=3&pageSize=24,2025-01-18 22:31:01,refrigerators,,https://www.costco.com/lg-27-cu.ft.-smart-side-by-side-instaview-door-in-door-refrigerator-with-craft-ice-in-stainless-steel.product.100734531.html,Limit 5 per member. WARNING: Cancer and Reproductive Harm - www.P65Warnings.ca.gov .,lg 27 cu.ft. smart side-by-side instaview door-in-door refrigerator with craft ice in ,limit 5 per member. warning: cancer and reproductive harm - www.p65warnings.ca.gov .,LG 27 cu.ft. Smart Side-By-Side InstaView Door-in-Door Refrigerator with Craft Ice in  Limit 5 per member. WARNING: Cancer and Reproductive Harm - www.P65Warnings.ca.gov .
LG 27.7 cu. ft. 3-Door French Door Refrigerator,1699.99,costco.com,https://www.costco.com/refrigerators.html?currentPage=3&pageSize=24,2025-01-18 22:31:01,refrigerators,,https://www.costco.com/lg-27.7-cu.-ft.-3-door-french-door-refrigerator.product.4000103944.html?preselect=color%3ablack+stainless+steel,WARNING: Cancer and Reproductive Harm - www.P65Warnings.ca.gov .,lg 27.7 cu. ft. 3-door french door refrigerator,warning: cancer and reproductive harm - www.p65warnings.ca.gov .,LG 27.7 cu. ft. 3-Door French Door Refrigerator WARNING: Cancer and Reproductive Harm - www.P65Warnings.ca.gov .
Frigidaire Gallery 27.8 cu. ft. Standard Depth French Door Refrigerator,1849.99,costco.com,https://www.costco.com/refrigerators.html?currentPage=3&pageSize=24,2025-01-18 22:31:01,refrigerators,,https://www.costco.com/frigidaire-gallery-27.8-cu.-ft.-standard-depth-french-door-refrigerator.product.4000309028.html,WARNING: Cancer and Reproductive Harm - www.P65Warnings.ca.gov .,frigidaire gallery 27.8 cu. ft. standard depth french door refrigerator,warning: cancer and reproductive harm - www.p65warnings.ca.gov .,Frigidaire Gallery 27.8 cu. ft. Standard Depth French Door Refrigerator WARNING: Cancer and Reproductive Harm - www.P65Warnings.ca.gov .
Samsung 23 cu. ft. Bespoke Counter Depth 4-Door French Door Refrigerator with Family Hub,2949.99,costco.com,https://www.costco.com/refrigerators.html?currentPage=3&pageSize=24,2025-01-18 22:31:01,refrigerators,,https://www.costco.com/samsung-23-cu.-ft.-bespoke-counter-depth-4-door-french-door-refrigerator-with-family-hub.product.100971222.html?preselect=top%2fbottom+panel+color%3acharcoal+glass+%2f+stainless+steel,WARNING: Cancer and Reproductive Harm - www.P65Warnings.ca.gov .,samsung 23 cu. ft. bespoke counter depth 4-door french door refrigerator with family hub,warning: cancer and reproductive harm - www.p65warnings.ca.gov .,Samsung 23 cu. ft. Bespoke Counter Depth 4-Door French Door Refrigerator with Family Hub WARNING: Cancer and Reproductive Harm - www.P65Warnings.ca.gov .
LG 21.8 cu. ft. 3-Door Smart French Door Refrigerator with Ice Maker and Water Dispenser in ,1499.99,costco.com,https://www.costco.com/refrigerators.html?currentPage=3&pageSize=24,2025-01-18 22:31:01,refrigerators,,https://www.costco.com/lg-21.8-cu.-ft.-3-door-smart-french-door-refrigerator-with-ice-maker-and-water-dispenser-in-stainless-steel.product.4000103905.html,WARNING: Cancer and Reproductive Harm - www.P65Warnings.ca.gov .,lg 21.8 cu. ft. 3-door smart french door refrigerator with ice maker and water dispenser in ,warning: cancer and reproductive harm - www.p65warnings.ca.gov .,LG 21.8 cu. ft. 3-Door Smart French Door Refrigerator with Ice Maker and Water Dispenser in  WARNING: Cancer and Reproductive Harm - www.P65Warnings.ca.gov .
GE Profile 28.4 cu. ft. Quad-Door French-Door Refrigerator with Dual-Dispense AutoFill Pitcher,2799.99,costco.com,https://www.costco.com/refrigerators.html?currentPage=3&pageSize=24,2025-01-18 22:31:01,refrigerators,,https://www.costco.com/ge-profile-28.4-cu.-ft.-quad-door-french-door-refrigerator-with-dual-dispense-autofill-pitcher.product.4000243138.html,WARNING: Cancer and Reproductive Harm - www.P65Warnings.ca.gov .,ge profile 28.4 cu. ft. quad-door french-door refrigerator with dual-dispense autofill pitcher,warning: cancer and reproductive harm - www.p65warnings.ca.gov .,GE Profile 28.4 cu. ft. Quad-Door French-Door Refrigerator with Dual-Dispense AutoFill Pitcher WARNING: Cancer and Reproductive Harm - www.P65Warnings.ca.gov .
GE ENERGY STAR 21.9 cu. ft. Fingerprint Resistant Counter-Depth French-Door Refrigerator,1579.99,costco.com,https://www.costco.com/refrigerators.html?currentPage=3&pageSize=24,2025-01-18 22:31:01,refrigerators,,https://www.costco.com/ge-energy-star-21.9-cu.-ft.-fingerprint-resistant-counter-depth-french-door-refrigerator.product.4000279490.html,WARNING: Cancer and Reproductive Harm - www.P65Warnings.ca.gov .,ge energy star 21.9 cu. ft. fingerprint resistant counter-depth french-door refrigerator,warning: cancer and reproductive harm - www.p65warnings.ca.gov .,GE ENERGY STAR 21.9 cu. ft. Fingerprint Resistant Counter-Depth French-Door Refrigerator WARNING: Cancer and Reproductive Harm - www.P65Warnings.ca.gov .
Samsung 30 cu. ft. Bespoke 3-Door French Door Refrigerator with AutoFill Water Pitcher,1599.99,costco.com,https://www.costco.com/refrigerators.html?currentPage=3&pageSize=24,2025-01-18 22:31:01,refrigerators,,https://www.costco.com/samsung-30-cu.-ft.-bespoke-3-door-french-door-refrigerator-with-autofill-water-pitcher.product.4000041378.html?preselect=top%2fbottom+panel+color%3astainless+steel+%2f+stainless+steel,Limit 5 per member. WARNING: Cancer and Reproductive Harm - www.P65Warnings.ca.gov .,samsung 30 cu. ft. bespoke 3-door french door refrigerator with autofill water pitcher,limit 5 per member. warning: cancer and reproductive harm - www.p65warnings.ca.gov .,Samsung 30 cu. ft. Bespoke 3-Door French Door Refrigerator with AutoFill Water Pitcher Limit 5 per member. WARNING: Cancer and Reproductive Harm - www.P65Warnings.ca.gov .
Hamilton Beach 11 cu. ft. Upright Freezer with Drawer Organization,399.99,costco.com,https://www.costco.com/freezers-ice-makers.html,2025-01-18 22:31:01,freezers,,https://www.costco.com/hamilton-beach-11-cu.-ft.-upright-freezer-with-drawer-organization.product.100891509.html,"Item may be available at your local warehouse at a lesser cash and carry price. WARNING: Cancer and Reproductive Harm - www.P65Warnings.ca.gov . Introducing the Hamilton Beach HBFRF1100 Upright Freezer - the perfect addition to any household that needs extra freezer space! With a spacious 11 cubic feet of storage, this freezer is ideal for storing all your frozen goods, from meats and vegetables to ice cream and frozen treats. The Hamilton Beach HBFRF1100 Upright Freezer is designed to be energy-efficient, so you can save money on your electricity bill while keeping your food perfectly frozen. It features a manual defrost function, so you can control the defrosting process and avoid wasting energy. Inside, the freezer is equipped with removable acrylic drawers, giving you the flexibility to store your frozen goods in the way that best suits your needs, making it easy to clean and maintain the freezer. With its large capacity, energy efficiency, and versatile storage options, the Hamilton Beach HBFRF1100 Upright Freezer is the perfect choice for any household that needs extra freezer space. Start enjoying the benefits of a spacious and reliable freezer today!",hamilton beach 11 cu. ft. upright freezer with drawer organization,"item may be available at your local warehouse at a lesser cash and carry price. warning: cancer and reproductive harm - www.p65warnings.ca.gov . introducing the hamilton beach hbfrf1100 upright freezer - the perfect addition to any household that needs extra freezer space! with a spacious 11 cubic feet of storage, this freezer is ideal for storing all your frozen goods, from meats and vegetables to ice cream and frozen treats. the hamilton beach hbfrf1100 upright freezer is designed to be energy-efficient, so you can save money on your electricity bill while keeping your food perfectly frozen. it features a manual defrost function, so you can control the defrosting process and avoid wasting energy. inside, the freezer is equipped with removable acrylic drawers, giving you the flexibility to store your frozen goods in the way that best suits your needs, making it easy to clean and maintain the freezer. with its large capacity, energy efficiency, and versatile storage options, the hamilton beach hbfrf1100 upright freezer is the perfect choice for any household that needs extra freezer space. start enjoying the benefits of a spacious and reliable freezer today!","Hamilton Beach 11 cu. ft. Upright Freezer with Drawer Organization Item may be available at your local warehouse at a lesser cash and carry price. WARNING: Cancer and Reproductive Harm - www.P65Warnings.ca.gov . Introducing the Hamilton Beach HBFRF1100 Upright Freezer - the perfect addition to any household that needs extra freezer space! With a spacious 11 cubic feet of storage, this freezer is ideal for storing all your frozen goods, from meats and vegetables to ice cream and frozen treats. The Hamilton Beach HBFRF1100 Upright Freezer is designed to be energy-efficient, so you can save money on your electricity bill while keeping your food perfectly frozen. It features a manual defrost function, so you can control the defrosting process and avoid wasting energy. Inside, the freezer is equipped with removable acrylic drawers, giving you the flexibility to store your frozen goods in the way that best suits your needs, making it easy to clean and maintain the freezer. With its large capacity, energy efficiency, and versatile storage options, the Hamilton Beach HBFRF1100 Upright Freezer is the perfect choice for any household that needs extra freezer space. Start enjoying the benefits of a spacious and reliable freezer today!"
Samsung 11.4 cu. ft. Capacity Convertible Upright Freezer,779.99,costco.com,https://www.costco.com/freezers-ice-makers.html,2025-01-18 22:31:01,freezers,,https://www.costco.com/samsung-11.4-cu.-ft.-capacity-convertible-upright-freezer.product.100681281.html,WARNING: Cancer and Reproductive Harm - www.P65Warnings.ca.gov .,samsung 11.4 cu. ft. capacity convertible upright freezer,warning: cancer and reproductive harm - www.p65warnings.ca.gov .,Samsung 11.4 cu. ft. Capacity Convertible Upright Freezer WARNING: Cancer and Reproductive Harm - www.P65Warnings.ca.gov .
"Frigidaire Gallery Nugget Ice Maker, 44 lbs",199.99,costco.com,https://www.costco.com/freezers-ice-makers.html,2025-01-18 22:31:01,freezers,,https://www.costco.com/frigidaire-gallery-nugget-ice-maker%2c-44-lbs.product.100983174.html?preselect=color%3awhite,WARNING: Cancer and Reproductive Harm. For more information go to: www.P65Warnings.ca.gov .,"frigidaire gallery nugget ice maker, 44 lbs",warning: cancer and reproductive harm. for more information go to: www.p65warnings.ca.gov .,"Frigidaire Gallery Nugget Ice Maker, 44 lbs WARNING: Cancer and Reproductive Harm. For more information go to: www.P65Warnings.ca.gov ."
"Frigidaire Crunch Countertop Nugget Ice Maker, 33 lbs",149.99,costco.com,https://www.costco.com/freezers-ice-makers.html,2025-01-18 22:31:01,freezers,,https://www.costco.com/frigidaire-crunch-countertop-nugget-ice-maker%2c-33-lbs.product.4000297107.html,"Introducing the Frigidaire Nugget Ice Maker. Say goodbye to tough ice cubes and elevate your beverage experience with chewable nugget ice. These unique clear, soft, yet crunchy nuggets float effortlessly in your favorite beverages, delivering a refreshing and enjoyable drinking experience. With its high ice production capacity of up to 33 lbs. in a day, you'll never run out of ice for your drinks. The first nugget of ice is ready in just 10-15 minutes, allowing you to enjoy your chilled beverages without delay. In approximately 150 minutes, the ice maker reaches its full ice capacity, ensuring you always have a plentiful supply on hand. The push-button control panel makes operation a breeze.  Operating within a temperature range of 10-40 ℃, this ice maker is versatile and adaptable to different environments. An indicator is included to alert you of water shortage or when the ice basket is full, ensuring a hassle-free ice-making process. The sleek stainless steel finish adds a touch of sophistication to your kitchen or bar area. Upgrade your beverage experience with the Frigidaire Nugget Ice Maker, and enjoy chewable ice in your drinks anytime, anywhere. Accessories Included: Ice Maker Ice Scoop Manual Product Features: Sleek Stainless Finish 33lbs per day 10min to first ice Automatic Self-cleaning feature Compact and fits on standard countertop under cabinet height Dimensions & More Info: 11.3"" L x 8.6"" W x 12.6"" H 22.2 Lbs 192 W Made in China For product related questions please contact “CURTIS” at 1-800-968-9853","frigidaire crunch countertop nugget ice maker, 33 lbs","introducing the frigidaire nugget ice maker. say goodbye to tough ice cubes and elevate your beverage experience with chewable nugget ice. these unique clear, soft, yet crunchy nuggets float effortlessly in your favorite beverages, delivering a refreshing and enjoyable drinking experience. with its high ice production capacity of up to 33 lbs. in a day, you'll never run out of ice for your drinks. the first nugget of ice is ready in just 10-15 minutes, allowing you to enjoy your chilled beverages without delay. in approximately 150 minutes, the ice maker reaches its full ice capacity, ensuring you always have a plentiful supply on hand. the push-button control panel makes operation a breeze.  operating within a temperature range of 10-40 ℃, this ice maker is versatile and adaptable to different environments. an indicator is included to alert you of water shortage or when the ice basket is full, ensuring a hassle-free ice-making process. the sleek stainless steel finish adds a touch of sophistication to your kitchen or bar area. upgrade your beverage experience with the frigidaire nugget ice maker, and enjoy chewable ice in your drinks anytime, anywhere. accessories included: ice maker ice scoop manual product features: sleek stainless finish 33lbs per day 10min to first ice automatic self-cleaning feature compact and fits on standard countertop under cabinet height dimensions & more info: 11.3"" l x 8.6"" w x 12.6"" h 22.2 lbs 192 w made in china for product related questions please contact “curtis” at 1-800-968-9853","Frigidaire Crunch Countertop Nugget Ice Maker, 33 lbs Introducing the Frigidaire Nugget Ice Maker. Say goodbye to tough ice cubes and elevate your beverage experience with chewable nugget ice. These unique clear, soft, yet crunchy nuggets float effortlessly in your favorite beverages, delivering a refreshing and enjoyable drinking experience. With its high ice production capacity of up to 33 lbs. in a day, you'll never run out of ice for your drinks. The first nugget of ice is ready in just 10-15 minutes, allowing you to enjoy your chilled beverages without delay. In approximately 150 minutes, the ice maker reaches its full ice capacity, ensuring you always have a plentiful supply on hand. The push-button control panel makes operation a breeze.  Operating within a temperature range of 10-40 ℃, this ice maker is versatile and adaptable to different environments. An indicator is included to alert you of water shortage or when the ice basket is full, ensuring a hassle-free ice-making process. The sleek stainless steel finish adds a touch of sophistication to your kitchen or bar area. Upgrade your beverage experience with the Frigidaire Nugget Ice Maker, and enjoy chewable ice in your drinks anytime, anywhere. Accessories Included: Ice Maker Ice Scoop Manual Product Features: Sleek Stainless Finish 33lbs per day 10min to first ice Automatic Self-cleaning feature Compact and fits on standard countertop under cabinet height Dimensions & More Info: 11.3"" L x 8.6"" W x 12.6"" H 22.2 Lbs 192 W Made in China For product related questions please contact “CURTIS” at 1-800-968-9853"
Hisense 13.6 cu. ft. Garage Ready Frost Free Convertible Upright Freezer,499.99,costco.com,https://www.costco.com/freezers-ice-makers.html,2025-01-18 22:31:01,freezers,,https://www.costco.com/hisense-13.6-cu.-ft.-garage-ready-frost-free-convertible-upright-freezer.product.4000204845.html,WARNING: Cancer and Reproductive Harm - www.P65Warnings.ca.gov .,hisense 13.6 cu. ft. garage ready frost free convertible upright freezer,warning: cancer and reproductive harm - www.p65warnings.ca.gov .,Hisense 13.6 cu. ft. Garage Ready Frost Free Convertible Upright Freezer WARNING: Cancer and Reproductive Harm - www.P65Warnings.ca.gov .
Hisense Garage Ready 17.1 cu. ft. Frost Free Convertible Upright Freezer/Refrigerator E-STAR,599.99,costco.com,https://www.costco.com/freezers-ice-makers.html,2025-01-18 22:31:01,freezers,,https://www.costco.com/hisense-garage-ready-17.1-cu.-ft.-frost-free-convertible-upright-freezerrefrigerator-e-star.product.4000225404.html,WARNING: Cancer and Reproductive Harm - www.P65Warnings.ca.gov .,hisense garage ready 17.1 cu. ft. frost free convertible upright freezer/refrigerator e-star,warning: cancer and reproductive harm - www.p65warnings.ca.gov .,Hisense Garage Ready 17.1 cu. ft. Frost Free Convertible Upright Freezer/Refrigerator E-STAR WARNING: Cancer and Reproductive Harm - www.P65Warnings.ca.gov .
GE 17.3 cu. ft. Frost Free Garage Ready Upright Freezer with Glass Shelves in ,829.99,costco.com,https://www.costco.com/freezers-ice-makers.html,2025-01-18 22:31:01,freezers,,https://www.costco.com/ge-17.3-cu.-ft.-frost-free-garage-ready-upright-freezer-with-glass-shelves-in-white.product.100390108.html,2-Year Manufacturer 's Warranty Included WARNING: Cancer and Reproductive Harm - www.P65Warnings.ca.gov .,ge 17.3 cu. ft. frost free garage ready upright freezer with glass shelves in ,2-year manufacturer 's warranty included warning: cancer and reproductive harm - www.p65warnings.ca.gov .,GE 17.3 cu. ft. Frost Free Garage Ready Upright Freezer with Glass Shelves in  2-Year Manufacturer 's Warranty Included WARNING: Cancer and Reproductive Harm - www.P65Warnings.ca.gov .
GE 14.1 cu. ft. Garage Ready Upright Freezer with Glass Shelves,739.99,costco.com,https://www.costco.com/freezers-ice-makers.html,2025-01-18 22:31:01,freezers,,https://www.costco.com/ge-14.1-cu.-ft.-garage-ready-upright-freezer-with-glass-shelves.product.100595776.html,"2-Year Manufacturer 's Warranty Included Our delivery and installation teams are not authorized to perform any modifications to the home; no carpentry, plumbing or electrical work. Any work that would exceed the included basic installation will require additional payment by you to the installer. For your convenience and while at your home, the installer will be able to determine if any additional work and or permits are needed that would exceed the included basic installation. You will always be given a quote before work starts. You will be responsible for direct payment to the installer for any work exceeding basic installation. WARNING: Cancer and Reproductive Harm - www.P65Warnings.ca.gov .",ge 14.1 cu. ft. garage ready upright freezer with glass shelves,"2-year manufacturer 's warranty included our delivery and installation teams are not authorized to perform any modifications to the home; no carpentry, plumbing or electrical work. any work that would exceed the included basic installation will require additional payment by you to the installer. for your convenience and while at your home, the installer will be able to determine if any additional work and or permits are needed that would exceed the included basic installation. you will always be given a quote before work starts. you will be responsible for direct payment to the installer for any work exceeding basic installation. warning: cancer and reproductive harm - www.p65warnings.ca.gov .","GE 14.1 cu. ft. Garage Ready Upright Freezer with Glass Shelves 2-Year Manufacturer 's Warranty Included Our delivery and installation teams are not authorized to perform any modifications to the home; no carpentry, plumbing or electrical work. Any work that would exceed the included basic installation will require additional payment by you to the installer. For your convenience and while at your home, the installer will be able to determine if any additional work and or permits are needed that would exceed the included basic installation. You will always be given a quote before work starts. You will be responsible for direct payment to the installer for any work exceeding basic installation. WARNING: Cancer and Reproductive Harm - www.P65Warnings.ca.gov ."
Frigidaire 20.0 cu. ft. Garage Ready Frost Free Upright Freezer in ,849.99,costco.com,https://www.costco.com/freezers-ice-makers.html,2025-01-18 22:31:01,freezers,,https://www.costco.com/frigidaire-20.0-cu.-ft.-garage-ready-frost-free-upright-freezer-in-white.product.4000272609.html,WARNING: Cancer and Reproductive Harm - www.P65Warnings.ca.gov .,frigidaire 20.0 cu. ft. garage ready frost free upright freezer in ,warning: cancer and reproductive harm - www.p65warnings.ca.gov .,Frigidaire 20.0 cu. ft. Garage Ready Frost Free Upright Freezer in  WARNING: Cancer and Reproductive Harm - www.P65Warnings.ca.gov .
Hisense Garage Ready 17.7 cu. ft. Convertible Chest Freezer/Refrigerator,599.99,costco.com,https://www.costco.com/freezers-ice-makers.html,2025-01-18 22:31:01,freezers,,https://www.costco.com/hisense-garage-ready-17.7-cu.-ft.-convertible-chest-freezerrefrigerator.product.4000225405.html,WARNING: Cancer and Reproductive Harm - www.P65Warnings.ca.gov .,hisense garage ready 17.7 cu. ft. convertible chest freezer/refrigerator,warning: cancer and reproductive harm - www.p65warnings.ca.gov .,Hisense Garage Ready 17.7 cu. ft. Convertible Chest Freezer/Refrigerator WARNING: Cancer and Reproductive Harm - www.P65Warnings.ca.gov .
Harvest Right Home Pro Medium  Freeze Dryer,2499.99,costco.com,https://www.costco.com/freezers-ice-makers.html,2025-01-18 22:31:01,freezers,,https://www.costco.com/harvest-right-home-pro-medium-stainless-steel-freeze-dryer.product.4000251483.html,"WARNING: Cancer and Reproductive Harm - www.P65Warnings.ca.gov . Harvest Right Home Pro Medium Stainless Steel Freeze Dryer Patented technology keeps the product fresh. Preserves the potency, color, shape and nutrition of any organic material. Perfect for freeze drying herbs, oils, medicines, remedies, pharmaceuticals, and compounds. Fresh Food Per Batch 10-15 lbs. Fresh Food Per Year Up to 3000 lbs. Tray Space 675 sq. inches Features Tray space: 675 square inches Freeze dry 10 to 15 lbs. fresh food per batch. Freeze dry up to 3,000 lbs. fresh food per year (This would require a person to use the freeze dryer 4 times a week for 50 weeks a year). Dimensions Freeze dryer exterior dimensions: 19″ W x 25″ D x 29″ H Perfect for counter top, cart, or table. Tray dimensions: 7.5″ W x 18″ L x 0.75″ H Weight of freeze dryer: 127 lbs. Power 110 volt outlet. Maintenance Replace vacuum pump oil every 20 to 30 batches (takes about two minutes). Clean freeze dryer as needed. What’s Included Medium Pro Freeze Dryer Premier Industrial Vacuum Pump Vacuum Pump Oil Oil Filter Stainless Steel Trays (set of 5) Guide to Freeze Drying Mylar Bags (50 ct) Oxygen Absorbers (50 ct) Impulse Sealer",harvest right home pro medium  freeze dryer,"warning: cancer and reproductive harm - www.p65warnings.ca.gov . harvest right home pro medium stainless steel freeze dryer patented technology keeps the product fresh. preserves the potency, color, shape and nutrition of any organic material. perfect for freeze drying herbs, oils, medicines, remedies, pharmaceuticals, and compounds. fresh food per batch 10-15 lbs. fresh food per year up to 3000 lbs. tray space 675 sq. inches features tray space: 675 square inches freeze dry 10 to 15 lbs. fresh food per batch. freeze dry up to 3,000 lbs. fresh food per year (this would require a person to use the freeze dryer 4 times a week for 50 weeks a year). dimensions freeze dryer exterior dimensions: 19″ w x 25″ d x 29″ h perfect for counter top, cart, or table. tray dimensions: 7.5″ w x 18″ l x 0.75″ h weight of freeze dryer: 127 lbs. power 110 volt outlet. maintenance replace vacuum pump oil every 20 to 30 batches (takes about two minutes). clean freeze dryer as needed. what’s included medium pro freeze dryer premier industrial vacuum pump vacuum pump oil oil filter stainless steel trays (set of 5) guide to freeze drying mylar bags (50 ct) oxygen absorbers (50 ct) impulse sealer","Harvest Right Home Pro Medium  Freeze Dryer WARNING: Cancer and Reproductive Harm - www.P65Warnings.ca.gov . Harvest Right Home Pro Medium Stainless Steel Freeze Dryer Patented technology keeps the product fresh. Preserves the potency, color, shape and nutrition of any organic material. Perfect for freeze drying herbs, oils, medicines, remedies, pharmaceuticals, and compounds. Fresh Food Per Batch 10-15 lbs. Fresh Food Per Year Up to 3000 lbs. Tray Space 675 sq. inches Features Tray space: 675 square inches Freeze dry 10 to 15 lbs. fresh food per batch. Freeze dry up to 3,000 lbs. fresh food per year (This would require a person to use the freeze dryer 4 times a week for 50 weeks a year). Dimensions Freeze dryer exterior dimensions: 19″ W x 25″ D x 29″ H Perfect for counter top, cart, or table. Tray dimensions: 7.5″ W x 18″ L x 0.75″ H Weight of freeze dryer: 127 lbs. Power 110 volt outlet. Maintenance Replace vacuum pump oil every 20 to 30 batches (takes about two minutes). Clean freeze dryer as needed. What’s Included Medium Pro Freeze Dryer Premier Industrial Vacuum Pump Vacuum Pump Oil Oil Filter Stainless Steel Trays (set of 5) Guide to Freeze Drying Mylar Bags (50 ct) Oxygen Absorbers (50 ct) Impulse Sealer"
Koolatron 21 cu. ft. Convertible Upright Freezer/Refrigerator Frost Free with Digital Controls,699.99,costco.com,https://www.costco.com/freezers-ice-makers.html,2025-01-18 22:31:01,freezers,,https://www.costco.com/koolatron-21-cu.-ft.-convertible-upright-freezerrefrigerator-frost-free-with-digital-controls.product.4000328498.html,WARNING: Cancer and Reproductive Harm - www.P65Warnings.ca.gov .,koolatron 21 cu. ft. convertible upright freezer/refrigerator frost free with digital controls,warning: cancer and reproductive harm - www.p65warnings.ca.gov .,Koolatron 21 cu. ft. Convertible Upright Freezer/Refrigerator Frost Free with Digital Controls WARNING: Cancer and Reproductive Harm - www.P65Warnings.ca.gov .
Maytag 18 cu. ft. Frost Free Upright Freezer with FastFreeze Option,799.99,costco.com,https://www.costco.com/freezers-ice-makers.html,2025-01-18 22:31:01,freezers,,https://www.costco.com/maytag-18-cu.-ft.-frost-free-upright-freezer-with-fastfreeze-option.product.4000137441.html,WARNING: Cancer and Reproductive Harm - www.P65Warnings.ca.gov .,maytag 18 cu. ft. frost free upright freezer with fastfreeze option,warning: cancer and reproductive harm - www.p65warnings.ca.gov .,Maytag 18 cu. ft. Frost Free Upright Freezer with FastFreeze Option WARNING: Cancer and Reproductive Harm - www.P65Warnings.ca.gov .
Maytag 16 cu. ft. Chest Freezer with Heavy Duty Sliding Baskets in ,849.99,costco.com,https://www.costco.com/freezers-ice-makers.html,2025-01-18 22:31:01,freezers,,https://www.costco.com/maytag-16-cu.-ft.-chest-freezer-with-heavy-duty-sliding-baskets-in-white.product.100850649.html,WARNING: Cancer and Reproductive Harm - www.P65Warnings.ca.gov .,maytag 16 cu. ft. chest freezer with heavy duty sliding baskets in ,warning: cancer and reproductive harm - www.p65warnings.ca.gov .,Maytag 16 cu. ft. Chest Freezer with Heavy Duty Sliding Baskets in  WARNING: Cancer and Reproductive Harm - www.P65Warnings.ca.gov .
Harvest Right Home Pro Large  Freeze Dryer,3099.99,costco.com,https://www.costco.com/freezers-ice-makers.html,2025-01-18 22:31:01,freezers,,https://www.costco.com/harvest-right-home-pro-large-stainless-steel-freeze-dryer.product.4000275914.html,"WARNING: Cancer and Reproductive Harm - www.P65Warnings.ca.gov . Harvest Right Home Pro Large Stainless Steel Freeze Dryer Patented technology keeps the product fresh. Preserves the potency, color, shape and nutrition of any organic material. Perfect for freeze drying herbs, oils, medicines, remedies, pharmaceuticals, and compounds. Fresh Food Per Batch 18-27 lbs. Fresh Food Per Year Up to 5000 lbs. Tray Space 1107 sq. inches Features Tray space: 1,107 square inches Freeze dry 18 to 27 lbs. fresh food per batch. Freeze dry up to 5,000 lbs. fresh food per year (This would require a person to use the freeze dryer 4 times a week for 50 weeks a year). Dimensions Freeze dryer exterior dimensions: 21.3″ W x 27.5″ D x 31.3″ H Perfect for counter top, cart, or table. Tray dimensions: 9″ W x 20.5″ x 0.75″ H Weight of freeze dryer: 150 lbs. Power 110 volt (NEMA 5-20) outlet. A dedicated 20 amp circuit is required. Maintenance Replace vacuum pump oil every 20 to 30 batches (takes about two minutes). Clean freeze dryer as needed. What’s Included Large Pro Freeze Dryer Premier Industrial Vacuum Pump Vacuum Pump Oil Oil Filter Stainless Steel Trays (set of 6) Guide to Freeze Drying Mylar Bags (50 ct) Oxygen Absorbers (50 ct) Impulse Sealer",harvest right home pro large  freeze dryer,"warning: cancer and reproductive harm - www.p65warnings.ca.gov . harvest right home pro large stainless steel freeze dryer patented technology keeps the product fresh. preserves the potency, color, shape and nutrition of any organic material. perfect for freeze drying herbs, oils, medicines, remedies, pharmaceuticals, and compounds. fresh food per batch 18-27 lbs. fresh food per year up to 5000 lbs. tray space 1107 sq. inches features tray space: 1,107 square inches freeze dry 18 to 27 lbs. fresh food per batch. freeze dry up to 5,000 lbs. fresh food per year (this would require a person to use the freeze dryer 4 times a week for 50 weeks a year). dimensions freeze dryer exterior dimensions: 21.3″ w x 27.5″ d x 31.3″ h perfect for counter top, cart, or table. tray dimensions: 9″ w x 20.5″ x 0.75″ h weight of freeze dryer: 150 lbs. power 110 volt (nema 5-20) outlet. a dedicated 20 amp circuit is required. maintenance replace vacuum pump oil every 20 to 30 batches (takes about two minutes). clean freeze dryer as needed. what’s included large pro freeze dryer premier industrial vacuum pump vacuum pump oil oil filter stainless steel trays (set of 6) guide to freeze drying mylar bags (50 ct) oxygen absorbers (50 ct) impulse sealer","Harvest Right Home Pro Large  Freeze Dryer WARNING: Cancer and Reproductive Harm - www.P65Warnings.ca.gov . Harvest Right Home Pro Large Stainless Steel Freeze Dryer Patented technology keeps the product fresh. Preserves the potency, color, shape and nutrition of any organic material. Perfect for freeze drying herbs, oils, medicines, remedies, pharmaceuticals, and compounds. Fresh Food Per Batch 18-27 lbs. Fresh Food Per Year Up to 5000 lbs. Tray Space 1107 sq. inches Features Tray space: 1,107 square inches Freeze dry 18 to 27 lbs. fresh food per batch. Freeze dry up to 5,000 lbs. fresh food per year (This would require a person to use the freeze dryer 4 times a week for 50 weeks a year). Dimensions Freeze dryer exterior dimensions: 21.3″ W x 27.5″ D x 31.3″ H Perfect for counter top, cart, or table. Tray dimensions: 9″ W x 20.5″ x 0.75″ H Weight of freeze dryer: 150 lbs. Power 110 volt (NEMA 5-20) outlet. A dedicated 20 amp circuit is required. Maintenance Replace vacuum pump oil every 20 to 30 batches (takes about two minutes). Clean freeze dryer as needed. What’s Included Large Pro Freeze Dryer Premier Industrial Vacuum Pump Vacuum Pump Oil Oil Filter Stainless Steel Trays (set of 6) Guide to Freeze Drying Mylar Bags (50 ct) Oxygen Absorbers (50 ct) Impulse Sealer"
"ZLINE 24"" 1.2 cu. ft. Built-in Microwave Drawer",959.99,costco.com,https://www.costco.com/microwaves.html,2025-01-18 22:31:01,microwaves,,https://www.costco.com/zline-24%22-1.2-cu.-ft.-built-in-microwave-drawer.product.100840159.html,"WARNING: This product can expose you to Nickel, which is known to the State of California to cause cancer and birth defects or other reproductive harm. For more information go to: www.P65Warnings.ca.gov .","zline 24"" 1.2 cu. ft. built-in microwave drawer","warning: this product can expose you to nickel, which is known to the state of california to cause cancer and birth defects or other reproductive harm. for more information go to: www.p65warnings.ca.gov .","ZLINE 24"" 1.2 cu. ft. Built-in Microwave Drawer WARNING: This product can expose you to Nickel, which is known to the State of California to cause cancer and birth defects or other reproductive harm. For more information go to: www.P65Warnings.ca.gov ."
KitchenAid 1.1 cu. ft. Multifunction Over-the-Range Microwave Oven with Flush Built-In Design and Air Fry Mode,899.99,costco.com,https://www.costco.com/microwaves.html,2025-01-18 22:31:01,microwaves,,https://www.costco.com/kitchenaid-1.1-cu.-ft.-multifunction-over-the-range-microwave-oven-with-flush-built-in-design-and-air-fry-mode.product.4000255452.html,WARNING: Cancer and Reproductive Harm - www.P65Warnings.ca.gov .,kitchenaid 1.1 cu. ft. multifunction over-the-range microwave oven with flush built-in design and air fry mode,warning: cancer and reproductive harm - www.p65warnings.ca.gov .,KitchenAid 1.1 cu. ft. Multifunction Over-the-Range Microwave Oven with Flush Built-In Design and Air Fry Mode WARNING: Cancer and Reproductive Harm - www.P65Warnings.ca.gov .
Bosch 1.9 cu. ft. Over-the-Range Convection Microwave,849.99,costco.com,https://www.costco.com/microwaves.html,2025-01-18 22:31:01,microwaves,,https://www.costco.com/bosch-1.9-cu.-ft.-over-the-range-convection-microwave.product.4000276761.html,WARNING: Cancer and Reproductive Harm - www.P65Warnings.ca.gov .,bosch 1.9 cu. ft. over-the-range convection microwave,warning: cancer and reproductive harm - www.p65warnings.ca.gov .,Bosch 1.9 cu. ft. Over-the-Range Convection Microwave WARNING: Cancer and Reproductive Harm - www.P65Warnings.ca.gov .
"GE Profile 1.7 cu. ft. Convection Over-the-Range Microwave Oven with Air-Fry, Sensor Cooking",699.99,costco.com,https://www.costco.com/microwaves.html,2025-01-18 22:31:01,microwaves,,https://www.costco.com/ge-profile-1.7-cu.-ft.-convection-over-the-range-microwave-oven-with-air-fry%2c-sensor-cooking.product.4000294599.html,WARNING: Cancer and Reproductive Harm - www.P65Warnings.ca.gov .,"ge profile 1.7 cu. ft. convection over-the-range microwave oven with air-fry, sensor cooking",warning: cancer and reproductive harm - www.p65warnings.ca.gov .,"GE Profile 1.7 cu. ft. Convection Over-the-Range Microwave Oven with Air-Fry, Sensor Cooking WARNING: Cancer and Reproductive Harm - www.P65Warnings.ca.gov ."
Samsung 1.7 cu. ft. Capacity Smart Over-the-Range Microwave with Convection and Slim Fry,629.99,costco.com,https://www.costco.com/microwaves.html,2025-01-18 22:31:01,microwaves,,https://www.costco.com/samsung-1.7-cu.-ft.-capacity-smart-over-the-range-microwave-with-convection-and-slim-fry.product.4000204021.html,WARNING: Cancer and Reproductive Harm - www.P65Warnings.ca.gov .,samsung 1.7 cu. ft. capacity smart over-the-range microwave with convection and slim fry,warning: cancer and reproductive harm - www.p65warnings.ca.gov .,Samsung 1.7 cu. ft. Capacity Smart Over-the-Range Microwave with Convection and Slim Fry WARNING: Cancer and Reproductive Harm - www.P65Warnings.ca.gov .
Samsung Bespoke Smart 2.1 cu. ft. Over-the-Range Microwave with Wi-Fi & LCD Display,579.99,costco.com,https://www.costco.com/microwaves.html,2025-01-18 22:31:01,microwaves,,https://www.costco.com/samsung-bespoke-smart-2.1-cu.-ft.-over-the-range-microwave-with-wi-fi-%2526-lcd-display.product.4000254643.html?preselect=color%3awhite+glass,WARNING: Cancer and Reproductive Harm - www.P65Warnings.ca.gov .,samsung bespoke smart 2.1 cu. ft. over-the-range microwave with wi-fi & lcd display,warning: cancer and reproductive harm - www.p65warnings.ca.gov .,Samsung Bespoke Smart 2.1 cu. ft. Over-the-Range Microwave with Wi-Fi & LCD Display WARNING: Cancer and Reproductive Harm - www.P65Warnings.ca.gov .
Samsung 1.1 cu. ft. Smart SLIM Over-the-Range Microwave with Wi-Fi and Voice Control Features,579.99,costco.com,https://www.costco.com/microwaves.html,2025-01-18 22:31:01,microwaves,,https://www.costco.com/samsung-1.1-cu.-ft.-smart-slim-over-the-range-microwave-with-wi-fi-and-voice-control-features.product.100841924.html?preselect=color%3astainless+steel,WARNING: Cancer and Reproductive Harm - www.P65Warnings.ca.gov .,samsung 1.1 cu. ft. smart slim over-the-range microwave with wi-fi and voice control features,warning: cancer and reproductive harm - www.p65warnings.ca.gov .,Samsung 1.1 cu. ft. Smart SLIM Over-the-Range Microwave with Wi-Fi and Voice Control Features WARNING: Cancer and Reproductive Harm - www.P65Warnings.ca.gov .
GE Profile 2.1 cu. ft. Over-the-Range Sensor Microwave Oven with Auto Cook and Steam Cook,529.99,costco.com,https://www.costco.com/microwaves.html,2025-01-18 22:31:01,microwaves,,https://www.costco.com/ge-profile-2.1-cu.-ft.-over-the-range-sensor-microwave-oven-with-auto-cook-and-steam-cook.product.100351064.html?preselect=color%3astainless+steel,"2-Year Manufacturer's Warranty Included Be Prepared for your Delivery. Read GE Appliances Home Delivery Guidelines PDF in Manuals, Information & Guides section. Our delivery and installation teams are not authorized to perform any modifications to the home; no carpentry, plumbing or electrical work. Any work that would exceed the included basic installation will require additional payment by you to the installer. For your convenience and while at your home, the installer will be able to determine if any additional work and or permits are needed that would exceed the included basic installation. You will always be given a quote before work starts. You will be responsible for direct payment to the installer for any work exceeding basic installation. WARNING: Cancer and Reproductive Harm - www.P65Warnings.ca.gov .",ge profile 2.1 cu. ft. over-the-range sensor microwave oven with auto cook and steam cook,"2-year manufacturer's warranty included be prepared for your delivery. read ge appliances home delivery guidelines pdf in manuals, information & guides section. our delivery and installation teams are not authorized to perform any modifications to the home; no carpentry, plumbing or electrical work. any work that would exceed the included basic installation will require additional payment by you to the installer. for your convenience and while at your home, the installer will be able to determine if any additional work and or permits are needed that would exceed the included basic installation. you will always be given a quote before work starts. you will be responsible for direct payment to the installer for any work exceeding basic installation. warning: cancer and reproductive harm - www.p65warnings.ca.gov .","GE Profile 2.1 cu. ft. Over-the-Range Sensor Microwave Oven with Auto Cook and Steam Cook 2-Year Manufacturer's Warranty Included Be Prepared for your Delivery. Read GE Appliances Home Delivery Guidelines PDF in Manuals, Information & Guides section. Our delivery and installation teams are not authorized to perform any modifications to the home; no carpentry, plumbing or electrical work. Any work that would exceed the included basic installation will require additional payment by you to the installer. For your convenience and while at your home, the installer will be able to determine if any additional work and or permits are needed that would exceed the included basic installation. You will always be given a quote before work starts. You will be responsible for direct payment to the installer for any work exceeding basic installation. WARNING: Cancer and Reproductive Harm - www.P65Warnings.ca.gov ."
Samsung 2.1 cu. ft. Over-the-Range Microwave with Wi-Fi and SmartThings,449.99,costco.com,https://www.costco.com/microwaves.html,2025-01-18 22:31:01,microwaves,,https://www.costco.com/samsung-2.1-cu.-ft.-over-the-range-microwave-with-wi-fi-and-smartthings.product.4000254641.html?preselect=color%3amatte+black,WARNING: Cancer and Reproductive Harm - www.P65Warnings.ca.gov .,samsung 2.1 cu. ft. over-the-range microwave with wi-fi and smartthings,warning: cancer and reproductive harm - www.p65warnings.ca.gov .,Samsung 2.1 cu. ft. Over-the-Range Microwave with Wi-Fi and SmartThings WARNING: Cancer and Reproductive Harm - www.P65Warnings.ca.gov .
Frigidaire Gallery 1.9 cu. ft. Over-The-Range Microwave with Sensor Cook,479.99,costco.com,https://www.costco.com/microwaves.html,2025-01-18 22:31:01,microwaves,,https://www.costco.com/frigidaire-gallery-1.9-cu.-ft.-over-the-range-microwave-with-sensor-cook.product.4000272589.html,WARNING: Cancer and Reproductive Harm - www.P65Warnings.ca.gov .,frigidaire gallery 1.9 cu. ft. over-the-range microwave with sensor cook,warning: cancer and reproductive harm - www.p65warnings.ca.gov .,Frigidaire Gallery 1.9 cu. ft. Over-The-Range Microwave with Sensor Cook WARNING: Cancer and Reproductive Harm - www.P65Warnings.ca.gov .
LG 1.8 cu. ft. Smart Wi-Fi Enabled Over-the-Range Microwave Oven with EasyClean,399.99,costco.com,https://www.costco.com/microwaves.html,2025-01-18 22:31:01,microwaves,,https://www.costco.com/lg-1.8-cu.-ft.-smart-wi-fi-enabled-over-the-range-microwave-oven-with-easyclean.product.4000041965.html?preselect=color%3ablack+stainless+steel,WARNING: Cancer and Reproductive Harm - www.P65Warnings.ca.gov .,lg 1.8 cu. ft. smart wi-fi enabled over-the-range microwave oven with easyclean,warning: cancer and reproductive harm - www.p65warnings.ca.gov .,LG 1.8 cu. ft. Smart Wi-Fi Enabled Over-the-Range Microwave Oven with EasyClean WARNING: Cancer and Reproductive Harm - www.P65Warnings.ca.gov .
Maytag 1.1 cu. ft. Flush Design Over the Range Microwave,449.99,costco.com,https://www.costco.com/microwaves.html,2025-01-18 22:31:01,microwaves,,https://www.costco.com/maytag-1.1-cu.-ft.-flush-design-over-the-range-microwave.product.4000291134.html,WARNING: Cancer and Reproductive Harm - www.P65Warnings.ca.gov .,maytag 1.1 cu. ft. flush design over the range microwave,warning: cancer and reproductive harm - www.p65warnings.ca.gov .,Maytag 1.1 cu. ft. Flush Design Over the Range Microwave WARNING: Cancer and Reproductive Harm - www.P65Warnings.ca.gov .
GE 1.9 cu. ft. Over-the-Range Sensor Microwave Oven with Easy Clean Interior,399.99,costco.com,https://www.costco.com/microwaves.html,2025-01-18 22:31:01,microwaves,,https://www.costco.com/ge-1.9-cu.-ft.-over-the-range-sensor-microwave-oven-with-easy-clean-interior.product.100351061.html?preselect=color%3ablack,2-Year Manufacturer's Warranty Included WARNING: Cancer and Reproductive Harm - www.P65Warnings.ca.gov .,ge 1.9 cu. ft. over-the-range sensor microwave oven with easy clean interior,2-year manufacturer's warranty included warning: cancer and reproductive harm - www.p65warnings.ca.gov .,GE 1.9 cu. ft. Over-the-Range Sensor Microwave Oven with Easy Clean Interior 2-Year Manufacturer's Warranty Included WARNING: Cancer and Reproductive Harm - www.P65Warnings.ca.gov .
Whirlpool 1.9 cu. ft. Over-The-Range Microwave with Sensor Cooking,379.99,costco.com,https://www.costco.com/microwaves.html,2025-01-18 22:31:01,microwaves,,https://www.costco.com/whirlpool-1.9-cu.-ft.-over-the-range-microwave-with-sensor-cooking.product.4000310060.html,WARNING: Cancer and Reproductive Harm - www.P65Warnings.ca.gov .,whirlpool 1.9 cu. ft. over-the-range microwave with sensor cooking,warning: cancer and reproductive harm - www.p65warnings.ca.gov .,Whirlpool 1.9 cu. ft. Over-The-Range Microwave with Sensor Cooking WARNING: Cancer and Reproductive Harm - www.P65Warnings.ca.gov .
GE 1.6 cu. ft. Over-the-Range Microwave Oven with Cooktop Lighting and 300-CFM Exhaust Fan,349.99,costco.com,https://www.costco.com/microwaves.html,2025-01-18 22:31:01,microwaves,,https://www.costco.com/ge-1.6-cu.-ft.-over-the-range-microwave-oven-with-cooktop-lighting-and-300-cfm-exhaust-fan.product.100681438.html?preselect=color%3ablack,2-Year Manufacturer's Warranty Included WARNING: Cancer and Reproductive Harm - www.P65Warnings.ca.gov .,ge 1.6 cu. ft. over-the-range microwave oven with cooktop lighting and 300-cfm exhaust fan,2-year manufacturer's warranty included warning: cancer and reproductive harm - www.p65warnings.ca.gov .,GE 1.6 cu. ft. Over-the-Range Microwave Oven with Cooktop Lighting and 300-CFM Exhaust Fan 2-Year Manufacturer's Warranty Included WARNING: Cancer and Reproductive Harm - www.P65Warnings.ca.gov .
Samsung 1.9 cu. ft. Countertop Microwave with Sensor Cooking,199.99,costco.com,https://www.costco.com/microwaves.html,2025-01-18 22:31:01,microwaves,,https://www.costco.com/samsung-1.9-cu.-ft.-countertop-microwave-with-sensor-cooking%2c-stainless-steel.product.4000314166.html,WARNING: Cancer and Reproductive Harm. For more information go to: www.P65Warnings.ca.gov .,samsung 1.9 cu. ft. countertop microwave with sensor cooking,warning: cancer and reproductive harm. for more information go to: www.p65warnings.ca.gov .,Samsung 1.9 cu. ft. Countertop Microwave with Sensor Cooking WARNING: Cancer and Reproductive Harm. For more information go to: www.P65Warnings.ca.gov .
Midea 0.9 cu. ft. Countertop Microwave Oven,79.99,costco.com,https://www.costco.com/microwaves.html?currentPage=2&pageSize=24,2025-01-18 22:31:01,microwaves,,https://www.costco.com/midea-0.9-cu.-ft.-countertop-microwave-oven.product.4000247188.html,WARNING: Cancer and Reproductive Harm. For more information go to: www.P65Warnings.ca.gov .,midea 0.9 cu. ft. countertop microwave oven,warning: cancer and reproductive harm. for more information go to: www.p65warnings.ca.gov .,Midea 0.9 cu. ft. Countertop Microwave Oven WARNING: Cancer and Reproductive Harm. For more information go to: www.P65Warnings.ca.gov .
Whirlpool 25 cu. ft. French Door Refrigerator and Large Capacity Dishwasher with 3rd Rack Kitchen Package,2499.98,costco.com,https://www.costco.com/kitchen-suites.html,2025-01-18 22:31:01,kitchen-suites,,https://www.costco.com/whirlpool-25-cu.-ft.-french-door-refrigerator-and-large-capacity-dishwasher-with-3rd-rack-kitchen-package.product.4000217457.html,WARNING: Cancer and Reproductive Harm - www.P65Warnings.ca.gov .,whirlpool 25 cu. ft. french door refrigerator and large capacity dishwasher with 3rd rack kitchen package,warning: cancer and reproductive harm - www.p65warnings.ca.gov .,Whirlpool 25 cu. ft. French Door Refrigerator and Large Capacity Dishwasher with 3rd Rack Kitchen Package WARNING: Cancer and Reproductive Harm - www.P65Warnings.ca.gov .
ZLINE 5-piece 30” Dual Fuel Range Kitchen Package with 21.6 cu. ft. French Door Refrigerator,7999.99,costco.com,https://www.costco.com/kitchen-suites.html,2025-01-18 22:31:01,kitchen-suites,,https://www.costco.com/zline-5-piece-30%e2%80%9d-dual-fuel-range-kitchen-package-with-21.6-cu.-ft.-french-door-refrigerator.product.4000096497.html,"WARNING: This product can expose you to Nickel, which is known to the State of California to cause cancer. For more information go to: www.P65Warnings.ca.gov .",zline 5-piece 30” dual fuel range kitchen package with 21.6 cu. ft. french door refrigerator,"warning: this product can expose you to nickel, which is known to the state of california to cause cancer. for more information go to: www.p65warnings.ca.gov .","ZLINE 5-piece 30” Dual Fuel Range Kitchen Package with 21.6 cu. ft. French Door Refrigerator WARNING: This product can expose you to Nickel, which is known to the State of California to cause cancer. For more information go to: www.P65Warnings.ca.gov ."
Samsung 4-piece ELECTRIC Kitchen Package with Full Depth Refrigerator,4649.96,costco.com,https://www.costco.com/kitchen-suites.html,2025-01-18 22:31:01,kitchen-suites,,https://www.costco.com/samsung-4-piece-electric-kitchen-package-with-full-depth-refrigerator.product.4000282210.html?preselect=color%3astainless+steel,WARNING: Cancer and Reproductive Harm - www.P65Warnings.ca.gov .,samsung 4-piece electric kitchen package with full depth refrigerator,warning: cancer and reproductive harm - www.p65warnings.ca.gov .,Samsung 4-piece ELECTRIC Kitchen Package with Full Depth Refrigerator WARNING: Cancer and Reproductive Harm - www.P65Warnings.ca.gov .
Allstate 3 Years (For Kitchen Suites Under $2000),174.99,costco.com,https://www.costco.com/kitchen-suites.html,2025-01-18 22:31:01,kitchen-suites,,https://www.costco.com/allstate-3-years-for-kitchen-suites-under-%242000.product.100285392.html,This Allstate protection plan is exclusive to Costco Members. You must purchase the new Kitchen Suite from Costco.com. Other terms and conditions apply.* When the Kitchen Suite is purchased online at Costco.com the Allstate protection plan must be purchased within 90 days from receipt. Each Allstate protection plan covers 1 suite. Not intended for commercial use. Physical damage is not covered.,allstate 3 years (for kitchen suites under $2000),this allstate protection plan is exclusive to costco members. you must purchase the new kitchen suite from costco.com. other terms and conditions apply.* when the kitchen suite is purchased online at costco.com the allstate protection plan must be purchased within 90 days from receipt. each allstate protection plan covers 1 suite. not intended for commercial use. physical damage is not covered.,Allstate 3 Years (For Kitchen Suites Under $2000) This Allstate protection plan is exclusive to Costco Members. You must purchase the new Kitchen Suite from Costco.com. Other terms and conditions apply.* When the Kitchen Suite is purchased online at Costco.com the Allstate protection plan must be purchased within 90 days from receipt. Each Allstate protection plan covers 1 suite. Not intended for commercial use. Physical damage is not covered.
Allstate 3 Years (For Kitchen Suites $2000 to $4000),299.99,costco.com,https://www.costco.com/kitchen-suites.html,2025-01-18 22:31:01,kitchen-suites,,https://www.costco.com/allstate-3-years-for-kitchen-suites-%242000-to-%244000.product.100285413.html,"Plan must be purchased from Costco.com within 90 days of purchasing an appliance suite from Costco. Each plan protects one appliance suite. Coverage starts on the day member receives the covered items. Plan does not include intentional damage, loss or theft. Not intended for commercial use. This plan is exclusive to Costco members.",allstate 3 years (for kitchen suites $2000 to $4000),"plan must be purchased from costco.com within 90 days of purchasing an appliance suite from costco. each plan protects one appliance suite. coverage starts on the day member receives the covered items. plan does not include intentional damage, loss or theft. not intended for commercial use. this plan is exclusive to costco members.","Allstate 3 Years (For Kitchen Suites $2000 to $4000) Plan must be purchased from Costco.com within 90 days of purchasing an appliance suite from Costco. Each plan protects one appliance suite. Coverage starts on the day member receives the covered items. Plan does not include intentional damage, loss or theft. Not intended for commercial use. This plan is exclusive to Costco members."
Frigidaire ELECTRIC Washer/Dryer Laundry Center - 3.9 cu. ft. Washer and 5.5 cu. ft. Dryer,999.99,costco.com,https://www.costco.com/small-space-appliances.html,2025-01-18 22:31:01,small-appliances,,https://www.costco.com/frigidaire-electric-washerdryer-laundry-center---3.9-cu.-ft.-washer-and-5.5-cu.-ft.-dryer.product.4000272491.html,WARNING: Cancer and Reproductive Harm - www.P65Warnings.ca.gov .,frigidaire electric washer/dryer laundry center - 3.9 cu. ft. washer and 5.5 cu. ft. dryer,warning: cancer and reproductive harm - www.p65warnings.ca.gov .,Frigidaire ELECTRIC Washer/Dryer Laundry Center - 3.9 cu. ft. Washer and 5.5 cu. ft. Dryer WARNING: Cancer and Reproductive Harm - www.P65Warnings.ca.gov .
GE Unitized maker 3.8 cu. ft. Washer and 5.9 cu. ft. ELECTRIC Dryer,1249.99,costco.com,https://www.costco.com/small-space-appliances.html,2025-01-18 22:31:01,small-appliances,,https://www.costco.com/ge-unitized-spacemaker-3.8-cu.-ft.-washer-and-5.9-cu.-ft.-electric-dryer.product.100399726.html?preselect=color%3awhite,2-Year Manufacturer 's Warranty Included WARNING: Cancer and Reproductive Harm - www.P65Warnings.ca.gov .,ge unitized maker 3.8 cu. ft. washer and 5.9 cu. ft. electric dryer,2-year manufacturer 's warranty included warning: cancer and reproductive harm - www.p65warnings.ca.gov .,GE Unitized maker 3.8 cu. ft. Washer and 5.9 cu. ft. ELECTRIC Dryer 2-Year Manufacturer 's Warranty Included WARNING: Cancer and Reproductive Harm - www.P65Warnings.ca.gov .
Haier 16.8 Cu. Ft. Counter-Depth Quad Door Refrigerator,1149.99,costco.com,https://www.costco.com/small-space-appliances.html,2025-01-18 22:31:01,small-appliances,,https://www.costco.com/haier-16.8-cu.-ft.-counter-depth-quad-door-refrigerator.product.100976669.html,"2-Year Manufacturer 's Warranty Included Be Prepared for your Delivery. Read GE Appliances Home Delivery Guidelines PDF in Manuals, Information & Guides section. Our delivery and installation teams are not authorized to perform any modifications to the home; no carpentry, plumbing or electrical work. Any work that would exceed the included basic installation will require additional payment by you to the installer. For your convenience and while at your home, the installer will be able to determine if any additional work and or permits are needed that would exceed the included basic installation. You will always be given a quote before work starts. You will be responsible for direct payment to the installer for any work exceeding basic installation. WARNING: Cancer and Reproductive Harm - www.P65Warnings.ca.gov .",haier 16.8 cu. ft. counter-depth quad door refrigerator,"2-year manufacturer 's warranty included be prepared for your delivery. read ge appliances home delivery guidelines pdf in manuals, information & guides section. our delivery and installation teams are not authorized to perform any modifications to the home; no carpentry, plumbing or electrical work. any work that would exceed the included basic installation will require additional payment by you to the installer. for your convenience and while at your home, the installer will be able to determine if any additional work and or permits are needed that would exceed the included basic installation. you will always be given a quote before work starts. you will be responsible for direct payment to the installer for any work exceeding basic installation. warning: cancer and reproductive harm - www.p65warnings.ca.gov .","Haier 16.8 Cu. Ft. Counter-Depth Quad Door Refrigerator 2-Year Manufacturer 's Warranty Included Be Prepared for your Delivery. Read GE Appliances Home Delivery Guidelines PDF in Manuals, Information & Guides section. Our delivery and installation teams are not authorized to perform any modifications to the home; no carpentry, plumbing or electrical work. Any work that would exceed the included basic installation will require additional payment by you to the installer. For your convenience and while at your home, the installer will be able to determine if any additional work and or permits are needed that would exceed the included basic installation. You will always be given a quote before work starts. You will be responsible for direct payment to the installer for any work exceeding basic installation. WARNING: Cancer and Reproductive Harm - www.P65Warnings.ca.gov ."
Danby Dual Door 3.1 cu. ft. Compact Refrigerator/Freezer,219.99,costco.com,https://www.costco.com/small-space-appliances.html,2025-01-18 22:31:01,small-appliances,,https://www.costco.com/danby-dual-door-3.1-cu.-ft.-compact-refrigeratorfreezer.product.100288777.html?preselect=color%3ablack+stainless+steel,WARNING: Cancer and Reproductive Harm - www.P65Warnings.ca.gov .,danby dual door 3.1 cu. ft. compact refrigerator/freezer,warning: cancer and reproductive harm - www.p65warnings.ca.gov .,Danby Dual Door 3.1 cu. ft. Compact Refrigerator/Freezer WARNING: Cancer and Reproductive Harm - www.P65Warnings.ca.gov .
GE Unitized maker 2.3 cu. ft. Washer and 4.4 cu. ft. ELECTRIC Dryer,1199.99,costco.com,https://www.costco.com/small-space-appliances.html,2025-01-18 22:31:01,small-appliances,,https://www.costco.com/ge-unitized-spacemaker-2.3-cu.-ft.-washer-and-4.4-cu.-ft.-electric-dryer.product.100399732.html,WARNING: Cancer and Reproductive Harm - www.P65Warnings.ca.gov .,ge unitized maker 2.3 cu. ft. washer and 4.4 cu. ft. electric dryer,warning: cancer and reproductive harm - www.p65warnings.ca.gov .,GE Unitized maker 2.3 cu. ft. Washer and 4.4 cu. ft. ELECTRIC Dryer WARNING: Cancer and Reproductive Harm - www.P65Warnings.ca.gov .
LG 6.0 cu. ft. Single Door Refrigerator with Inverter Compressor and Pocket Handle in  ,389.99,costco.com,https://www.costco.com/small-space-appliances.html,2025-01-18 22:31:01,small-appliances,,https://www.costco.com/lg-6.0-cu.-ft.-single-door-refrigerator-with-inverter-compressor-and-pocket-handle-in-platinum-silver.product.100986754.html,"2-Year Manufacturer's Warranty Included Be Prepared for your Delivery. Verify your zip code, plumbing and electrical connections AND read Delivery Guidelines PDF in Manuals, Information & Guides section. Our delivery and installation teams are not authorized to perform any modifications to the home; no carpentry, plumbing or electrical work. Any work that would exceed the included basic installation will require additional payment by you to the installer. For your convenience and while at your home, the installer will be able to determine if any additional work and or permits are needed that would exceed the included basic installation. You will always be given a quote before work starts. You will be responsible for direct payment to the installer for any work exceeding basic installation. WARNING: Cancer and Reproductive Harm - www.P65Warnings.ca.gov .",lg 6.0 cu. ft. single door refrigerator with inverter compressor and pocket handle in  ,"2-year manufacturer's warranty included be prepared for your delivery. verify your zip code, plumbing and electrical connections and read delivery guidelines pdf in manuals, information & guides section. our delivery and installation teams are not authorized to perform any modifications to the home; no carpentry, plumbing or electrical work. any work that would exceed the included basic installation will require additional payment by you to the installer. for your convenience and while at your home, the installer will be able to determine if any additional work and or permits are needed that would exceed the included basic installation. you will always be given a quote before work starts. you will be responsible for direct payment to the installer for any work exceeding basic installation. warning: cancer and reproductive harm - www.p65warnings.ca.gov .","LG 6.0 cu. ft. Single Door Refrigerator with Inverter Compressor and Pocket Handle in   2-Year Manufacturer's Warranty Included Be Prepared for your Delivery. Verify your zip code, plumbing and electrical connections AND read Delivery Guidelines PDF in Manuals, Information & Guides section. Our delivery and installation teams are not authorized to perform any modifications to the home; no carpentry, plumbing or electrical work. Any work that would exceed the included basic installation will require additional payment by you to the installer. For your convenience and while at your home, the installer will be able to determine if any additional work and or permits are needed that would exceed the included basic installation. You will always be given a quote before work starts. You will be responsible for direct payment to the installer for any work exceeding basic installation. WARNING: Cancer and Reproductive Harm - www.P65Warnings.ca.gov ."
Whirlpool 22 cu. ft. Bottom-Freezer Refrigerator with Accu-Chill™ Temperature Management System,1449.99,costco.com,https://www.costco.com/small-space-appliances.html,2025-01-18 22:31:01,small-appliances,,https://www.costco.com/whirlpool-22-cu.-ft.-bottom-freezer-refrigerator-with-accu-chill%e2%84%a2-temperature-management-system.product.100425897.html?preselect=color%3astainless+steel,WARNING: Cancer and Reproductive Harm - www.P65Warnings.ca.gov .,whirlpool 22 cu. ft. bottom-freezer refrigerator with accu-chill™ temperature management system,warning: cancer and reproductive harm - www.p65warnings.ca.gov .,Whirlpool 22 cu. ft. Bottom-Freezer Refrigerator with Accu-Chill™ Temperature Management System WARNING: Cancer and Reproductive Harm - www.P65Warnings.ca.gov .
LG 2.4 cu. ft. Wi-Fi Enabled Compact Front Load All-In-One Washer/Dryer Combo with Built-In Intelligence,1799.99,costco.com,https://www.costco.com/small-space-appliances.html,2025-01-18 22:31:01,small-appliances,,https://www.costco.com/lg-2.4-cu.-ft.-wi-fi-enabled-compact-front-load-all-in-one-washerdryer-combo-with-built-in-intelligence.product.100780016.html?preselect=color%3agray,WARNING: Cancer and Reproductive Harm - www.P65Warnings.ca.gov .,lg 2.4 cu. ft. wi-fi enabled compact front load all-in-one washer/dryer combo with built-in intelligence,warning: cancer and reproductive harm - www.p65warnings.ca.gov .,LG 2.4 cu. ft. Wi-Fi Enabled Compact Front Load All-In-One Washer/Dryer Combo with Built-In Intelligence WARNING: Cancer and Reproductive Harm - www.P65Warnings.ca.gov .
LG Styler Smart Wi-Fi enabled Steam Closet with TrueSteam and Moving Hangers,1679.99,costco.com,https://www.costco.com/small-space-appliances.html,2025-01-18 22:31:01,small-appliances,,https://www.costco.com/lg-styler-smart-wi-fi-enabled-steam-closet-with-truesteam-and-moving-hangers.product.100428026.html?preselect=color%3achrome,WARNING: Cancer and Reproductive Harm - www.P65Warnings.ca.gov .,lg styler smart wi-fi enabled steam closet with truesteam and moving hangers,warning: cancer and reproductive harm - www.p65warnings.ca.gov .,LG Styler Smart Wi-Fi enabled Steam Closet with TrueSteam and Moving Hangers WARNING: Cancer and Reproductive Harm - www.P65Warnings.ca.gov .
Whirlpool 20 cu. ft. French Door Refrigerator with FreshFlow,1699.99,costco.com,https://www.costco.com/small-space-appliances.html,2025-01-18 22:31:01,small-appliances,,https://www.costco.com/whirlpool-20-cu.-ft.-french-door-refrigerator-with-freshflow.product.100457663.html,WARNING: Cancer and Reproductive Harm - www.P65Warnings.ca.gov .,whirlpool 20 cu. ft. french door refrigerator with freshflow,warning: cancer and reproductive harm - www.p65warnings.ca.gov .,Whirlpool 20 cu. ft. French Door Refrigerator with FreshFlow WARNING: Cancer and Reproductive Harm - www.P65Warnings.ca.gov .
Whirlpool 3.5 cu ft. Washer and 5.9 cu. ft. Dryer ELECTRIC Laundry Center,1399.99,costco.com,https://www.costco.com/small-space-appliances.html,2025-01-18 22:31:01,small-appliances,,https://www.costco.com/whirlpool-3.5-cu-ft.-washer-and-5.9-cu.-ft.-dryer-electric-laundry-center.product.100400262.html,WARNING: Cancer and Reproductive Harm - www.P65Warnings.ca.gov .,whirlpool 3.5 cu ft. washer and 5.9 cu. ft. dryer electric laundry center,warning: cancer and reproductive harm - www.p65warnings.ca.gov .,Whirlpool 3.5 cu ft. Washer and 5.9 cu. ft. Dryer ELECTRIC Laundry Center WARNING: Cancer and Reproductive Harm - www.P65Warnings.ca.gov .
"Winix Genuine Replacement Filter S, 2-pack for C545 Air Purifier",59.99,costco.com,https://www.costco.com/cooling-air-treatment-heating.html,2025-01-18 22:31:01,cooling-air-treatment-heating,,https://www.costco.com/winix-genuine-replacement-filter-s%2c-2-pack-for-c545-air-purifier.product.4000225508.html,"The Winix Replacement Filter S 2 Pack is a complete two year filter set. The Winix True HEPA captures up to 99.97% of airborne allergens including pollen, dust, smoke, pet dander, and other ultrafine particles as small as 0.3 microns. The 4-pack Carbon Filters traps large particles, extending the life of the True HEPA filter and absorbs odor in the environment. The genuine Winix Filter S is compatible with Winix Air Purifier unit C545. Accessories Included: 2 True Hepa Filters 8 Carbon Filters Product Features: True HEPA Filter: Captures up to 99.97%* of airborne allergens including pollen, dust, smoke, pet dander, and other ultrafine particles as small as 0.3 microns. Activated Carbon Filters (4-pack): Reduces VOCs and household odors from cooking, pets, and smoke. It is designed to catch airborne particles found indoors, which also helps prolong the True HEPA Filter life. Two True Hepa Filters and 8 Activated Carbon Filters included, up to a two year supply. The genuine Winix Filter S is compatible with Winix Air Purifier unit C545. Dimensions & More Info: Package Dimensions of the 2 PK Box are: Depth: 6.5” x Length: 13  x Height: 14.5” Package Weight of the 2 PK is 4 Lbs. Made in Thailand","winix genuine replacement filter s, 2-pack for c545 air purifier","the winix replacement filter s 2 pack is a complete two year filter set. the winix true hepa captures up to 99.97% of airborne allergens including pollen, dust, smoke, pet dander, and other ultrafine particles as small as 0.3 microns. the 4-pack carbon filters traps large particles, extending the life of the true hepa filter and absorbs odor in the environment. the genuine winix filter s is compatible with winix air purifier unit c545. accessories included: 2 true hepa filters 8 carbon filters product features: true hepa filter: captures up to 99.97%* of airborne allergens including pollen, dust, smoke, pet dander, and other ultrafine particles as small as 0.3 microns. activated carbon filters (4-pack): reduces vocs and household odors from cooking, pets, and smoke. it is designed to catch airborne particles found indoors, which also helps prolong the true hepa filter life. two true hepa filters and 8 activated carbon filters included, up to a two year supply. the genuine winix filter s is compatible with winix air purifier unit c545. dimensions & more info: package dimensions of the 2 pk box are: depth: 6.5” x length: 13  x height: 14.5” package weight of the 2 pk is 4 lbs. made in thailand","Winix Genuine Replacement Filter S, 2-pack for C545 Air Purifier The Winix Replacement Filter S 2 Pack is a complete two year filter set. The Winix True HEPA captures up to 99.97% of airborne allergens including pollen, dust, smoke, pet dander, and other ultrafine particles as small as 0.3 microns. The 4-pack Carbon Filters traps large particles, extending the life of the True HEPA filter and absorbs odor in the environment. The genuine Winix Filter S is compatible with Winix Air Purifier unit C545. Accessories Included: 2 True Hepa Filters 8 Carbon Filters Product Features: True HEPA Filter: Captures up to 99.97%* of airborne allergens including pollen, dust, smoke, pet dander, and other ultrafine particles as small as 0.3 microns. Activated Carbon Filters (4-pack): Reduces VOCs and household odors from cooking, pets, and smoke. It is designed to catch airborne particles found indoors, which also helps prolong the True HEPA Filter life. Two True Hepa Filters and 8 Activated Carbon Filters included, up to a two year supply. The genuine Winix Filter S is compatible with Winix Air Purifier unit C545. Dimensions & More Info: Package Dimensions of the 2 PK Box are: Depth: 6.5” x Length: 13  x Height: 14.5” Package Weight of the 2 PK is 4 Lbs. Made in Thailand"
Woozoo 5-Speed Globe Fan,46.99,costco.com,https://www.costco.com/cooling-air-treatment-heating.html,2025-01-18 22:31:01,cooling-air-treatment-heating,,https://www.costco.com/woozoo-5-speed-globe-fan.product.4000230071.html,"Style meets substance in the Woozoo Globe Shape Fan SC15T. The modern Vortex grille design not only adds to the charm of its new home, but also delivers efficient airflow, making it an investment in both comfort and sophistication. Thanks to Vortex Circulation, this fan can propel air up to an impressive 82 feet, ensuring widespread comfort. Plus, the convenient remote holder on the back of the grille keeps control within easy reach, transforming any space from ordinary to one-of-a-kind. Accessories Included: Remote Control included Product Features: 353 Sq Ft Coverage Multi-Oscillating Capacitive Touch 5 Speeds LED Turn-Off Function Timer (1,2,4) Dimensions & More Info: Type of material made out of: ABS and Polypropylene 8.27"" D x 8.27"" W x 11.42"" H 4.74 Lbs Made in China",woozoo 5-speed globe fan,"style meets substance in the woozoo globe shape fan sc15t. the modern vortex grille design not only adds to the charm of its new home, but also delivers efficient airflow, making it an investment in both comfort and sophistication. thanks to vortex circulation, this fan can propel air up to an impressive 82 feet, ensuring widespread comfort. plus, the convenient remote holder on the back of the grille keeps control within easy reach, transforming any space from ordinary to one-of-a-kind. accessories included: remote control included product features: 353 sq ft coverage multi-oscillating capacitive touch 5 speeds led turn-off function timer (1,2,4) dimensions & more info: type of material made out of: abs and polypropylene 8.27"" d x 8.27"" w x 11.42"" h 4.74 lbs made in china","Woozoo 5-Speed Globe Fan Style meets substance in the Woozoo Globe Shape Fan SC15T. The modern Vortex grille design not only adds to the charm of its new home, but also delivers efficient airflow, making it an investment in both comfort and sophistication. Thanks to Vortex Circulation, this fan can propel air up to an impressive 82 feet, ensuring widespread comfort. Plus, the convenient remote holder on the back of the grille keeps control within easy reach, transforming any space from ordinary to one-of-a-kind. Accessories Included: Remote Control included Product Features: 353 Sq Ft Coverage Multi-Oscillating Capacitive Touch 5 Speeds LED Turn-Off Function Timer (1,2,4) Dimensions & More Info: Type of material made out of: ABS and Polypropylene 8.27"" D x 8.27"" W x 11.42"" H 4.74 Lbs Made in China"
Winix C909 4-Stage Air Purifier with Wi-Fi & PlasmaWave Technology,199.99,costco.com,https://www.costco.com/cooling-air-treatment-heating.html,2025-01-18 22:31:01,cooling-air-treatment-heating,,https://www.costco.com/winix-c909-4-stage-air-purifier-with-wi-fi-%2526-plasmawave-technology.product.100842491.html,"Featuring a 4-stage air purification system, this unit removes 99.99% of airborne particles as small as 0.003 microns in size. Winix’s PlasmaWave® Technology may help to reduce the presence of airborne pollutants and contaminants. The unit’s built-in Smart Sensors detect and monitor the quality of air in your environment and provides a visual representation of your current air quality. When in Auto Mode, the unit automatically adjusts fan speeds to ensure efficient and cost-effective cleaning. Sleep mode is automatically activated when the room is darkened, providing quiet, energy-efficient operation. The WiFi feature allows you to connect your air purifier to the Winix Smart App and monitor the air quality in your home, control your air purifier, and track filter life. Accessories Included: Two Genuine Winix True HEPA Filter sets included for up to 24 months normal usage Product Features: AHAM Verifide® at 500 sq ft.: Also cleans rooms up to 2,420 sq ft in 1 hour (1,210 sq ft in 30 minutes, 807 sq ft in 20 minutes, 605 sq ft in 15 minutes) The Smarter Air Purifier: Control and monitor your unit anytime from anywhere by instantly accessing your unit with the Winix Smart App through the convenient WiFi feature Washable Fine Mesh Pre-Filter: The first line of defense against the largest airborne particles found indoors Activated Carbon Filter: Reduces VOCs and household odors from cooking, pets, and smoke. It is designed to catch airborne particles found indoors, which also helps prolong the True HEPA Filter life True HEPA Filter: Winix True HEPA captures 99.99%* of airborne allergens including pollen, dust, smoke, pet dander, and other ultrafine particles as small as 0.003 microns *Based on independent laboratory tests conducted on inanimate particles as small as 0.003 microns in size. PlasmaWave® Air Cleaning Technology: May help to reduce the presence of airborne impurities Air Quality Indicator: Visual indicator displays real-time air quality in the room with LED lights 2 Year Filter Supply: Includes 2 True HEPA replacement filters and 8 Activated Carbon Filters Dual Smart Sensors + Auto Mode: Built-in air quality sensor measures and adjusts fan speed in real-time Ultra-Quiet: Nearly silent on slowest speed (25 dB) Light Automated Sleep Mode: Unit automatically activates its quiet, energy-efficient Sleep Mode when room is darkened and returns to Auto Mode in the presence of light Tested and Trusted: This unit is proven dependable and efficient by being AHAM Verified, Energy Star Certified, and UL Certified Energy Efficient: Energy Star Certified for low energy consumption, resulting in reduced operating costs Filter Replacement Indicator: When the filters need to be replaced, the Filter Replacement Indicator LED will illuminate Dimensions & More Info: Material: ABS and EPS plastic Voltage: 120 Hertz: 60 Watts: 95 (sleep 7W, low 10W, medium 19W, high 28W, turbo 90) Decibels: (Low/Med/High/Turbo) Sleep 25, Low 30, Medium 38, High 41, Turbo 52 16.5” L x 11.4” W x 23.2” H; Weight: 17.2 lbs Made in Thailand Warranty: 2 Years Manufacturers’ Warranty For product related questions please contact Winix America at 1-877-699-4649, or 1-847-551-9900",winix c909 4-stage air purifier with wi-fi & plasmawave technology,"featuring a 4-stage air purification system, this unit removes 99.99% of airborne particles as small as 0.003 microns in size. winix’s plasmawave® technology may help to reduce the presence of airborne pollutants and contaminants. the unit’s built-in smart sensors detect and monitor the quality of air in your environment and provides a visual representation of your current air quality. when in auto mode, the unit automatically adjusts fan speeds to ensure efficient and cost-effective cleaning. sleep mode is automatically activated when the room is darkened, providing quiet, energy-efficient operation. the wifi feature allows you to connect your air purifier to the winix smart app and monitor the air quality in your home, control your air purifier, and track filter life. accessories included: two genuine winix true hepa filter sets included for up to 24 months normal usage product features: aham verifide® at 500 sq ft.: also cleans rooms up to 2,420 sq ft in 1 hour (1,210 sq ft in 30 minutes, 807 sq ft in 20 minutes, 605 sq ft in 15 minutes) the smarter air purifier: control and monitor your unit anytime from anywhere by instantly accessing your unit with the winix smart app through the convenient wifi feature washable fine mesh pre-filter: the first line of defense against the largest airborne particles found indoors activated carbon filter: reduces vocs and household odors from cooking, pets, and smoke. it is designed to catch airborne particles found indoors, which also helps prolong the true hepa filter life true hepa filter: winix true hepa captures 99.99%* of airborne allergens including pollen, dust, smoke, pet dander, and other ultrafine particles as small as 0.003 microns *based on independent laboratory tests conducted on inanimate particles as small as 0.003 microns in size. plasmawave® air cleaning technology: may help to reduce the presence of airborne impurities air quality indicator: visual indicator displays real-time air quality in the room with led lights 2 year filter supply: includes 2 true hepa replacement filters and 8 activated carbon filters dual smart sensors + auto mode: built-in air quality sensor measures and adjusts fan speed in real-time ultra-quiet: nearly silent on slowest speed (25 db) light automated sleep mode: unit automatically activates its quiet, energy-efficient sleep mode when room is darkened and returns to auto mode in the presence of light tested and trusted: this unit is proven dependable and efficient by being aham verified, energy star certified, and ul certified energy efficient: energy star certified for low energy consumption, resulting in reduced operating costs filter replacement indicator: when the filters need to be replaced, the filter replacement indicator led will illuminate dimensions & more info: material: abs and eps plastic voltage: 120 hertz: 60 watts: 95 (sleep 7w, low 10w, medium 19w, high 28w, turbo 90) decibels: (low/med/high/turbo) sleep 25, low 30, medium 38, high 41, turbo 52 16.5” l x 11.4” w x 23.2” h; weight: 17.2 lbs made in thailand warranty: 2 years manufacturers’ warranty for product related questions please contact winix america at 1-877-699-4649, or 1-847-551-9900","Winix C909 4-Stage Air Purifier with Wi-Fi & PlasmaWave Technology Featuring a 4-stage air purification system, this unit removes 99.99% of airborne particles as small as 0.003 microns in size. Winix’s PlasmaWave® Technology may help to reduce the presence of airborne pollutants and contaminants. The unit’s built-in Smart Sensors detect and monitor the quality of air in your environment and provides a visual representation of your current air quality. When in Auto Mode, the unit automatically adjusts fan speeds to ensure efficient and cost-effective cleaning. Sleep mode is automatically activated when the room is darkened, providing quiet, energy-efficient operation. The WiFi feature allows you to connect your air purifier to the Winix Smart App and monitor the air quality in your home, control your air purifier, and track filter life. Accessories Included: Two Genuine Winix True HEPA Filter sets included for up to 24 months normal usage Product Features: AHAM Verifide® at 500 sq ft.: Also cleans rooms up to 2,420 sq ft in 1 hour (1,210 sq ft in 30 minutes, 807 sq ft in 20 minutes, 605 sq ft in 15 minutes) The Smarter Air Purifier: Control and monitor your unit anytime from anywhere by instantly accessing your unit with the Winix Smart App through the convenient WiFi feature Washable Fine Mesh Pre-Filter: The first line of defense against the largest airborne particles found indoors Activated Carbon Filter: Reduces VOCs and household odors from cooking, pets, and smoke. It is designed to catch airborne particles found indoors, which also helps prolong the True HEPA Filter life True HEPA Filter: Winix True HEPA captures 99.99%* of airborne allergens including pollen, dust, smoke, pet dander, and other ultrafine particles as small as 0.003 microns *Based on independent laboratory tests conducted on inanimate particles as small as 0.003 microns in size. PlasmaWave® Air Cleaning Technology: May help to reduce the presence of airborne impurities Air Quality Indicator: Visual indicator displays real-time air quality in the room with LED lights 2 Year Filter Supply: Includes 2 True HEPA replacement filters and 8 Activated Carbon Filters Dual Smart Sensors + Auto Mode: Built-in air quality sensor measures and adjusts fan speed in real-time Ultra-Quiet: Nearly silent on slowest speed (25 dB) Light Automated Sleep Mode: Unit automatically activates its quiet, energy-efficient Sleep Mode when room is darkened and returns to Auto Mode in the presence of light Tested and Trusted: This unit is proven dependable and efficient by being AHAM Verified, Energy Star Certified, and UL Certified Energy Efficient: Energy Star Certified for low energy consumption, resulting in reduced operating costs Filter Replacement Indicator: When the filters need to be replaced, the Filter Replacement Indicator LED will illuminate Dimensions & More Info: Material: ABS and EPS plastic Voltage: 120 Hertz: 60 Watts: 95 (sleep 7W, low 10W, medium 19W, high 28W, turbo 90) Decibels: (Low/Med/High/Turbo) Sleep 25, Low 30, Medium 38, High 41, Turbo 52 16.5” L x 11.4” W x 23.2” H; Weight: 17.2 lbs Made in Thailand Warranty: 2 Years Manufacturers’ Warranty For product related questions please contact Winix America at 1-877-699-4649, or 1-847-551-9900"
MRCOOL E Star DIY 4th Gen 18k BTU Ductless Mini-Split Heat Pump Complete System 208-230V/60Hz,1899.99,costco.com,https://www.costco.com/cooling-air-treatment-heating.html,2025-01-18 22:31:01,cooling-air-treatment-heating,,https://www.costco.com/mrcool-e-star-diy-4th-gen-18k-btu-ductless-mini-split-heat-pump-complete-system-208-230v60hz.product.4000043443.html,"The MRCOOL 4th Generation DIY 18K BTU, 22 SEER Ductless Heat Pump system offers a complete solution to your home’s heating and cooling needs. This system can heat & cool an area up to 750 sq. ft and is capable of an Energy Star certified, 22 SEER efficiency rating. However, the best feature of this system is the ease of installation it provides to the homeowner. With the included pre-charged 25 ft. line set, some hand tools, and a few hours of time this entire system can be completely installed. This system comes equipped with many functions that separate it from the rest. It has multiple operating modes, which include AUTO, HEAT, COOL, FAN-ONLY, DRY (dehumidification) and SLEEP. It also features the Follow Me function, which allows the system to continually adjust the room temperature based on where the hand-held remote controller is. Need to operate the system when you’re not at home? No problem. The MRCOOL system also has the capability of being operated with your smartphone with the use of the Smart HVAC app. MRCOOL stands behind the quality and workmanship of this system by being the only manufacturer to offer a limited lifetime compressor warranty. Package includes: DIY 18k Condenser and DIY 18K Air Handler with install kit Dimensions: Weight: 94.36 lbs condenser / 34.61 lbs  Air Handler Length: 13.46 in condenser/ 8.90 in  in Air handler Width: 35.04 in  in condenser/ 42.52 in  air handler Height: 26.50 in  condenser/ 13.19 in  air handler",mrcool e star diy 4th gen 18k btu ductless mini-split heat pump complete system 208-230v/60hz,"the mrcool 4th generation diy 18k btu, 22 seer ductless heat pump system offers a complete solution to your home’s heating and cooling needs. this system can heat & cool an area up to 750 sq. ft and is capable of an energy star certified, 22 seer efficiency rating. however, the best feature of this system is the ease of installation it provides to the homeowner. with the included pre-charged 25 ft. line set, some hand tools, and a few hours of time this entire system can be completely installed. this system comes equipped with many functions that separate it from the rest. it has multiple operating modes, which include auto, heat, cool, fan-only, dry (dehumidification) and sleep. it also features the follow me function, which allows the system to continually adjust the room temperature based on where the hand-held remote controller is. need to operate the system when you’re not at home? no problem. the mrcool system also has the capability of being operated with your smartphone with the use of the smart hvac app. mrcool stands behind the quality and workmanship of this system by being the only manufacturer to offer a limited lifetime compressor warranty. package includes: diy 18k condenser and diy 18k air handler with install kit dimensions: weight: 94.36 lbs condenser / 34.61 lbs  air handler length: 13.46 in condenser/ 8.90 in  in air handler width: 35.04 in  in condenser/ 42.52 in  air handler height: 26.50 in  condenser/ 13.19 in  air handler","MRCOOL E Star DIY 4th Gen 18k BTU Ductless Mini-Split Heat Pump Complete System 208-230V/60Hz The MRCOOL 4th Generation DIY 18K BTU, 22 SEER Ductless Heat Pump system offers a complete solution to your home’s heating and cooling needs. This system can heat & cool an area up to 750 sq. ft and is capable of an Energy Star certified, 22 SEER efficiency rating. However, the best feature of this system is the ease of installation it provides to the homeowner. With the included pre-charged 25 ft. line set, some hand tools, and a few hours of time this entire system can be completely installed. This system comes equipped with many functions that separate it from the rest. It has multiple operating modes, which include AUTO, HEAT, COOL, FAN-ONLY, DRY (dehumidification) and SLEEP. It also features the Follow Me function, which allows the system to continually adjust the room temperature based on where the hand-held remote controller is. Need to operate the system when you’re not at home? No problem. The MRCOOL system also has the capability of being operated with your smartphone with the use of the Smart HVAC app. MRCOOL stands behind the quality and workmanship of this system by being the only manufacturer to offer a limited lifetime compressor warranty. Package includes: DIY 18k Condenser and DIY 18K Air Handler with install kit Dimensions: Weight: 94.36 lbs condenser / 34.61 lbs  Air Handler Length: 13.46 in condenser/ 8.90 in  in Air handler Width: 35.04 in  in condenser/ 42.52 in  air handler Height: 26.50 in  condenser/ 13.19 in  air handler"
MRCOOL E Star DIY 4th Gen 24k BTU Ductless Mini-Split Heat Pump Complete System 208-230V/60Hz,2299.99,costco.com,https://www.costco.com/cooling-air-treatment-heating.html,2025-01-18 22:31:01,cooling-air-treatment-heating,,https://www.costco.com/mrcool-e-star-diy-4th-gen-24k-btu-ductless-mini-split-heat-pump-complete-system-208-230v60hz.product.4000040670.html,"The MRCOOL 4th Generation DIY 24K BTU, 20.5 SEER Ductless Heat Pump is an all in one system that seamlessly combines efficiency, durability, and simplicity. This system can offer a 20.5 SEER efficiency rating that has allowed it to achieve an Energy Star certification that can heat & cool an area up to 1,000 sq. ft. It also features durable construction with a corrosion-resistant Gold Fin condenser. All of this is contained within a Do-It-Yourself system that can be installed by a homeowner in a few hours using simple tools. This simplicity is achieved with the use of the patented MRCOOL Pre-Charged Quick-Connect Line Set included with the system. Not only is this system capable of delivering exceptional performance, it is also equipped with up to six operating modes, which include AUTO, HEAT, COOL, FAN-ONLY, DRY (dehumidification), and SLEEP. The system’s Follow Me Feature allows the system to adjust the room temperature based on wherever you’re standing with the hand-held remote control. This system also has the ability to be controlled with a smartphone by way of the Smart HVAC app. Backed by a limited lifetime compressor warranty, this system is sure to meet your comfort needs and peace of mind. > Package includes: DIY 24k Condenser and DIY 24K Air Handler with install kit > Dimensions: Weight:125.22 lbs condenser /35.27 lbs Air Handler Length: 16.14 in condenser/ 8.90 in Air Handler Width: 37.24 in condenser/ 42.52 in Air Handler Height: 31.89 in condenser/ 13.19 in Air Handler",mrcool e star diy 4th gen 24k btu ductless mini-split heat pump complete system 208-230v/60hz,"the mrcool 4th generation diy 24k btu, 20.5 seer ductless heat pump is an all in one system that seamlessly combines efficiency, durability, and simplicity. this system can offer a 20.5 seer efficiency rating that has allowed it to achieve an energy star certification that can heat & cool an area up to 1,000 sq. ft. it also features durable construction with a corrosion-resistant gold fin condenser. all of this is contained within a do-it-yourself system that can be installed by a homeowner in a few hours using simple tools. this simplicity is achieved with the use of the patented mrcool pre-charged quick-connect line set included with the system. not only is this system capable of delivering exceptional performance, it is also equipped with up to six operating modes, which include auto, heat, cool, fan-only, dry (dehumidification), and sleep. the system’s follow me feature allows the system to adjust the room temperature based on wherever you’re standing with the hand-held remote control. this system also has the ability to be controlled with a smartphone by way of the smart hvac app. backed by a limited lifetime compressor warranty, this system is sure to meet your comfort needs and peace of mind. > package includes: diy 24k condenser and diy 24k air handler with install kit > dimensions: weight:125.22 lbs condenser /35.27 lbs air handler length: 16.14 in condenser/ 8.90 in air handler width: 37.24 in condenser/ 42.52 in air handler height: 31.89 in condenser/ 13.19 in air handler","MRCOOL E Star DIY 4th Gen 24k BTU Ductless Mini-Split Heat Pump Complete System 208-230V/60Hz The MRCOOL 4th Generation DIY 24K BTU, 20.5 SEER Ductless Heat Pump is an all in one system that seamlessly combines efficiency, durability, and simplicity. This system can offer a 20.5 SEER efficiency rating that has allowed it to achieve an Energy Star certification that can heat & cool an area up to 1,000 sq. ft. It also features durable construction with a corrosion-resistant Gold Fin condenser. All of this is contained within a Do-It-Yourself system that can be installed by a homeowner in a few hours using simple tools. This simplicity is achieved with the use of the patented MRCOOL Pre-Charged Quick-Connect Line Set included with the system. Not only is this system capable of delivering exceptional performance, it is also equipped with up to six operating modes, which include AUTO, HEAT, COOL, FAN-ONLY, DRY (dehumidification), and SLEEP. The system’s Follow Me Feature allows the system to adjust the room temperature based on wherever you’re standing with the hand-held remote control. This system also has the ability to be controlled with a smartphone by way of the Smart HVAC app. Backed by a limited lifetime compressor warranty, this system is sure to meet your comfort needs and peace of mind. > Package includes: DIY 24k Condenser and DIY 24K Air Handler with install kit > Dimensions: Weight:125.22 lbs condenser /35.27 lbs Air Handler Length: 16.14 in condenser/ 8.90 in Air Handler Width: 37.24 in condenser/ 42.52 in Air Handler Height: 31.89 in condenser/ 13.19 in Air Handler"
MRCOOL DIY 4th Gen Multi-Zone Condenser,2799.99,costco.com,https://www.costco.com/cooling-air-treatment-heating.html,2025-01-18 22:31:01,cooling-air-treatment-heating,,https://www.costco.com/mrcool-diy-4th-gen-multi-zone-condenser.product.4000059387.html,"Introducing the latest in DIY home comfort technology, with the 4th Generation MRCOOL DIY Multizone 21k BTU, 22 SEER Ductless Heat Pump System. This powerful multi-zone system has the capability of heating and cooling an area up to 875 sq. ft. It comes complete with a 27K condenser, 12K air handler, 9k air handler and two 25 ft. line sets pre-charged with R-410A refrigerant. The line sets also have quick connectors which require no special tools, equipment, or training to install. The MRCOOL DIY system also includes many features that make it stand out among its competitors. The first of which is its ability to achieve an outstanding 22 SEER efficiency rating allowing it to be Energy Star certified. This system has many operating modes to select from to suit the needs of the user, including HEAT, COOL, DRY, and SLEEP. It also has the Follow Me function that adjusts the temperature of the room based on the temperature being read by the hand-held remote control. The DIY features the convenience of being able to operate its modes and functions with your smartphone by using the Smart HVAC app. The MRCOOL mini split is the only system on the market to offer a limited lifetime compressor warranty. Package Includes: DIY-MULTI3-27K Condenser, DIY-09 Air Handler,  DIY-12 Air Handler,  DIY Line Sets Dimensions: DIY Multi 3 Condenser:  37.24"" x 16.14"" x 31.89""; 139.99 lb DIY-09 Air Handler: 31.57"" x 7.44"" x 11.69""; 23.8 lb DIY-12 Air Handler:  31.57"" x 7.44"" x 11.69""; 23.6 lb",mrcool diy 4th gen multi-zone condenser,"introducing the latest in diy home comfort technology, with the 4th generation mrcool diy multizone 21k btu, 22 seer ductless heat pump system. this powerful multi-zone system has the capability of heating and cooling an area up to 875 sq. ft. it comes complete with a 27k condenser, 12k air handler, 9k air handler and two 25 ft. line sets pre-charged with r-410a refrigerant. the line sets also have quick connectors which require no special tools, equipment, or training to install. the mrcool diy system also includes many features that make it stand out among its competitors. the first of which is its ability to achieve an outstanding 22 seer efficiency rating allowing it to be energy star certified. this system has many operating modes to select from to suit the needs of the user, including heat, cool, dry, and sleep. it also has the follow me function that adjusts the temperature of the room based on the temperature being read by the hand-held remote control. the diy features the convenience of being able to operate its modes and functions with your smartphone by using the smart hvac app. the mrcool mini split is the only system on the market to offer a limited lifetime compressor warranty. package includes: diy-multi3-27k condenser, diy-09 air handler,  diy-12 air handler,  diy line sets dimensions: diy multi 3 condenser:  37.24"" x 16.14"" x 31.89""; 139.99 lb diy-09 air handler: 31.57"" x 7.44"" x 11.69""; 23.8 lb diy-12 air handler:  31.57"" x 7.44"" x 11.69""; 23.6 lb","MRCOOL DIY 4th Gen Multi-Zone Condenser Introducing the latest in DIY home comfort technology, with the 4th Generation MRCOOL DIY Multizone 21k BTU, 22 SEER Ductless Heat Pump System. This powerful multi-zone system has the capability of heating and cooling an area up to 875 sq. ft. It comes complete with a 27K condenser, 12K air handler, 9k air handler and two 25 ft. line sets pre-charged with R-410A refrigerant. The line sets also have quick connectors which require no special tools, equipment, or training to install. The MRCOOL DIY system also includes many features that make it stand out among its competitors. The first of which is its ability to achieve an outstanding 22 SEER efficiency rating allowing it to be Energy Star certified. This system has many operating modes to select from to suit the needs of the user, including HEAT, COOL, DRY, and SLEEP. It also has the Follow Me function that adjusts the temperature of the room based on the temperature being read by the hand-held remote control. The DIY features the convenience of being able to operate its modes and functions with your smartphone by using the Smart HVAC app. The MRCOOL mini split is the only system on the market to offer a limited lifetime compressor warranty. Package Includes: DIY-MULTI3-27K Condenser, DIY-09 Air Handler,  DIY-12 Air Handler,  DIY Line Sets Dimensions: DIY Multi 3 Condenser:  37.24"" x 16.14"" x 31.89""; 139.99 lb DIY-09 Air Handler: 31.57"" x 7.44"" x 11.69""; 23.8 lb DIY-12 Air Handler:  31.57"" x 7.44"" x 11.69""; 23.6 lb"
"Midea U 12,000 BTU Smart Inverter Window AC with MShield, Energy Star",379.99,costco.com,https://www.costco.com/cooling-air-treatment-heating.html,2025-01-18 22:31:01,cooling-air-treatment-heating,,https://www.costco.com/midea-u-12%2c000-btu-smart-inverter-window-ac-with-mshield%2c-energy-star.product.4000234455.html,WARNING: Cancer and Reproductive Harm. For more information go to: www.P65Warnings.ca.gov .,"midea u 12,000 btu smart inverter window ac with mshield, energy star",warning: cancer and reproductive harm. for more information go to: www.p65warnings.ca.gov .,"Midea U 12,000 BTU Smart Inverter Window AC with MShield, Energy Star WARNING: Cancer and Reproductive Harm. For more information go to: www.P65Warnings.ca.gov ."
Midea Smart 50-Pint Dehumidifier with Built-in Pump,179.99,costco.com,https://www.costco.com/cooling-air-treatment-heating.html,2025-01-18 22:31:01,cooling-air-treatment-heating,,https://www.costco.com/midea-smart-50-pint-dehumidifier-with-built-in-pump.product.4000234426.html,WARNING: Cancer and Reproductive Harm. For more information go to: www.P65Warnings.ca.gov .,midea smart 50-pint dehumidifier with built-in pump,warning: cancer and reproductive harm. for more information go to: www.p65warnings.ca.gov .,Midea Smart 50-Pint Dehumidifier with Built-in Pump WARNING: Cancer and Reproductive Harm. For more information go to: www.P65Warnings.ca.gov .
"3M 2500 Series Filtrete 1"" Filter, 4-pack",49.99,costco.com,https://www.costco.com/cooling-air-treatment-heating.html,2025-01-18 22:31:01,cooling-air-treatment-heating,,https://www.costco.com/3m-2500-series-filtrete-1%22-filter%2c-4-pack.product.4000181409.html,"The Filtrete Premium Allergen & Ultrafine Particles Filter is our best performing filter ever. It attracts and captures microscopic particles like nano-particles and bacteria and particles that can carry viruses and large particles like mold spores and pollen. Your home should be your sanctuary, starting with the air you breathe. Filtrete Premium Allergen & Ultrafine Particles Air Filters help capture unwanted particles from your household air, contributing to a cleaner, fresher home environment. By proactively capturing dust, bacteria, viruses and allergens, these high performance filters help improve your home’s air quality. Features: 1. The higher the MPR, the more microparticles--such as pollen, pet dander, smoke, bacteria and viruses--your filter will capture from the air passing through it 2. FOR OPTIMAL PERFORMANCE of your heating & cooling system or HVAC system, change your home air filter at least every 90 days for 1 in. filters 3 .A dirty filter will slow down air flow and make the system work harder to keep you warm or cool--wasting energy. Sign-up for a filter change reminder program (www.filtrete.com/ChangeReminders) that works for you! 4. OUTPERFORMS FIBERGLASS AND NON-ELECTROSTATIC 3-month pleated 1 inch home air filters for your furnace, air conditioner or HVAC system 5. DESIGNED WITH EXCLUSIVE Filtrete Brand 3-in-1 technology from 3M to trap unwanted air particles while letting cleaner air flow through 6. ATTRACTS AND CAPTURES microscopic particles such as smoke, cough and sneeze debris, bacteria and viruses--and large particles, including lint, household dust and pollen 7. 77% SMALL PARTICLE CAPTURE, like bacteria and particles that carry viruses  ( % captured is based on ASHRAE 52.2 testing for 0.3 to 1 micron particles from the air passing through the filter, which relates to HVAC industry standard efficiency testing) 8. MPR 2500 has a rating of MERV 14 Includes: 4 Filters /Pack Customer Service:  1-888-3M-HELPS","3m 2500 series filtrete 1"" filter, 4-pack","the filtrete premium allergen & ultrafine particles filter is our best performing filter ever. it attracts and captures microscopic particles like nano-particles and bacteria and particles that can carry viruses and large particles like mold spores and pollen. your home should be your sanctuary, starting with the air you breathe. filtrete premium allergen & ultrafine particles air filters help capture unwanted particles from your household air, contributing to a cleaner, fresher home environment. by proactively capturing dust, bacteria, viruses and allergens, these high performance filters help improve your home’s air quality. features: 1. the higher the mpr, the more microparticles--such as pollen, pet dander, smoke, bacteria and viruses--your filter will capture from the air passing through it 2. for optimal performance of your heating & cooling system or hvac system, change your home air filter at least every 90 days for 1 in. filters 3 .a dirty filter will slow down air flow and make the system work harder to keep you warm or cool--wasting energy. sign-up for a filter change reminder program (www.filtrete.com/changereminders) that works for you! 4. outperforms fiberglass and non-electrostatic 3-month pleated 1 inch home air filters for your furnace, air conditioner or hvac system 5. designed with exclusive filtrete brand 3-in-1 technology from 3m to trap unwanted air particles while letting cleaner air flow through 6. attracts and captures microscopic particles such as smoke, cough and sneeze debris, bacteria and viruses--and large particles, including lint, household dust and pollen 7. 77% small particle capture, like bacteria and particles that carry viruses  ( % captured is based on ashrae 52.2 testing for 0.3 to 1 micron particles from the air passing through the filter, which relates to hvac industry standard efficiency testing) 8. mpr 2500 has a rating of merv 14 includes: 4 filters /pack customer service:  1-888-3m-helps","3M 2500 Series Filtrete 1"" Filter, 4-pack The Filtrete Premium Allergen & Ultrafine Particles Filter is our best performing filter ever. It attracts and captures microscopic particles like nano-particles and bacteria and particles that can carry viruses and large particles like mold spores and pollen. Your home should be your sanctuary, starting with the air you breathe. Filtrete Premium Allergen & Ultrafine Particles Air Filters help capture unwanted particles from your household air, contributing to a cleaner, fresher home environment. By proactively capturing dust, bacteria, viruses and allergens, these high performance filters help improve your home’s air quality. Features: 1. The higher the MPR, the more microparticles--such as pollen, pet dander, smoke, bacteria and viruses--your filter will capture from the air passing through it 2. FOR OPTIMAL PERFORMANCE of your heating & cooling system or HVAC system, change your home air filter at least every 90 days for 1 in. filters 3 .A dirty filter will slow down air flow and make the system work harder to keep you warm or cool--wasting energy. Sign-up for a filter change reminder program (www.filtrete.com/ChangeReminders) that works for you! 4. OUTPERFORMS FIBERGLASS AND NON-ELECTROSTATIC 3-month pleated 1 inch home air filters for your furnace, air conditioner or HVAC system 5. DESIGNED WITH EXCLUSIVE Filtrete Brand 3-in-1 technology from 3M to trap unwanted air particles while letting cleaner air flow through 6. ATTRACTS AND CAPTURES microscopic particles such as smoke, cough and sneeze debris, bacteria and viruses--and large particles, including lint, household dust and pollen 7. 77% SMALL PARTICLE CAPTURE, like bacteria and particles that carry viruses  ( % captured is based on ASHRAE 52.2 testing for 0.3 to 1 micron particles from the air passing through the filter, which relates to HVAC industry standard efficiency testing) 8. MPR 2500 has a rating of MERV 14 Includes: 4 Filters /Pack Customer Service:  1-888-3M-HELPS"
"Kirkland Signature 2200 High Performance Furnace Filters, 4-pack",39.99,costco.com,https://www.costco.com/cooling-air-treatment-heating.html,2025-01-18 22:31:01,cooling-air-treatment-heating,,https://www.costco.com/kirkland-signature-2200-high-performance-furnace-filters%2c-4-pack.product.4000037753.html,"Kirkland Signature Air Filters are the perfect tool for your home HVAC systems.  They lower energy consumption, protect the HVAC equipment better due to a lower in-use pressure drop, and hold more dust and particulates, lasting 90 days compared to the competitive air filtration products. Features: Electrostatically Charged Fibers Attract and Capture Microscopic Airborne Particles 90 Day Air Flow Performance Dual Airflow Technology.  Insert Filter in Either Direction Captures: Smoke / Pet Dander / Lint / Dust Mite Debris / Pollen / Smog / Particles that can Carry Viruses Household Dust / Airborne Bacteria / Mold Spores / Particles that Carry Odors Captures and Holds 30% More Dust and Particulates than other Elite Allergen Filters in the Market Includes: 4 Air Filters","kirkland signature 2200 high performance furnace filters, 4-pack","kirkland signature air filters are the perfect tool for your home hvac systems.  they lower energy consumption, protect the hvac equipment better due to a lower in-use pressure drop, and hold more dust and particulates, lasting 90 days compared to the competitive air filtration products. features: electrostatically charged fibers attract and capture microscopic airborne particles 90 day air flow performance dual airflow technology.  insert filter in either direction captures: smoke / pet dander / lint / dust mite debris / pollen / smog / particles that can carry viruses household dust / airborne bacteria / mold spores / particles that carry odors captures and holds 30% more dust and particulates than other elite allergen filters in the market includes: 4 air filters","Kirkland Signature 2200 High Performance Furnace Filters, 4-pack Kirkland Signature Air Filters are the perfect tool for your home HVAC systems.  They lower energy consumption, protect the HVAC equipment better due to a lower in-use pressure drop, and hold more dust and particulates, lasting 90 days compared to the competitive air filtration products. Features: Electrostatically Charged Fibers Attract and Capture Microscopic Airborne Particles 90 Day Air Flow Performance Dual Airflow Technology.  Insert Filter in Either Direction Captures: Smoke / Pet Dander / Lint / Dust Mite Debris / Pollen / Smog / Particles that can Carry Viruses Household Dust / Airborne Bacteria / Mold Spores / Particles that Carry Odors Captures and Holds 30% More Dust and Particulates than other Elite Allergen Filters in the Market Includes: 4 Air Filters"
Levoit Smart Hybrid Ultrasonic Warm/Cool Mist 1.58G Humidifier,59.99,costco.com,https://www.costco.com/cooling-air-treatment-heating.html,2025-01-18 22:31:01,cooling-air-treatment-heating,,https://www.costco.com/levoit-smart-hybrid-ultrasonic-warmcool-mist-1.58g-humidifier.product.4000206868.html,"Create the perfect atmosphere with the Smart Hybrid Ultrasonic Humidifier, which helps ease congestion with Sleep Mode and aromatherapy. Choose between cool and warm mist and between 3 mist levels to suit the room size for a versatile humidifying experience. For hands-free control, connect to a third-party voice assistant. Accessories Included: 3 aroma pads (1 pre-installed) 3 absorption pads (1 pre-installed) 2 water filter sponges (1 pre-installed) remote control Product Features: Smart control True H13 HEPA Filter Aromatherapy Warm and cool mist 1.58 gallon design Quiet sleep mode 50-hour runtime Dimensions & More Info : 11.6""W x 7.7""L x 11.3""H 6 lbs Made in China Warranty: 2 years limited warranty Please contact us Mon–Fri, 9:00 am–5:00 pm PST/PDT at support@levoit.com or at (888) 726-8520. https://levoit.com/warranty-policy-levoit",levoit smart hybrid ultrasonic warm/cool mist 1.58g humidifier,"create the perfect atmosphere with the smart hybrid ultrasonic humidifier, which helps ease congestion with sleep mode and aromatherapy. choose between cool and warm mist and between 3 mist levels to suit the room size for a versatile humidifying experience. for hands-free control, connect to a third-party voice assistant. accessories included: 3 aroma pads (1 pre-installed) 3 absorption pads (1 pre-installed) 2 water filter sponges (1 pre-installed) remote control product features: smart control true h13 hepa filter aromatherapy warm and cool mist 1.58 gallon design quiet sleep mode 50-hour runtime dimensions & more info : 11.6""w x 7.7""l x 11.3""h 6 lbs made in china warranty: 2 years limited warranty please contact us mon–fri, 9:00 am–5:00 pm pst/pdt at support@levoit.com or at (888) 726-8520. https://levoit.com/warranty-policy-levoit","Levoit Smart Hybrid Ultrasonic Warm/Cool Mist 1.58G Humidifier Create the perfect atmosphere with the Smart Hybrid Ultrasonic Humidifier, which helps ease congestion with Sleep Mode and aromatherapy. Choose between cool and warm mist and between 3 mist levels to suit the room size for a versatile humidifying experience. For hands-free control, connect to a third-party voice assistant. Accessories Included: 3 aroma pads (1 pre-installed) 3 absorption pads (1 pre-installed) 2 water filter sponges (1 pre-installed) remote control Product Features: Smart control True H13 HEPA Filter Aromatherapy Warm and cool mist 1.58 gallon design Quiet sleep mode 50-hour runtime Dimensions & More Info : 11.6""W x 7.7""L x 11.3""H 6 lbs Made in China Warranty: 2 years limited warranty Please contact us Mon–Fri, 9:00 am–5:00 pm PST/PDT at support@levoit.com or at (888) 726-8520. https://levoit.com/warranty-policy-levoit"
"Shark NeverChange Air Purifier MAX with Remote, Two Odor Neutralization Cartridges, & Pet Pro Filter",279.99,costco.com,https://www.costco.com/cooling-air-treatment-heating.html,2025-01-18 22:31:01,cooling-air-treatment-heating,,https://www.costco.com/shark-neverchange-air-purifier-max-with-remote%2c-two-odor-neutralization-cartridges%2c-%2526-pet-pro-filter.product.4000269864.html,WARNING: Cancer and Reproductive Harm. For more information go to: www.P65Warnings.ca.gov .,"shark neverchange air purifier max with remote, two odor neutralization cartridges, & pet pro filter",warning: cancer and reproductive harm. for more information go to: www.p65warnings.ca.gov .,"Shark NeverChange Air Purifier MAX with Remote, Two Odor Neutralization Cartridges, & Pet Pro Filter WARNING: Cancer and Reproductive Harm. For more information go to: www.P65Warnings.ca.gov ."
Levoit Plasma Pro Core 300S Smart Air Purifier with Extra Filter Bundle,99.99,costco.com,https://www.costco.com/cooling-air-treatment-heating.html,2025-01-18 22:31:01,cooling-air-treatment-heating,,https://www.costco.com/levoit-plasma-pro-core-300s-smart-air-purifier-with-extra-filter-bundle.product.4000322102.html,WARNING: Cancer and Reproductive Harm. For more information go to: www.P65Warnings.ca.gov .,levoit plasma pro core 300s smart air purifier with extra filter bundle,warning: cancer and reproductive harm. for more information go to: www.p65warnings.ca.gov .,Levoit Plasma Pro Core 300S Smart Air Purifier with Extra Filter Bundle WARNING: Cancer and Reproductive Harm. For more information go to: www.P65Warnings.ca.gov .
"3M Ultra Allergen uction Deep Pleat 4"" Filter, 2-pack",29.99,costco.com,https://www.costco.com/cooling-air-treatment-heating.html,2025-01-18 22:31:01,cooling-air-treatment-heating,,https://www.costco.com/3m-ultra-allergen-reduction-deep-pleat-4%22-filter%2c-2-pack.product.100459711.html,"Limit 5 per member Keeping your home clean and healthy is your mission and Filtrete Healthy Living filters can be your perfect partner. Featuring high performing electrostatic technology, Filtrete Healthy Living filters proactively capture dust, bacteria, germs, viruses and allergens in your air. For optimum performance, change your filter every 6 to 12 months. 16 x 25 x 4 Product Dimensions 15.9 x 24.6 x 4.3 inches Weight 2.32 pounds Includes – 2 Filters 20 x 25 x 4 Product Dimensions 19.9 x 24.6 x 4.3 inches Weight 2.25 pounds Includes – 2 Filters 20 x 20 x 4 Product Dimensions 19.9 x 19.9 x 4.3 inches Weight 2.25 pounds Includes – 2 Filters 16 x 20 x 4 Product Dimensions 15.9 x 19.9 x 4.3 inches Weight 2.25 pounds Includes – 2 Filters","3m ultra allergen uction deep pleat 4"" filter, 2-pack","limit 5 per member keeping your home clean and healthy is your mission and filtrete healthy living filters can be your perfect partner. featuring high performing electrostatic technology, filtrete healthy living filters proactively capture dust, bacteria, germs, viruses and allergens in your air. for optimum performance, change your filter every 6 to 12 months. 16 x 25 x 4 product dimensions 15.9 x 24.6 x 4.3 inches weight 2.32 pounds includes – 2 filters 20 x 25 x 4 product dimensions 19.9 x 24.6 x 4.3 inches weight 2.25 pounds includes – 2 filters 20 x 20 x 4 product dimensions 19.9 x 19.9 x 4.3 inches weight 2.25 pounds includes – 2 filters 16 x 20 x 4 product dimensions 15.9 x 19.9 x 4.3 inches weight 2.25 pounds includes – 2 filters","3M Ultra Allergen uction Deep Pleat 4"" Filter, 2-pack Limit 5 per member Keeping your home clean and healthy is your mission and Filtrete Healthy Living filters can be your perfect partner. Featuring high performing electrostatic technology, Filtrete Healthy Living filters proactively capture dust, bacteria, germs, viruses and allergens in your air. For optimum performance, change your filter every 6 to 12 months. 16 x 25 x 4 Product Dimensions 15.9 x 24.6 x 4.3 inches Weight 2.32 pounds Includes – 2 Filters 20 x 25 x 4 Product Dimensions 19.9 x 24.6 x 4.3 inches Weight 2.25 pounds Includes – 2 Filters 20 x 20 x 4 Product Dimensions 19.9 x 19.9 x 4.3 inches Weight 2.25 pounds Includes – 2 Filters 16 x 20 x 4 Product Dimensions 15.9 x 19.9 x 4.3 inches Weight 2.25 pounds Includes – 2 Filters"
Dyson Purifier Hot+Cool Purifying Heating Fan HP7C,599.99,costco.com,https://www.costco.com/cooling-air-treatment-heating.html,2025-01-18 22:31:01,cooling-air-treatment-heating,,https://www.costco.com/dyson-purifier-hot%2bcool-purifying-heating-fan-hp7c.product.4000307952.html,"The Dyson Purifier Hot+Cool™ HP7C with Additional Filter combines intelligent sensing with an advanced filtration system. The HEPA filter⁴ removes gases and odors and captures 99.97% of particles 0.3 microns⁶ in size. Air Multiplier™ technology purifies and heats the whole room.¹ Accessories Included: Remote Control Additional Filter Product Features: MULTI-FUNCTIONALITY: Space Heater, HEPA Air Purifier, and Fan to help disperse the purified air throughout an area. In one, Backward airflow mode purifies without cooling or heating you. Reports pollution in real time on LCD screen; control with MyDysonTM app. SENSES: Automatically detects airborne particles, gases and odors, then diagnoses and reports them in real time. CAPTURES: HEPA filtration system captures allergens, pollutants, gases and smoke. Fully sealed to HEPA H13 standard. So what goes inside, stays inside. PROJECTS: Projects purified air throughout the room. Air Multiplier™ technology generates the circulation power to draw distant pollutants into the machine, projecting purified air throughout the whole room.⁵ HEATS: The Dyson Purifier Hot + Cool purifies, heats the whole room, and cools you. Heats with thermostatic control - monitoring the temperature in the room and adjusting in the winter to bring heat the room to the right temperature NIGHT-TIME MODE: In Night mode, the machine monitors and purifies using the quietest settings, with a dimmed display. Program your machine to turn off after pre-set intervals between 30 minutes and 8 hours. LOW MAINTENANCE FILTERS: Safe and easy to clean with low maintenance, easy-to-replace filters. The filter life is estimated 1 year if used 12 hours a day on Auto mode. SPEED SETTINGS: 1-10 Caveat 1: ¹Tested In maximum setting for air projection, tested in Auto mode for purification coverage, tested for room heating per relevant Dyson method DTM961. Caveat 3: ³Requires device to run app, Wi-Fi or mobile data, Bluetooth 4.0 support, and iOS version 10 or Android version 5 (or above). Standard data and messaging rates may apply. Refer to the MyDyson™ app for compatible voice services. Caveat 4: ⁴Particle challenge by DEHS oil specified in EN1822 within a chamber specified in ASTM F3150. Caveat 5: ⁵In Maximum setting. Tested for air projection and purification coverage in a 2860ft3 room, and heating performance in a 1236ft3 room. Caveat 6: ⁶Tested per ISO 29463 Dimensions & More Info: Box dimensions: 11"" L x 11"" W x 41"" H Product dimensions: 5.12"" W & L x 30"" H 12 lbs (unboxed) 19.9 lbs (boxed) Made in Malaysia Warranty: Parts/Labor: 2 years. The Dyson Warranty - All Dyson machines come with a hassle-free warranty. This includes the repair or replacement and ongoing support of your machine. For product related questions please contact Dyson at 844-705-4777 Our helpline hours: 8:00am - 8:00pm CST Monday to Friday 9:00am - 6:00pm CST Saturday",dyson purifier hot+cool purifying heating fan hp7c,"the dyson purifier hot+cool™ hp7c with additional filter combines intelligent sensing with an advanced filtration system. the hepa filter⁴ removes gases and odors and captures 99.97% of particles 0.3 microns⁶ in size. air multiplier™ technology purifies and heats the whole room.¹ accessories included: remote control additional filter product features: multi-functionality: space heater, hepa air purifier, and fan to help disperse the purified air throughout an area. in one, backward airflow mode purifies without cooling or heating you. reports pollution in real time on lcd screen; control with mydysontm app. senses: automatically detects airborne particles, gases and odors, then diagnoses and reports them in real time. captures: hepa filtration system captures allergens, pollutants, gases and smoke. fully sealed to hepa h13 standard. so what goes inside, stays inside. projects: projects purified air throughout the room. air multiplier™ technology generates the circulation power to draw distant pollutants into the machine, projecting purified air throughout the whole room.⁵ heats: the dyson purifier hot + cool purifies, heats the whole room, and cools you. heats with thermostatic control - monitoring the temperature in the room and adjusting in the winter to bring heat the room to the right temperature night-time mode: in night mode, the machine monitors and purifies using the quietest settings, with a dimmed display. program your machine to turn off after pre-set intervals between 30 minutes and 8 hours. low maintenance filters: safe and easy to clean with low maintenance, easy-to-replace filters. the filter life is estimated 1 year if used 12 hours a day on auto mode. speed settings: 1-10 caveat 1: ¹tested in maximum setting for air projection, tested in auto mode for purification coverage, tested for room heating per relevant dyson method dtm961. caveat 3: ³requires device to run app, wi-fi or mobile data, bluetooth 4.0 support, and ios version 10 or android version 5 (or above). standard data and messaging rates may apply. refer to the mydyson™ app for compatible voice services. caveat 4: ⁴particle challenge by dehs oil specified in en1822 within a chamber specified in astm f3150. caveat 5: ⁵in maximum setting. tested for air projection and purification coverage in a 2860ft3 room, and heating performance in a 1236ft3 room. caveat 6: ⁶tested per iso 29463 dimensions & more info: box dimensions: 11"" l x 11"" w x 41"" h product dimensions: 5.12"" w & l x 30"" h 12 lbs (unboxed) 19.9 lbs (boxed) made in malaysia warranty: parts/labor: 2 years. the dyson warranty - all dyson machines come with a hassle-free warranty. this includes the repair or replacement and ongoing support of your machine. for product related questions please contact dyson at 844-705-4777 our helpline hours: 8:00am - 8:00pm cst monday to friday 9:00am - 6:00pm cst saturday","Dyson Purifier Hot+Cool Purifying Heating Fan HP7C The Dyson Purifier Hot+Cool™ HP7C with Additional Filter combines intelligent sensing with an advanced filtration system. The HEPA filter⁴ removes gases and odors and captures 99.97% of particles 0.3 microns⁶ in size. Air Multiplier™ technology purifies and heats the whole room.¹ Accessories Included: Remote Control Additional Filter Product Features: MULTI-FUNCTIONALITY: Space Heater, HEPA Air Purifier, and Fan to help disperse the purified air throughout an area. In one, Backward airflow mode purifies without cooling or heating you. Reports pollution in real time on LCD screen; control with MyDysonTM app. SENSES: Automatically detects airborne particles, gases and odors, then diagnoses and reports them in real time. CAPTURES: HEPA filtration system captures allergens, pollutants, gases and smoke. Fully sealed to HEPA H13 standard. So what goes inside, stays inside. PROJECTS: Projects purified air throughout the room. Air Multiplier™ technology generates the circulation power to draw distant pollutants into the machine, projecting purified air throughout the whole room.⁵ HEATS: The Dyson Purifier Hot + Cool purifies, heats the whole room, and cools you. Heats with thermostatic control - monitoring the temperature in the room and adjusting in the winter to bring heat the room to the right temperature NIGHT-TIME MODE: In Night mode, the machine monitors and purifies using the quietest settings, with a dimmed display. Program your machine to turn off after pre-set intervals between 30 minutes and 8 hours. LOW MAINTENANCE FILTERS: Safe and easy to clean with low maintenance, easy-to-replace filters. The filter life is estimated 1 year if used 12 hours a day on Auto mode. SPEED SETTINGS: 1-10 Caveat 1: ¹Tested In maximum setting for air projection, tested in Auto mode for purification coverage, tested for room heating per relevant Dyson method DTM961. Caveat 3: ³Requires device to run app, Wi-Fi or mobile data, Bluetooth 4.0 support, and iOS version 10 or Android version 5 (or above). Standard data and messaging rates may apply. Refer to the MyDyson™ app for compatible voice services. Caveat 4: ⁴Particle challenge by DEHS oil specified in EN1822 within a chamber specified in ASTM F3150. Caveat 5: ⁵In Maximum setting. Tested for air projection and purification coverage in a 2860ft3 room, and heating performance in a 1236ft3 room. Caveat 6: ⁶Tested per ISO 29463 Dimensions & More Info: Box dimensions: 11"" L x 11"" W x 41"" H Product dimensions: 5.12"" W & L x 30"" H 12 lbs (unboxed) 19.9 lbs (boxed) Made in Malaysia Warranty: Parts/Labor: 2 years. The Dyson Warranty - All Dyson machines come with a hassle-free warranty. This includes the repair or replacement and ongoing support of your machine. For product related questions please contact Dyson at 844-705-4777 Our helpline hours: 8:00am - 8:00pm CST Monday to Friday 9:00am - 6:00pm CST Saturday"
Lasko Ceramic Tower Heater with Remote Control,54.99,costco.com,https://www.costco.com/cooling-air-treatment-heating.html,2025-01-18 22:31:01,cooling-air-treatment-heating,,https://www.costco.com/lasko-ceramic-tower-heater-with-remote-control.product.4000199370.html,"The Lasko Elite Collection Digital Ceramic Tower Full Room Heater, CT22495, with Remote Control is the perfect addition to any home during the cold winter months. This heater features 25% wider oscillation, providing full room coverage and ensuring that every corner of your room is warmed up. The safety features on this heater have been reimagined to provide maximum protection to you and your loved ones. The safety rollover design helps to prevent the heater from falling on its grill, while the child lock ensures that curious little hands cannot accidentally change the settings. The tip-over switch automatically shuts off the heater if it accidentally falls over. The touch sensing controls on this heater are not only easy to use but also provide an auto-dimming digital read-out, making it easy to monitor the temperature and settings. The heater has three heat settings: Low (750 W), Med (1300 W), and High (1500W), allowing you to choose the perfect temperature for your room. The 12-hour auto-off timer can be set in 30-minute increments (up to 2 hrs), providing a convenient way to turn off the heater when you are away or when you fall asleep. The AutoEco thermostat maintains room temperature while using less energy, making this heater an eco-friendly and cost-effective option for your home. The multi-function remote control provides added convenience and ease of use, allowing you to control the heater from anywhere in the room. The remote control also has on-board storage, making it easy to keep track of and preventing it from getting lost. The batteries for the remote control are included. Comes fully assembled with a 3-year limited warranty. Accessories Included: Remote Control User Manual Product Features: Features 25% wider oscillation for full-room coverage Safety reimagined with safety rollover design, a child lock, tip-over switch, a safe ceramic element, overheat protection, cool-touch housing Touch sensing controls with an auto-dimming digital read-out 3 Heat Settings: Low (750 W), Med (1300 W), High (1500W) 12-Hour auto-off timer can be set in 30-minute increments AutoEco thermostat maintains room temperature while using less energy Multi-function remote control with on-board storage (batteries included) Comes fully assembled and ready to use Built-in carry handle for easy portability from room to room 3-year limited warranty Dimensions & More: 7.0” W x 9.0” L x 21.9” H 1500 Watts Made in China Warranty: Parts/Labor: 3-Year Limited Warranty on parts For product related questions please contact Lasko Customer service at 1-800-233-0268",lasko ceramic tower heater with remote control,"the lasko elite collection digital ceramic tower full room heater, ct22495, with remote control is the perfect addition to any home during the cold winter months. this heater features 25% wider oscillation, providing full room coverage and ensuring that every corner of your room is warmed up. the safety features on this heater have been reimagined to provide maximum protection to you and your loved ones. the safety rollover design helps to prevent the heater from falling on its grill, while the child lock ensures that curious little hands cannot accidentally change the settings. the tip-over switch automatically shuts off the heater if it accidentally falls over. the touch sensing controls on this heater are not only easy to use but also provide an auto-dimming digital read-out, making it easy to monitor the temperature and settings. the heater has three heat settings: low (750 w), med (1300 w), and high (1500w), allowing you to choose the perfect temperature for your room. the 12-hour auto-off timer can be set in 30-minute increments (up to 2 hrs), providing a convenient way to turn off the heater when you are away or when you fall asleep. the autoeco thermostat maintains room temperature while using less energy, making this heater an eco-friendly and cost-effective option for your home. the multi-function remote control provides added convenience and ease of use, allowing you to control the heater from anywhere in the room. the remote control also has on-board storage, making it easy to keep track of and preventing it from getting lost. the batteries for the remote control are included. comes fully assembled with a 3-year limited warranty. accessories included: remote control user manual product features: features 25% wider oscillation for full-room coverage safety reimagined with safety rollover design, a child lock, tip-over switch, a safe ceramic element, overheat protection, cool-touch housing touch sensing controls with an auto-dimming digital read-out 3 heat settings: low (750 w), med (1300 w), high (1500w) 12-hour auto-off timer can be set in 30-minute increments autoeco thermostat maintains room temperature while using less energy multi-function remote control with on-board storage (batteries included) comes fully assembled and ready to use built-in carry handle for easy portability from room to room 3-year limited warranty dimensions & more: 7.0” w x 9.0” l x 21.9” h 1500 watts made in china warranty: parts/labor: 3-year limited warranty on parts for product related questions please contact lasko customer service at 1-800-233-0268","Lasko Ceramic Tower Heater with Remote Control The Lasko Elite Collection Digital Ceramic Tower Full Room Heater, CT22495, with Remote Control is the perfect addition to any home during the cold winter months. This heater features 25% wider oscillation, providing full room coverage and ensuring that every corner of your room is warmed up. The safety features on this heater have been reimagined to provide maximum protection to you and your loved ones. The safety rollover design helps to prevent the heater from falling on its grill, while the child lock ensures that curious little hands cannot accidentally change the settings. The tip-over switch automatically shuts off the heater if it accidentally falls over. The touch sensing controls on this heater are not only easy to use but also provide an auto-dimming digital read-out, making it easy to monitor the temperature and settings. The heater has three heat settings: Low (750 W), Med (1300 W), and High (1500W), allowing you to choose the perfect temperature for your room. The 12-hour auto-off timer can be set in 30-minute increments (up to 2 hrs), providing a convenient way to turn off the heater when you are away or when you fall asleep. The AutoEco thermostat maintains room temperature while using less energy, making this heater an eco-friendly and cost-effective option for your home. The multi-function remote control provides added convenience and ease of use, allowing you to control the heater from anywhere in the room. The remote control also has on-board storage, making it easy to keep track of and preventing it from getting lost. The batteries for the remote control are included. Comes fully assembled with a 3-year limited warranty. Accessories Included: Remote Control User Manual Product Features: Features 25% wider oscillation for full-room coverage Safety reimagined with safety rollover design, a child lock, tip-over switch, a safe ceramic element, overheat protection, cool-touch housing Touch sensing controls with an auto-dimming digital read-out 3 Heat Settings: Low (750 W), Med (1300 W), High (1500W) 12-Hour auto-off timer can be set in 30-minute increments AutoEco thermostat maintains room temperature while using less energy Multi-function remote control with on-board storage (batteries included) Comes fully assembled and ready to use Built-in carry handle for easy portability from room to room 3-year limited warranty Dimensions & More: 7.0” W x 9.0” L x 21.9” H 1500 Watts Made in China Warranty: Parts/Labor: 3-Year Limited Warranty on parts For product related questions please contact Lasko Customer service at 1-800-233-0268"
Presto HeatDish Plus Tilt Parabolic Heater,89.99,costco.com,https://www.costco.com/cooling-air-treatment-heating.html?currentPage=2&pageSize=24,2025-01-18 22:31:01,cooling-air-treatment-heating,,https://www.costco.com/presto-heatdish-plus-tilt-parabolic-heater.product.100805849.html,"Presto’s HeatDish® Plus Tilt parabolic electric heater uses a computer-designed parabolic reflector to focus heat, like a satellite dish concentrates TV signals. You feel three times the heat of 1500-watt heaters, yet use a third less energy so that the heater can pay for itself in as little as one year. Infinite heat settings provide the warmth you desire. Tilt high, low, or anywhere in-between to direct heat right where you want. Product Features: High-efficiency parabolic reflector focuses heat. No need to heat the entire room. Infinite switch technology provides a virtually infinite choice of heat settings, allowing you to select with precision the level of warmth desired. Tilts UP to direct heat right where you want or DOWN for compact storage. Uses only 1000 watts. Saves energy and avoids power interruptions. Safeguard Protection. Turns off automatically in case of tip-over. A warning buzzer sounds if heater is jarred or tipped while energized. Top-mounted control for easy access. Convenient carry handle. Built-in cord wrap. Signal light tells you at a glance if heater is plugged in. Strong steel grille guards ceramic-insulated heating element. Dimensions & More Info: 16.1” L x 10.3” W x 16.9” H; Weight: 5 Lbs. 1000 Watts Made in China Warranty: Repair or replace one year after purchase for defects in materials or workmanship. For product related questions please contact National Presto Industries at 1-800-877-0441",presto heatdish plus tilt parabolic heater,"presto’s heatdish® plus tilt parabolic electric heater uses a computer-designed parabolic reflector to focus heat, like a satellite dish concentrates tv signals. you feel three times the heat of 1500-watt heaters, yet use a third less energy so that the heater can pay for itself in as little as one year. infinite heat settings provide the warmth you desire. tilt high, low, or anywhere in-between to direct heat right where you want. product features: high-efficiency parabolic reflector focuses heat. no need to heat the entire room. infinite switch technology provides a virtually infinite choice of heat settings, allowing you to select with precision the level of warmth desired. tilts up to direct heat right where you want or down for compact storage. uses only 1000 watts. saves energy and avoids power interruptions. safeguard protection. turns off automatically in case of tip-over. a warning buzzer sounds if heater is jarred or tipped while energized. top-mounted control for easy access. convenient carry handle. built-in cord wrap. signal light tells you at a glance if heater is plugged in. strong steel grille guards ceramic-insulated heating element. dimensions & more info: 16.1” l x 10.3” w x 16.9” h; weight: 5 lbs. 1000 watts made in china warranty: repair or replace one year after purchase for defects in materials or workmanship. for product related questions please contact national presto industries at 1-800-877-0441","Presto HeatDish Plus Tilt Parabolic Heater Presto’s HeatDish® Plus Tilt parabolic electric heater uses a computer-designed parabolic reflector to focus heat, like a satellite dish concentrates TV signals. You feel three times the heat of 1500-watt heaters, yet use a third less energy so that the heater can pay for itself in as little as one year. Infinite heat settings provide the warmth you desire. Tilt high, low, or anywhere in-between to direct heat right where you want. Product Features: High-efficiency parabolic reflector focuses heat. No need to heat the entire room. Infinite switch technology provides a virtually infinite choice of heat settings, allowing you to select with precision the level of warmth desired. Tilts UP to direct heat right where you want or DOWN for compact storage. Uses only 1000 watts. Saves energy and avoids power interruptions. Safeguard Protection. Turns off automatically in case of tip-over. A warning buzzer sounds if heater is jarred or tipped while energized. Top-mounted control for easy access. Convenient carry handle. Built-in cord wrap. Signal light tells you at a glance if heater is plugged in. Strong steel grille guards ceramic-insulated heating element. Dimensions & More Info: 16.1” L x 10.3” W x 16.9” H; Weight: 5 Lbs. 1000 Watts Made in China Warranty: Repair or replace one year after purchase for defects in materials or workmanship. For product related questions please contact National Presto Industries at 1-800-877-0441"
Vornado VMHi605 Whole Room Heater,99.99,costco.com,https://www.costco.com/cooling-air-treatment-heating.html?currentPage=2&pageSize=24,2025-01-18 22:31:01,cooling-air-treatment-heating,,https://www.costco.com/vornado-vmhi605-whole-room-heater.product.4000301307.html,"The flagship in Vornado's family of steel heaters, the VMHi605 delivers the epitome of comfort and efficiency while complementing your style. With a metal case, two LED displays for cross-room viewing, a remote control, discreet cord storage, auto-climate control and our signature Whole Room Vortex Heat Circulation, it not only elevates the look and feel of the typical home heater, it does its job remarkably well. A metal inlet grill that keeps dust (and fingers) at bay, plus other safety features, ensures cozy comfort with peace of mind. Product Features: Stainless Steel Construction - Cool-Touch Cabinet Whole Room Vortex Heat Circulation 2 Heat Settings (Plus Fan Only) 12-Hour Auto-Off Timer & Remote Control Automatic Climate Control Touch-Sensitive Controls w/ Dual Displays Energy Sync Feature Integrated Cord Storage & Carry Handle Automatic Safety Shut-Off System Tipover Protection & 5 Year Warranty Dimensions & More Info: Type of material made out of: Stainless Steel 9.38"" L x 9.2"" W x 11.67"" H 9.88 lbs Watts: 1500/750 RPM: 1600/1000 Made in China",vornado vmhi605 whole room heater,"the flagship in vornado's family of steel heaters, the vmhi605 delivers the epitome of comfort and efficiency while complementing your style. with a metal case, two led displays for cross-room viewing, a remote control, discreet cord storage, auto-climate control and our signature whole room vortex heat circulation, it not only elevates the look and feel of the typical home heater, it does its job remarkably well. a metal inlet grill that keeps dust (and fingers) at bay, plus other safety features, ensures cozy comfort with peace of mind. product features: stainless steel construction - cool-touch cabinet whole room vortex heat circulation 2 heat settings (plus fan only) 12-hour auto-off timer & remote control automatic climate control touch-sensitive controls w/ dual displays energy sync feature integrated cord storage & carry handle automatic safety shut-off system tipover protection & 5 year warranty dimensions & more info: type of material made out of: stainless steel 9.38"" l x 9.2"" w x 11.67"" h 9.88 lbs watts: 1500/750 rpm: 1600/1000 made in china","Vornado VMHi605 Whole Room Heater The flagship in Vornado's family of steel heaters, the VMHi605 delivers the epitome of comfort and efficiency while complementing your style. With a metal case, two LED displays for cross-room viewing, a remote control, discreet cord storage, auto-climate control and our signature Whole Room Vortex Heat Circulation, it not only elevates the look and feel of the typical home heater, it does its job remarkably well. A metal inlet grill that keeps dust (and fingers) at bay, plus other safety features, ensures cozy comfort with peace of mind. Product Features: Stainless Steel Construction - Cool-Touch Cabinet Whole Room Vortex Heat Circulation 2 Heat Settings (Plus Fan Only) 12-Hour Auto-Off Timer & Remote Control Automatic Climate Control Touch-Sensitive Controls w/ Dual Displays Energy Sync Feature Integrated Cord Storage & Carry Handle Automatic Safety Shut-Off System Tipover Protection & 5 Year Warranty Dimensions & More Info: Type of material made out of: Stainless Steel 9.38"" L x 9.2"" W x 11.67"" H 9.88 lbs Watts: 1500/750 RPM: 1600/1000 Made in China"
CUCKOO Air Purifier with Additional True HEPA Filters,79.99,costco.com,https://www.costco.com/cooling-air-treatment-heating.html?currentPage=2&pageSize=24,2025-01-18 22:31:01,cooling-air-treatment-heating,,https://www.costco.com/cuckoo-air-purifier-with-additional-true-hepa-filters.product.100709333.html,"WARNING: This product can expose you to DEHP, which is known to the State of California to cause birth defects or other reproductive harm. For more information go to: www.P65Warnings.ca.gov .",cuckoo air purifier with additional true hepa filters,"warning: this product can expose you to dehp, which is known to the state of california to cause birth defects or other reproductive harm. for more information go to: www.p65warnings.ca.gov .","CUCKOO Air Purifier with Additional True HEPA Filters WARNING: This product can expose you to DEHP, which is known to the State of California to cause birth defects or other reproductive harm. For more information go to: www.P65Warnings.ca.gov ."
"Winix Replacement Filter Pack for C535 and C909 Air Purifiers, 2-pack",59.99,costco.com,https://www.costco.com/cooling-air-treatment-heating.html?currentPage=2&pageSize=24,2025-01-18 22:31:01,cooling-air-treatment-heating,,https://www.costco.com/winix-replacement-filter-pack-for-c535-and-c909-air-purifiers%2c-2-pack.product.100300828.html,"The Winix 113151 Replacement Filter is a complete two year filter set. The True HEPA Filter captures 99.97% of particles and impurities as small as 0.3 microns, including pollen, dust, pet dander and hair, other allergens and cigarette smoke. The carbon filter absorbs odors in the environment. This genuine Winix Filter fits both the Winix C535 and C909 Air Purifiers. Features: 2-pack set includes: 2 True HEPA filters and 8 carbon filters - 2 year's supply For use with the Winix C535 & C909 Air Purifiers True-HEPA filtration captures up to 99.97% of particles, as small as 0.3 microns The carbon filter reduces odors and traps large particles For optimal use replace the carbon filter every 3 months and the True HEPA filter every 12 months Dimensions: 13.2"" W x 16.9 H","winix replacement filter pack for c535 and c909 air purifiers, 2-pack","the winix 113151 replacement filter is a complete two year filter set. the true hepa filter captures 99.97% of particles and impurities as small as 0.3 microns, including pollen, dust, pet dander and hair, other allergens and cigarette smoke. the carbon filter absorbs odors in the environment. this genuine winix filter fits both the winix c535 and c909 air purifiers. features: 2-pack set includes: 2 true hepa filters and 8 carbon filters - 2 year's supply for use with the winix c535 & c909 air purifiers true-hepa filtration captures up to 99.97% of particles, as small as 0.3 microns the carbon filter reduces odors and traps large particles for optimal use replace the carbon filter every 3 months and the true hepa filter every 12 months dimensions: 13.2"" w x 16.9 h","Winix Replacement Filter Pack for C535 and C909 Air Purifiers, 2-pack The Winix 113151 Replacement Filter is a complete two year filter set. The True HEPA Filter captures 99.97% of particles and impurities as small as 0.3 microns, including pollen, dust, pet dander and hair, other allergens and cigarette smoke. The carbon filter absorbs odors in the environment. This genuine Winix Filter fits both the Winix C535 and C909 Air Purifiers. Features: 2-pack set includes: 2 True HEPA filters and 8 carbon filters - 2 year's supply For use with the Winix C535 & C909 Air Purifiers True-HEPA filtration captures up to 99.97% of particles, as small as 0.3 microns The carbon filter reduces odors and traps large particles For optimal use replace the carbon filter every 3 months and the True HEPA filter every 12 months Dimensions: 13.2"" W x 16.9 H"
PureGuardian Ultrasonic Cool Mist 1.6G Humidifier,69.99,costco.com,https://www.costco.com/cooling-air-treatment-heating.html?currentPage=2&pageSize=24,2025-01-18 22:31:01,cooling-air-treatment-heating,,https://www.costco.com/pureguardian-ultrasonic-cool-mist-1.6g-humidifier.product.4000302995.html,"Guard your home against dry air with the PureGuardian Humidifier! This compact 90-hour* Ultrasonic Cool Mist Humidifier features an easy-to-fill 1.6-gallon tank for medium to large rooms (up to 475 Sq. Ft). The smart mist Intellisense™ sensor monitors and adjusts humidity levels to your desired setting. Silver Clean™ Protection embedded in the tank fights mold and mildew growth. It disperses a fine mist into the air and is ultra-quiet, ideal for sleeping. The optional aromatherapy tray allows you to add essential oils for a relaxing atmosphere. The low water indicator light and auto shut-off feature ensure safe and easy operation. Additional features include a top-fill tank, 3-speed mist control, and a 7-color nightlight for a calming ambiance, perfect for children's rooms or nurseries. Designed and engineered in the United States, PureGuardian air purifiers exceed industry standards, as tested by reputable third-party labs. *Based on the low setting Accessories: Aromatherapy Essential Oil Pad Product Features: Large 1.6-Gallon Top Fill Tank 90-Hour Run Time SilverClean™ Technology Intellisense™ Humidistat For Rooms up to 475 Sq. Ft. Filter Free, Cool Mist 3-Speed Mist Control 7-Color Nightlight Low water indicator light and Auto Shut-Off Dimensions & More Info: Fully assembled 8.5 in x 8.5in x 18.25in 2.6 Lbs Made in China For product related questions, please contact Guardian Technologies at 1-800-603-5900.",pureguardian ultrasonic cool mist 1.6g humidifier,"guard your home against dry air with the pureguardian humidifier! this compact 90-hour* ultrasonic cool mist humidifier features an easy-to-fill 1.6-gallon tank for medium to large rooms (up to 475 sq. ft). the smart mist intellisense™ sensor monitors and adjusts humidity levels to your desired setting. silver clean™ protection embedded in the tank fights mold and mildew growth. it disperses a fine mist into the air and is ultra-quiet, ideal for sleeping. the optional aromatherapy tray allows you to add essential oils for a relaxing atmosphere. the low water indicator light and auto shut-off feature ensure safe and easy operation. additional features include a top-fill tank, 3-speed mist control, and a 7-color nightlight for a calming ambiance, perfect for children's rooms or nurseries. designed and engineered in the united states, pureguardian air purifiers exceed industry standards, as tested by reputable third-party labs. *based on the low setting accessories: aromatherapy essential oil pad product features: large 1.6-gallon top fill tank 90-hour run time silverclean™ technology intellisense™ humidistat for rooms up to 475 sq. ft. filter free, cool mist 3-speed mist control 7-color nightlight low water indicator light and auto shut-off dimensions & more info: fully assembled 8.5 in x 8.5in x 18.25in 2.6 lbs made in china for product related questions, please contact guardian technologies at 1-800-603-5900.","PureGuardian Ultrasonic Cool Mist 1.6G Humidifier Guard your home against dry air with the PureGuardian Humidifier! This compact 90-hour* Ultrasonic Cool Mist Humidifier features an easy-to-fill 1.6-gallon tank for medium to large rooms (up to 475 Sq. Ft). The smart mist Intellisense™ sensor monitors and adjusts humidity levels to your desired setting. Silver Clean™ Protection embedded in the tank fights mold and mildew growth. It disperses a fine mist into the air and is ultra-quiet, ideal for sleeping. The optional aromatherapy tray allows you to add essential oils for a relaxing atmosphere. The low water indicator light and auto shut-off feature ensure safe and easy operation. Additional features include a top-fill tank, 3-speed mist control, and a 7-color nightlight for a calming ambiance, perfect for children's rooms or nurseries. Designed and engineered in the United States, PureGuardian air purifiers exceed industry standards, as tested by reputable third-party labs. *Based on the low setting Accessories: Aromatherapy Essential Oil Pad Product Features: Large 1.6-Gallon Top Fill Tank 90-Hour Run Time SilverClean™ Technology Intellisense™ Humidistat For Rooms up to 475 Sq. Ft. Filter Free, Cool Mist 3-Speed Mist Control 7-Color Nightlight Low water indicator light and Auto Shut-Off Dimensions & More Info: Fully assembled 8.5 in x 8.5in x 18.25in 2.6 Lbs Made in China For product related questions, please contact Guardian Technologies at 1-800-603-5900."
Dyson Purifier Big+Quiet BP02,599.99,costco.com,https://www.costco.com/cooling-air-treatment-heating.html?currentPage=2&pageSize=24,2025-01-18 22:31:01,cooling-air-treatment-heating,,https://www.costco.com/dyson-purifier-big%2bquiet-bp02.product.4000267939.html,"The Dyson Purifier Big+Quiet is our biggest purifier yet, engineered from the ground up, to evenly purify large spaces.¹ Cone aerodynamics creates a condensed jet of air to project purified air over 32 feet. Quietly. An advanced 360 HEPA H13 grade filter captures allergens² and 99.97% of fine particles.⁴  Removes gases and odors. Accessories Included: Activated Carbon Filter Remote Control Product Features: Large format purifier with HEPA H13 grade filtration.⁴ Projects air over 32 feet and purifies large spaces.¹ Control and monitor your air quality from anywhere using the MyDyson™ app.⁵ Caveats ¹Testing for PM2.5 purification completed in a large testing chamber following relevant Dyson testing methods. Results may vary in practice. ²Allergens refers to nonliving material ⁴Filter tested to IEST RP-CC-001 demonstrating 99.97% capture of fine particles. Particle challenge by DEHS oil specified in EN1822 within a chamber specified in ASTM F3150. Tested in Max mode for whole-machine efficiency corresponding to H13 classification ⁵Requires device to run app, Wi-Fi or mobile data, Bluetooth 4.0 support, and iOS version 10 or Android version 5 (or above). Standard data and messaging rates may apply. Refer to the MyDyson™ app for compatible voice services. Dimensions & More Info: Type of material made out of : Plastic Made in Malaysia Warranty: Parts/Labor: 2 Years Parts and Labor For product related questions please contact Dyson at 1-866-693-9766. Our helpline hours: 8:00am to 8:00pm CST Monday to Friday 9:00am to 6:00pm CST Saturday",dyson purifier big+quiet bp02,"the dyson purifier big+quiet is our biggest purifier yet, engineered from the ground up, to evenly purify large spaces.¹ cone aerodynamics creates a condensed jet of air to project purified air over 32 feet. quietly. an advanced 360 hepa h13 grade filter captures allergens² and 99.97% of fine particles.⁴  removes gases and odors. accessories included: activated carbon filter remote control product features: large format purifier with hepa h13 grade filtration.⁴ projects air over 32 feet and purifies large spaces.¹ control and monitor your air quality from anywhere using the mydyson™ app.⁵ caveats ¹testing for pm2.5 purification completed in a large testing chamber following relevant dyson testing methods. results may vary in practice. ²allergens refers to nonliving material ⁴filter tested to iest rp-cc-001 demonstrating 99.97% capture of fine particles. particle challenge by dehs oil specified in en1822 within a chamber specified in astm f3150. tested in max mode for whole-machine efficiency corresponding to h13 classification ⁵requires device to run app, wi-fi or mobile data, bluetooth 4.0 support, and ios version 10 or android version 5 (or above). standard data and messaging rates may apply. refer to the mydyson™ app for compatible voice services. dimensions & more info: type of material made out of : plastic made in malaysia warranty: parts/labor: 2 years parts and labor for product related questions please contact dyson at 1-866-693-9766. our helpline hours: 8:00am to 8:00pm cst monday to friday 9:00am to 6:00pm cst saturday","Dyson Purifier Big+Quiet BP02 The Dyson Purifier Big+Quiet is our biggest purifier yet, engineered from the ground up, to evenly purify large spaces.¹ Cone aerodynamics creates a condensed jet of air to project purified air over 32 feet. Quietly. An advanced 360 HEPA H13 grade filter captures allergens² and 99.97% of fine particles.⁴  Removes gases and odors. Accessories Included: Activated Carbon Filter Remote Control Product Features: Large format purifier with HEPA H13 grade filtration.⁴ Projects air over 32 feet and purifies large spaces.¹ Control and monitor your air quality from anywhere using the MyDyson™ app.⁵ Caveats ¹Testing for PM2.5 purification completed in a large testing chamber following relevant Dyson testing methods. Results may vary in practice. ²Allergens refers to nonliving material ⁴Filter tested to IEST RP-CC-001 demonstrating 99.97% capture of fine particles. Particle challenge by DEHS oil specified in EN1822 within a chamber specified in ASTM F3150. Tested in Max mode for whole-machine efficiency corresponding to H13 classification ⁵Requires device to run app, Wi-Fi or mobile data, Bluetooth 4.0 support, and iOS version 10 or Android version 5 (or above). Standard data and messaging rates may apply. Refer to the MyDyson™ app for compatible voice services. Dimensions & More Info: Type of material made out of : Plastic Made in Malaysia Warranty: Parts/Labor: 2 Years Parts and Labor For product related questions please contact Dyson at 1-866-693-9766. Our helpline hours: 8:00am to 8:00pm CST Monday to Friday 9:00am to 6:00pm CST Saturday"
"3M Filtrete Allergen uction Deep Pleat Filter 4"" Slim Fit, 2-pack",29.99,costco.com,https://www.costco.com/cooling-air-treatment-heating.html?currentPage=2&pageSize=24,2025-01-18 22:31:01,cooling-air-treatment-heating,,https://www.costco.com/3m-filtrete-allergen-reduction-deep-pleat-filter-4%22-slim-fit%2c-2-pack.product.4000278004.html,"Filtrete MPR 1550 Air Filter, made by 3M, helps capture unwanted particles from your household air to contribute to a cleaner, fresher home environment. Designed with exclusive Filtrete 3-in-1 technology, including a high MPR 1550 and MERV 12 rating, your AC filter will help pull and capture countless microparticles – such as pet dander, smoke, bacteria and up to 55% of virus airborne particles (1) – while letting cleaner air flow through. Your Filtrete Filter will also capture large particles, including lint, pollen and household dust. Use a 12-month pleated 4-inch home HVAC filter in your furnace, air conditioner or HVAC system. Features: MAKE YOUR HOME YOUR SANCTUARY: 2-Pack of 12-Month Pleated Filtrete 16x25x4/ 20x25x4 MERV 12 MPR 1550 AC Furnace Air Filter Helps Capture Unwanted Particles From Your Household Air To Contribute to a Cleaner, Fresher Home Environment EXCLUSIVE TECHNOLOGY: Designed With Exclusive Filtrete 3-in-1 Technology To Pull In and Trap Unwanted Particles, Allowing Cleaner Air To Flow Through COUNTLESS MICROPARTICLES: With a 1550 MPR and MERV 12 Rating, As Well as a 55% Small Particle Capture Rate (1), Your Filtrete Filter Will Help Capture Many Microparticles From the Air Passing Through It CHANGE YOUR FILTER OFTEN: For Optimal Performance, Make Sure To Change Your Filter at Least Once Every 12 Months SMART APP: Use the Filtrete Smart App (iOS or Android) To Set 90-, 180- or 365-Day Reminders To Change Your Air Filter Includes: 2 per Pack Specifications: Actual Dimensions : 16in. x 25in. x 4in.: 15.8 in. W × 24.5 in. L x 3.75 in. H/D Weight: 1.93lb. 20in. x 25in. x 4in.: 19.8 in. W × 24.5 in. W × 3.75 in. H/D Weight: 2.24lb. Customer Service: 1-888-3M-HELPS","3m filtrete allergen uction deep pleat filter 4"" slim fit, 2-pack","filtrete mpr 1550 air filter, made by 3m, helps capture unwanted particles from your household air to contribute to a cleaner, fresher home environment. designed with exclusive filtrete 3-in-1 technology, including a high mpr 1550 and merv 12 rating, your ac filter will help pull and capture countless microparticles – such as pet dander, smoke, bacteria and up to 55% of virus airborne particles (1) – while letting cleaner air flow through. your filtrete filter will also capture large particles, including lint, pollen and household dust. use a 12-month pleated 4-inch home hvac filter in your furnace, air conditioner or hvac system. features: make your home your sanctuary: 2-pack of 12-month pleated filtrete 16x25x4/ 20x25x4 merv 12 mpr 1550 ac furnace air filter helps capture unwanted particles from your household air to contribute to a cleaner, fresher home environment exclusive technology: designed with exclusive filtrete 3-in-1 technology to pull in and trap unwanted particles, allowing cleaner air to flow through countless microparticles: with a 1550 mpr and merv 12 rating, as well as a 55% small particle capture rate (1), your filtrete filter will help capture many microparticles from the air passing through it change your filter often: for optimal performance, make sure to change your filter at least once every 12 months smart app: use the filtrete smart app (ios or android) to set 90-, 180- or 365-day reminders to change your air filter includes: 2 per pack specifications: actual dimensions : 16in. x 25in. x 4in.: 15.8 in. w × 24.5 in. l x 3.75 in. h/d weight: 1.93lb. 20in. x 25in. x 4in.: 19.8 in. w × 24.5 in. w × 3.75 in. h/d weight: 2.24lb. customer service: 1-888-3m-helps","3M Filtrete Allergen uction Deep Pleat Filter 4"" Slim Fit, 2-pack Filtrete MPR 1550 Air Filter, made by 3M, helps capture unwanted particles from your household air to contribute to a cleaner, fresher home environment. Designed with exclusive Filtrete 3-in-1 technology, including a high MPR 1550 and MERV 12 rating, your AC filter will help pull and capture countless microparticles – such as pet dander, smoke, bacteria and up to 55% of virus airborne particles (1) – while letting cleaner air flow through. Your Filtrete Filter will also capture large particles, including lint, pollen and household dust. Use a 12-month pleated 4-inch home HVAC filter in your furnace, air conditioner or HVAC system. Features: MAKE YOUR HOME YOUR SANCTUARY: 2-Pack of 12-Month Pleated Filtrete 16x25x4/ 20x25x4 MERV 12 MPR 1550 AC Furnace Air Filter Helps Capture Unwanted Particles From Your Household Air To Contribute to a Cleaner, Fresher Home Environment EXCLUSIVE TECHNOLOGY: Designed With Exclusive Filtrete 3-in-1 Technology To Pull In and Trap Unwanted Particles, Allowing Cleaner Air To Flow Through COUNTLESS MICROPARTICLES: With a 1550 MPR and MERV 12 Rating, As Well as a 55% Small Particle Capture Rate (1), Your Filtrete Filter Will Help Capture Many Microparticles From the Air Passing Through It CHANGE YOUR FILTER OFTEN: For Optimal Performance, Make Sure To Change Your Filter at Least Once Every 12 Months SMART APP: Use the Filtrete Smart App (iOS or Android) To Set 90-, 180- or 365-Day Reminders To Change Your Air Filter Includes: 2 per Pack Specifications: Actual Dimensions : 16in. x 25in. x 4in.: 15.8 in. W × 24.5 in. L x 3.75 in. H/D Weight: 1.93lb. 20in. x 25in. x 4in.: 19.8 in. W × 24.5 in. W × 3.75 in. H/D Weight: 2.24lb. Customer Service: 1-888-3M-HELPS"
CUCKOO True HEPA 5-Stage Air Purifier with 2 year Replacement Filter,319.99,costco.com,https://www.costco.com/cooling-air-treatment-heating.html?currentPage=2&pageSize=24,2025-01-18 22:31:01,cooling-air-treatment-heating,,https://www.costco.com/cuckoo-true-hepa-5-stage-air-purifier-with-2-year-replacement-filter.product.4000204058.html,WARNING: Cancer and Reproductive Harm. For more information go to: www.P65Warnings.ca.gov .,cuckoo true hepa 5-stage air purifier with 2 year replacement filter,warning: cancer and reproductive harm. for more information go to: www.p65warnings.ca.gov .,CUCKOO True HEPA 5-Stage Air Purifier with 2 year Replacement Filter WARNING: Cancer and Reproductive Harm. For more information go to: www.P65Warnings.ca.gov .
"Homedics True HEPA Replacement Filters, 2-pack",79.99,costco.com,https://www.costco.com/cooling-air-treatment-heating.html?currentPage=2&pageSize=24,2025-01-18 22:31:01,cooling-air-treatment-heating,,https://www.costco.com/homedics-true-hepa-replacement-filters%2c-2-pack.product.4000268708.html,"Welcome a breath of fresh air into your home or office! Our genuine True HEPA Replacement Filter is the unsung hero, banishing airborne allergens as small as 0.3 microns at an impressive 99.97%** rate. Equipped with a built-in prefilter for large particles and an activated carbon odor filter, it takes on pet smells, household odors, and those sneaky VOCs***. Because every breath should feel like a breeze. Product Features: Performance is best when the filter is replaced every 12 months†. Compatible with the Homedics® Air Purifier, models AP-T200, AP-T2503, 1035011. **Removes up to 99.97% of airborne particles as small as 0.3 microns from the air that passes through the filter media. ***Reduces formaldehyde and toluene in the air as shown by independent laboratory testing. Reduces common household odors such as pet, bathroom, laundry, diaper pail, cooking, and smoke as shown by independent laboratory testing. †Usage based on 12 hours per day for 365 days. Dimensions & More Info: Filter Dimensions: 15.13"" W x 8.44"" H x 1.56"" D (each) 1.89 lbs. Made in China For product related questions please contact Homedics Customer Service 1-800-466-3342 - cservice@homedics.com.","homedics true hepa replacement filters, 2-pack","welcome a breath of fresh air into your home or office! our genuine true hepa replacement filter is the unsung hero, banishing airborne allergens as small as 0.3 microns at an impressive 99.97%** rate. equipped with a built-in prefilter for large particles and an activated carbon odor filter, it takes on pet smells, household odors, and those sneaky vocs***. because every breath should feel like a breeze. product features: performance is best when the filter is replaced every 12 months†. compatible with the homedics® air purifier, models ap-t200, ap-t2503, 1035011. **removes up to 99.97% of airborne particles as small as 0.3 microns from the air that passes through the filter media. ***reduces formaldehyde and toluene in the air as shown by independent laboratory testing. reduces common household odors such as pet, bathroom, laundry, diaper pail, cooking, and smoke as shown by independent laboratory testing. †usage based on 12 hours per day for 365 days. dimensions & more info: filter dimensions: 15.13"" w x 8.44"" h x 1.56"" d (each) 1.89 lbs. made in china for product related questions please contact homedics customer service 1-800-466-3342 - cservice@homedics.com.","Homedics True HEPA Replacement Filters, 2-pack Welcome a breath of fresh air into your home or office! Our genuine True HEPA Replacement Filter is the unsung hero, banishing airborne allergens as small as 0.3 microns at an impressive 99.97%** rate. Equipped with a built-in prefilter for large particles and an activated carbon odor filter, it takes on pet smells, household odors, and those sneaky VOCs***. Because every breath should feel like a breeze. Product Features: Performance is best when the filter is replaced every 12 months†. Compatible with the Homedics® Air Purifier, models AP-T200, AP-T2503, 1035011. **Removes up to 99.97% of airborne particles as small as 0.3 microns from the air that passes through the filter media. ***Reduces formaldehyde and toluene in the air as shown by independent laboratory testing. Reduces common household odors such as pet, bathroom, laundry, diaper pail, cooking, and smoke as shown by independent laboratory testing. †Usage based on 12 hours per day for 365 days. Dimensions & More Info: Filter Dimensions: 15.13"" W x 8.44"" H x 1.56"" D (each) 1.89 lbs. Made in China For product related questions please contact Homedics Customer Service 1-800-466-3342 - cservice@homedics.com."
"3M Filtrete HVAC 5"" Filter Allergen uction, 2-pack",44.99,costco.com,https://www.costco.com/cooling-air-treatment-heating.html?currentPage=2&pageSize=24,2025-01-18 22:31:01,cooling-air-treatment-heating,,https://www.costco.com/3m-filtrete-hvac-5%22-filter-allergen-reduction%2c-2-pack.product.100726442.html,"Limit 5 per member Your home should be your sanctuary, starting with the air you breathe. Filtrete™ Allergen, Bacteria & Virus Air Filters help capture unwanted particles from your household air, contributing to a cleaner, fresher home environment. By proactively capturing dust, bacteria, viruses and allergens, these high performance filters help improve your home’s air quality. OUTPERFORMS FIBERGLASS, WASHABLE AND NON-ELECTROSTATIC 3-month pleated 1 in. home air filters for your furnace, air conditioner or HVAC system DESIGNED WITH EXCLUSIVE Filtrete™ Brand 3-in-1 technology from 3M to trap unwanted air particles while letting cleaner air flow through ATTRACTS AND CAPTURES microscopic particles such as smoke, cough and sneeze debris, bacteria and viruses--and large particles, including lint, household dust and pollen 1550 MPR has a rating of MERV 12 The higher the MPR, the more microparticles--such as pollen, pet dander, smoke, bacteria and viruses--your filter will capture from the air passing through it 54% SMALL PARTICLE CAPTURE , like bacteria and particles that carry viruses*  (* % captured is based on ASHRAE 52.2 testing for 0.3 to 1 micron particles from the air passing through the filter, which relates to HVAC industry standard efficiency testing) CERTIFIED as asthma & allergy friendly™* (*As outlined in report ASCR: 1246-01) FOR OPTIMAL PERFORMANCE of your heating & cooling system or HVAC system, change your home air filter at least every 90 days for 1in.  filters, and at least every 12 months for 4in. and 5in. Filters A dirty filter will slow down air flow and make the system work harder to keep you warm or cool--wasting energy. Sign-up for a filter change reminder program (www.filtrete.com/ChangeReminders) that works for you! FOR RESIDENTIAL use only","3m filtrete hvac 5"" filter allergen uction, 2-pack","limit 5 per member your home should be your sanctuary, starting with the air you breathe. filtrete™ allergen, bacteria & virus air filters help capture unwanted particles from your household air, contributing to a cleaner, fresher home environment. by proactively capturing dust, bacteria, viruses and allergens, these high performance filters help improve your home’s air quality. outperforms fiberglass, washable and non-electrostatic 3-month pleated 1 in. home air filters for your furnace, air conditioner or hvac system designed with exclusive filtrete™ brand 3-in-1 technology from 3m to trap unwanted air particles while letting cleaner air flow through attracts and captures microscopic particles such as smoke, cough and sneeze debris, bacteria and viruses--and large particles, including lint, household dust and pollen 1550 mpr has a rating of merv 12 the higher the mpr, the more microparticles--such as pollen, pet dander, smoke, bacteria and viruses--your filter will capture from the air passing through it 54% small particle capture , like bacteria and particles that carry viruses*  (* % captured is based on ashrae 52.2 testing for 0.3 to 1 micron particles from the air passing through the filter, which relates to hvac industry standard efficiency testing) certified as asthma & allergy friendly™* (*as outlined in report ascr: 1246-01) for optimal performance of your heating & cooling system or hvac system, change your home air filter at least every 90 days for 1in.  filters, and at least every 12 months for 4in. and 5in. filters a dirty filter will slow down air flow and make the system work harder to keep you warm or cool--wasting energy. sign-up for a filter change reminder program (www.filtrete.com/changereminders) that works for you! for residential use only","3M Filtrete HVAC 5"" Filter Allergen uction, 2-pack Limit 5 per member Your home should be your sanctuary, starting with the air you breathe. Filtrete™ Allergen, Bacteria & Virus Air Filters help capture unwanted particles from your household air, contributing to a cleaner, fresher home environment. By proactively capturing dust, bacteria, viruses and allergens, these high performance filters help improve your home’s air quality. OUTPERFORMS FIBERGLASS, WASHABLE AND NON-ELECTROSTATIC 3-month pleated 1 in. home air filters for your furnace, air conditioner or HVAC system DESIGNED WITH EXCLUSIVE Filtrete™ Brand 3-in-1 technology from 3M to trap unwanted air particles while letting cleaner air flow through ATTRACTS AND CAPTURES microscopic particles such as smoke, cough and sneeze debris, bacteria and viruses--and large particles, including lint, household dust and pollen 1550 MPR has a rating of MERV 12 The higher the MPR, the more microparticles--such as pollen, pet dander, smoke, bacteria and viruses--your filter will capture from the air passing through it 54% SMALL PARTICLE CAPTURE , like bacteria and particles that carry viruses*  (* % captured is based on ASHRAE 52.2 testing for 0.3 to 1 micron particles from the air passing through the filter, which relates to HVAC industry standard efficiency testing) CERTIFIED as asthma & allergy friendly™* (*As outlined in report ASCR: 1246-01) FOR OPTIMAL PERFORMANCE of your heating & cooling system or HVAC system, change your home air filter at least every 90 days for 1in.  filters, and at least every 12 months for 4in. and 5in. Filters A dirty filter will slow down air flow and make the system work harder to keep you warm or cool--wasting energy. Sign-up for a filter change reminder program (www.filtrete.com/ChangeReminders) that works for you! FOR RESIDENTIAL use only"
Dupray Air Purifier with Walnut Table and Additional Filters,249.99,costco.com,https://www.costco.com/cooling-air-treatment-heating.html?currentPage=2&pageSize=24,2025-01-18 22:31:01,cooling-air-treatment-heating,,https://www.costco.com/dupray-air-purifier-with-walnut-table-and-additional-filters.product.4000287340.html,Limit 5 per member,dupray air purifier with walnut table and additional filters,limit 5 per member,Dupray Air Purifier with Walnut Table and Additional Filters Limit 5 per member
"Winix Genuine Replacement Filter Z, 2-pack for C610 Air Purifier",79.99,costco.com,https://www.costco.com/cooling-air-treatment-heating.html?currentPage=2&pageSize=24,2025-01-18 22:31:01,cooling-air-treatment-heating,,https://www.costco.com/winix-genuine-replacement-filter-z%2c-2-pack-for-c610-air-purifier.product.4000316847.html,"The Winix Replacement Filter Z 2 Pack is a complete two year filter set. The Winix True HEPA captures up to 99.99% of airborne allergens including pollen, dust, smoke, pet dander, and other ultrafine particles as small as 0.01 microns. The fine mesh pre-filter traps large particles, extending the life of the True HEPA filter and the carbon absorbs odor and VOCs  in the environment. The genuine Winix Filter Z is compatible with Winix Air Purifier unit C610 Accessories: 2 All-in-One Filters Product Features: Up to Two years worth of filtration True HEPA Filter: Captures up to 99.99%* of airborne allergens including pollen, dust, smoke, pet dander, and other ultrafine particles as small as 0.01 microns. Activated Carbon Filter: Reduces VOCs and household odors from cooking, pets, and smoke. It is designed to catch airborne particles found indoors, which also helps prolong the True HEPA Filter life Two All-in-One (Pre-Filter, Carbon filter and True HEPA) Filters included, up to a two year supply The genuine Winix Filter Z is compatible with Winix Air Purifier unit C610 For Optimal performance, it is recommended to change the filter every 12 months, or when the check filter indicator light comes on Dimensions & More Info: Package Dimensions of the 2 PK Box are: 6.5"" D x 13"" L  x 14.5"" H Package Weight of the 2 PK is 4 Lbs. Made in Thailand For product related questions, please contact Winix at 1 (877) 699-4649","winix genuine replacement filter z, 2-pack for c610 air purifier","the winix replacement filter z 2 pack is a complete two year filter set. the winix true hepa captures up to 99.99% of airborne allergens including pollen, dust, smoke, pet dander, and other ultrafine particles as small as 0.01 microns. the fine mesh pre-filter traps large particles, extending the life of the true hepa filter and the carbon absorbs odor and vocs  in the environment. the genuine winix filter z is compatible with winix air purifier unit c610 accessories: 2 all-in-one filters product features: up to two years worth of filtration true hepa filter: captures up to 99.99%* of airborne allergens including pollen, dust, smoke, pet dander, and other ultrafine particles as small as 0.01 microns. activated carbon filter: reduces vocs and household odors from cooking, pets, and smoke. it is designed to catch airborne particles found indoors, which also helps prolong the true hepa filter life two all-in-one (pre-filter, carbon filter and true hepa) filters included, up to a two year supply the genuine winix filter z is compatible with winix air purifier unit c610 for optimal performance, it is recommended to change the filter every 12 months, or when the check filter indicator light comes on dimensions & more info: package dimensions of the 2 pk box are: 6.5"" d x 13"" l  x 14.5"" h package weight of the 2 pk is 4 lbs. made in thailand for product related questions, please contact winix at 1 (877) 699-4649","Winix Genuine Replacement Filter Z, 2-pack for C610 Air Purifier The Winix Replacement Filter Z 2 Pack is a complete two year filter set. The Winix True HEPA captures up to 99.99% of airborne allergens including pollen, dust, smoke, pet dander, and other ultrafine particles as small as 0.01 microns. The fine mesh pre-filter traps large particles, extending the life of the True HEPA filter and the carbon absorbs odor and VOCs  in the environment. The genuine Winix Filter Z is compatible with Winix Air Purifier unit C610 Accessories: 2 All-in-One Filters Product Features: Up to Two years worth of filtration True HEPA Filter: Captures up to 99.99%* of airborne allergens including pollen, dust, smoke, pet dander, and other ultrafine particles as small as 0.01 microns. Activated Carbon Filter: Reduces VOCs and household odors from cooking, pets, and smoke. It is designed to catch airborne particles found indoors, which also helps prolong the True HEPA Filter life Two All-in-One (Pre-Filter, Carbon filter and True HEPA) Filters included, up to a two year supply The genuine Winix Filter Z is compatible with Winix Air Purifier unit C610 For Optimal performance, it is recommended to change the filter every 12 months, or when the check filter indicator light comes on Dimensions & More Info: Package Dimensions of the 2 PK Box are: 6.5"" D x 13"" L  x 14.5"" H Package Weight of the 2 PK is 4 Lbs. Made in Thailand For product related questions, please contact Winix at 1 (877) 699-4649"
Lasko Super Fan Max Multi-Purpose Compact Air Mover,64.99,costco.com,https://www.costco.com/cooling-air-treatment-heating.html?currentPage=2&pageSize=24,2025-01-18 22:31:01,cooling-air-treatment-heating,,https://www.costco.com/lasko-super-fan-max-multi-purpose-compact-air-mover.product.4000221279.html,"The Lasko Super Fan Max Multi-Purpose Compact Air Mover, SF-20-G2 is the ultimate solution for rapid, efficient, and versatile air circulation. Crafted with durable Roto-molded impact-resistant construction, this commercial-grade floor fan is up to the task of drying wet surfaces, cooling large spaces, and enhancing ventilation. The foldable stand allows for a 20 degree angle pivot to reach more areas! The powerful fan features 3 high velocity speeds to quickly cool, exhaust and dry your space. With the two 120-volt outlets, you can connect up to 3 fans for expanded comfort or plug in other accessories. The blower fan features a circuit breaker with reset button and an easy-grip handle for portability. The 10-foot cord makes it easy to plug this fan into the nearest outlet. This powerful fan is perfect for workspaces, garages, basements and more. Comes with a 5-year limited warranty. Features: Lightweight and compact, delivering commercial-grade performance 3 powerful, high-velocity speeds Foldable stand for 20-degree angle pivot 4 angles, 3 directional pivots Two 115-volt outlets for accessories and multi-fan connection Circuit breaker with reset button for added safety Long 10” cord for added flexibility Ergonomic grip handle for easy portability Rubber feet for added stability Roto-molded impact resistant casing Includes: User Manual Specifications: Dimensions: 11.25” x 13.5” x 12” Weight: 10lbs. Cord Length: 10ft. Wattage: 115V Warranty: 5 Year Limited Customer Service: (800) 233-0268",lasko super fan max multi-purpose compact air mover,"the lasko super fan max multi-purpose compact air mover, sf-20-g2 is the ultimate solution for rapid, efficient, and versatile air circulation. crafted with durable roto-molded impact-resistant construction, this commercial-grade floor fan is up to the task of drying wet surfaces, cooling large spaces, and enhancing ventilation. the foldable stand allows for a 20 degree angle pivot to reach more areas! the powerful fan features 3 high velocity speeds to quickly cool, exhaust and dry your space. with the two 120-volt outlets, you can connect up to 3 fans for expanded comfort or plug in other accessories. the blower fan features a circuit breaker with reset button and an easy-grip handle for portability. the 10-foot cord makes it easy to plug this fan into the nearest outlet. this powerful fan is perfect for workspaces, garages, basements and more. comes with a 5-year limited warranty. features: lightweight and compact, delivering commercial-grade performance 3 powerful, high-velocity speeds foldable stand for 20-degree angle pivot 4 angles, 3 directional pivots two 115-volt outlets for accessories and multi-fan connection circuit breaker with reset button for added safety long 10” cord for added flexibility ergonomic grip handle for easy portability rubber feet for added stability roto-molded impact resistant casing includes: user manual specifications: dimensions: 11.25” x 13.5” x 12” weight: 10lbs. cord length: 10ft. wattage: 115v warranty: 5 year limited customer service: (800) 233-0268","Lasko Super Fan Max Multi-Purpose Compact Air Mover The Lasko Super Fan Max Multi-Purpose Compact Air Mover, SF-20-G2 is the ultimate solution for rapid, efficient, and versatile air circulation. Crafted with durable Roto-molded impact-resistant construction, this commercial-grade floor fan is up to the task of drying wet surfaces, cooling large spaces, and enhancing ventilation. The foldable stand allows for a 20 degree angle pivot to reach more areas! The powerful fan features 3 high velocity speeds to quickly cool, exhaust and dry your space. With the two 120-volt outlets, you can connect up to 3 fans for expanded comfort or plug in other accessories. The blower fan features a circuit breaker with reset button and an easy-grip handle for portability. The 10-foot cord makes it easy to plug this fan into the nearest outlet. This powerful fan is perfect for workspaces, garages, basements and more. Comes with a 5-year limited warranty. Features: Lightweight and compact, delivering commercial-grade performance 3 powerful, high-velocity speeds Foldable stand for 20-degree angle pivot 4 angles, 3 directional pivots Two 115-volt outlets for accessories and multi-fan connection Circuit breaker with reset button for added safety Long 10” cord for added flexibility Ergonomic grip handle for easy portability Rubber feet for added stability Roto-molded impact resistant casing Includes: User Manual Specifications: Dimensions: 11.25” x 13.5” x 12” Weight: 10lbs. Cord Length: 10ft. Wattage: 115V Warranty: 5 Year Limited Customer Service: (800) 233-0268"
Danby 60-Pint Dehumidifier with Pump & Wi-Fi,249.99,costco.com,https://www.costco.com/cooling-air-treatment-heating.html?currentPage=2&pageSize=24,2025-01-18 22:31:01,cooling-air-treatment-heating,,https://www.costco.com/danby-60-pint-dehumidifier-with-pump-%2526-wi-fi.product.4000251692.html,"WARNING: Cancer and Reproductive Harm. For more information go to: www.P65Warnings.ca.gov . This Danby 60-pint Dehumidifier with Pump & Wi-Fi helps protect your home from humidity by removing up to 7.5 gal of water per day. The four wheels make moving from room-to-room very simple, and the Smart Dehumidify feature allows it to automatically control room humidity by factoring in ambient temperatures. The vertical pump feature allows the unit to pump water directly to a sink or drain for continuous operation and the Wi-Fi integration provides enhanced control over your device. This model also features easy to use electronic controls with an LED display, a reusable/washable filter, and a powerful 2 speed fan. Accessories Included: Drain hose Product Features: Electronic controls with LED display Direct drain feature allows for continuous operation Powerful 2 speed fan allows you to make adjustments to cater to your comfort Auto restart: Unit automatically restarts after a power failure Low temp function: unit operates at temperatures as low as 41°F 24-hour programmable timer Four wheels for easy room-to-room transport Reusable, washable filter Dimensions & More Info: Plastic 18.78” x 14.17” x 24.61” 57.8 Lbs 420 Watts, 115 V Made in China Warranty: Limited 2 year carry-in warranty For product related questions please contact Danby at 1-800-263-2629",danby 60-pint dehumidifier with pump & wi-fi,"warning: cancer and reproductive harm. for more information go to: www.p65warnings.ca.gov . this danby 60-pint dehumidifier with pump & wi-fi helps protect your home from humidity by removing up to 7.5 gal of water per day. the four wheels make moving from room-to-room very simple, and the smart dehumidify feature allows it to automatically control room humidity by factoring in ambient temperatures. the vertical pump feature allows the unit to pump water directly to a sink or drain for continuous operation and the wi-fi integration provides enhanced control over your device. this model also features easy to use electronic controls with an led display, a reusable/washable filter, and a powerful 2 speed fan. accessories included: drain hose product features: electronic controls with led display direct drain feature allows for continuous operation powerful 2 speed fan allows you to make adjustments to cater to your comfort auto restart: unit automatically restarts after a power failure low temp function: unit operates at temperatures as low as 41°f 24-hour programmable timer four wheels for easy room-to-room transport reusable, washable filter dimensions & more info: plastic 18.78” x 14.17” x 24.61” 57.8 lbs 420 watts, 115 v made in china warranty: limited 2 year carry-in warranty for product related questions please contact danby at 1-800-263-2629","Danby 60-Pint Dehumidifier with Pump & Wi-Fi WARNING: Cancer and Reproductive Harm. For more information go to: www.P65Warnings.ca.gov . This Danby 60-pint Dehumidifier with Pump & Wi-Fi helps protect your home from humidity by removing up to 7.5 gal of water per day. The four wheels make moving from room-to-room very simple, and the Smart Dehumidify feature allows it to automatically control room humidity by factoring in ambient temperatures. The vertical pump feature allows the unit to pump water directly to a sink or drain for continuous operation and the Wi-Fi integration provides enhanced control over your device. This model also features easy to use electronic controls with an LED display, a reusable/washable filter, and a powerful 2 speed fan. Accessories Included: Drain hose Product Features: Electronic controls with LED display Direct drain feature allows for continuous operation Powerful 2 speed fan allows you to make adjustments to cater to your comfort Auto restart: Unit automatically restarts after a power failure Low temp function: unit operates at temperatures as low as 41°F 24-hour programmable timer Four wheels for easy room-to-room transport Reusable, washable filter Dimensions & More Info: Plastic 18.78” x 14.17” x 24.61” 57.8 Lbs 420 Watts, 115 V Made in China Warranty: Limited 2 year carry-in warranty For product related questions please contact Danby at 1-800-263-2629"
DeWalt 16 Inch 3-Speed Benchtop and Hanging Drum Fan,69.99,costco.com,https://www.costco.com/cooling-air-treatment-heating.html?currentPage=2&pageSize=24,2025-01-18 22:31:01,cooling-air-treatment-heating,,https://www.costco.com/dewalt-16-inch-3-speed-benchtop-and-hanging-drum-fan.product.4000249983.html,"The Dewalt 16 in. Benchtop and Hanging Fan is ideal for garages, basements, or workshop and tilts a full 360°. Sturdy handle allows for easy transportation from one location or workspace to another. Its compact size and lightweight design make it perfect for use on a benchtop or table, while its included hanging hardware means that you can easily mount it on a wall or ceiling for maximum convenience. Features: 6-foot power cord with cord wrap design provides reach and convenient storage. Low noise level at 60dBA Bold look and design Powerful airflow at 4000 CFM Includes 16 Inch Drum Fan with Hanging Hooks Specifications: Assembled Product Size (Inches): 22.87x15.24x23.7 Product Weight (lbs): 15.54 lbs Warranty: 5 Year Limited Warranty Customer Service : 630-389-1030",dewalt 16 inch 3-speed benchtop and hanging drum fan,"the dewalt 16 in. benchtop and hanging fan is ideal for garages, basements, or workshop and tilts a full 360°. sturdy handle allows for easy transportation from one location or workspace to another. its compact size and lightweight design make it perfect for use on a benchtop or table, while its included hanging hardware means that you can easily mount it on a wall or ceiling for maximum convenience. features: 6-foot power cord with cord wrap design provides reach and convenient storage. low noise level at 60dba bold look and design powerful airflow at 4000 cfm includes 16 inch drum fan with hanging hooks specifications: assembled product size (inches): 22.87x15.24x23.7 product weight (lbs): 15.54 lbs warranty: 5 year limited warranty customer service : 630-389-1030","DeWalt 16 Inch 3-Speed Benchtop and Hanging Drum Fan The Dewalt 16 in. Benchtop and Hanging Fan is ideal for garages, basements, or workshop and tilts a full 360°. Sturdy handle allows for easy transportation from one location or workspace to another. Its compact size and lightweight design make it perfect for use on a benchtop or table, while its included hanging hardware means that you can easily mount it on a wall or ceiling for maximum convenience. Features: 6-foot power cord with cord wrap design provides reach and convenient storage. Low noise level at 60dBA Bold look and design Powerful airflow at 4000 CFM Includes 16 Inch Drum Fan with Hanging Hooks Specifications: Assembled Product Size (Inches): 22.87x15.24x23.7 Product Weight (lbs): 15.54 lbs Warranty: 5 Year Limited Warranty Customer Service : 630-389-1030"
Sunfire CR80 Diesel/Kerosene Odorless Portable Radiant Heater,1199.99,costco.com,https://www.costco.com/cooling-air-treatment-heating.html?currentPage=3&pageSize=24,2025-01-18 22:31:01,cooling-air-treatment-heating,,https://www.costco.com/sunfire-cr80-dieselkerosene-odorless-portable-radiant-heater.product.4000324997.html,"WARNING: This product can expose you to Ceramic Fibers, which is known to the State of California to cause cancer. For more information go to: www.P65Warnings.ca.gov . Safely warm your shop, garage or jobsite with the ultimate radiant heater. The CR80 offers a quiet, clean, and odorless indoor heating experience with no fumes. Heating up to 1,900 Sq. Ft., this durable heater is built for long-term, heavy-duty use and is proudly Made in the USA. Features: Up to 10 Hr. Run Times 6-Gallon Tank Dustless Experience Rubber Flat Free Wheels Comfort-Grip Tube Frame Tip over Safety Switch Easy Tune-ups and Maintenance Small Footprint: 19.75”W x 28”L x 28.1”H Made in USA Includes: Extra Nozzle Specifications: Dimensions: 19.75”W x 28”L x 28.1”H Weight (Dry): 84 lbs. Weight (Full Tank): 126 lbs. Electrical Requirements: 120V .5A 60Hz UL Certified Customer Service: Email us at support@sunfireheaters.com, or call us at (608) 527-9141",sunfire cr80 diesel/kerosene odorless portable radiant heater,"warning: this product can expose you to ceramic fibers, which is known to the state of california to cause cancer. for more information go to: www.p65warnings.ca.gov . safely warm your shop, garage or jobsite with the ultimate radiant heater. the cr80 offers a quiet, clean, and odorless indoor heating experience with no fumes. heating up to 1,900 sq. ft., this durable heater is built for long-term, heavy-duty use and is proudly made in the usa. features: up to 10 hr. run times 6-gallon tank dustless experience rubber flat free wheels comfort-grip tube frame tip over safety switch easy tune-ups and maintenance small footprint: 19.75”w x 28”l x 28.1”h made in usa includes: extra nozzle specifications: dimensions: 19.75”w x 28”l x 28.1”h weight (dry): 84 lbs. weight (full tank): 126 lbs. electrical requirements: 120v .5a 60hz ul certified customer service: email us at support@sunfireheaters.com, or call us at (608) 527-9141","Sunfire CR80 Diesel/Kerosene Odorless Portable Radiant Heater WARNING: This product can expose you to Ceramic Fibers, which is known to the State of California to cause cancer. For more information go to: www.P65Warnings.ca.gov . Safely warm your shop, garage or jobsite with the ultimate radiant heater. The CR80 offers a quiet, clean, and odorless indoor heating experience with no fumes. Heating up to 1,900 Sq. Ft., this durable heater is built for long-term, heavy-duty use and is proudly Made in the USA. Features: Up to 10 Hr. Run Times 6-Gallon Tank Dustless Experience Rubber Flat Free Wheels Comfort-Grip Tube Frame Tip over Safety Switch Easy Tune-ups and Maintenance Small Footprint: 19.75”W x 28”L x 28.1”H Made in USA Includes: Extra Nozzle Specifications: Dimensions: 19.75”W x 28”L x 28.1”H Weight (Dry): 84 lbs. Weight (Full Tank): 126 lbs. Electrical Requirements: 120V .5A 60Hz UL Certified Customer Service: Email us at support@sunfireheaters.com, or call us at (608) 527-9141"
"DeWalt 24"" Heavy-Duty Drum Fan",159.99,costco.com,https://www.costco.com/cooling-air-treatment-heating.html?currentPage=3&pageSize=24,2025-01-18 22:31:01,cooling-air-treatment-heating,,https://www.costco.com/dewalt-24%22-heavy-duty-drum-fan.product.4000283454.html,"The 24 inch roll-around tilt fan is ideal for garages, basements, covered patios, workshops or even warehouse and factory stations and it tilts a full 360°degrees. Two rubber wheels and sturdy handle allow positioning of the floor fan exactly where you need it or easy transportation from one location or workspace to another. The stepless speed setting on this high-velocity fan allows you to customize airflow, providing ventilation for large areas. Features: Stepless speed setting on this high-velocity fan allows you to customize airflow, providing optimal ventilation for large areas Extra-long, 12 ft. power cord with cord wrap design provides reach and convenient storage All metal heavy-duty housing that is easy to assemble and take apart for easy and convenient maintenance Low noise: ≤ 60 dBA Two semi-pneumatic rubber wheels and sturdy handle allow positioning of the floor fan exactly where you need it or easy transportation from one location or workspace to another 6500 CFM 5-Year Limited Warranty","dewalt 24"" heavy-duty drum fan","the 24 inch roll-around tilt fan is ideal for garages, basements, covered patios, workshops or even warehouse and factory stations and it tilts a full 360°degrees. two rubber wheels and sturdy handle allow positioning of the floor fan exactly where you need it or easy transportation from one location or workspace to another. the stepless speed setting on this high-velocity fan allows you to customize airflow, providing ventilation for large areas. features: stepless speed setting on this high-velocity fan allows you to customize airflow, providing optimal ventilation for large areas extra-long, 12 ft. power cord with cord wrap design provides reach and convenient storage all metal heavy-duty housing that is easy to assemble and take apart for easy and convenient maintenance low noise: ≤ 60 dba two semi-pneumatic rubber wheels and sturdy handle allow positioning of the floor fan exactly where you need it or easy transportation from one location or workspace to another 6500 cfm 5-year limited warranty","DeWalt 24"" Heavy-Duty Drum Fan The 24 inch roll-around tilt fan is ideal for garages, basements, covered patios, workshops or even warehouse and factory stations and it tilts a full 360°degrees. Two rubber wheels and sturdy handle allow positioning of the floor fan exactly where you need it or easy transportation from one location or workspace to another. The stepless speed setting on this high-velocity fan allows you to customize airflow, providing ventilation for large areas. Features: Stepless speed setting on this high-velocity fan allows you to customize airflow, providing optimal ventilation for large areas Extra-long, 12 ft. power cord with cord wrap design provides reach and convenient storage All metal heavy-duty housing that is easy to assemble and take apart for easy and convenient maintenance Low noise: ≤ 60 dBA Two semi-pneumatic rubber wheels and sturdy handle allow positioning of the floor fan exactly where you need it or easy transportation from one location or workspace to another 6500 CFM 5-Year Limited Warranty"
"Hisense 8,000 BTU Portable Air Conditioner with Dual Hose and Inverter",399.99,costco.com,https://www.costco.com/cooling-air-treatment-heating.html?currentPage=3&pageSize=24,2025-01-18 22:31:01,cooling-air-treatment-heating,,https://www.costco.com/hisense-8%2c000-btu-portable-air-conditioner-with-dual-hose-and-inverter.product.4000223225.html,"WARNING: Cancer and Reproductive Harm. For more information go to: www.P65Warnings.ca.gov . The Hisense 8000 BTU Portable Air Conditioner provides Fast Cooling with its Dual Hose design, by eliminating the vacuum effect of standard portable air conditioners. The Inverter technology delivers quiet, efficient, and consistent cooling. The easy-to-install snap-together window kit fits windows 25"" to 50"" wide, helping preserve the external appearance of your home. The ConnectLife app and included remote control put easy operation right at your fingertips. Backed by a 2-year warranty on both parts and labor. Accessories Included: Remote control Easy installation window kit Product Features: Dual-Hose vent system Inverter technology for ultra quiet operation and energy saving Easy snap window kit assembly Wi-Fi connectivity with free ConnectLife App Removable and washable filter 3 operating mode and fan speed 24-hr on/off timer Dimensions & More Info: 17.6"" W x 28.1"" H x 13.5"" D 59.7 lbs 115V Made in Thailand Warranty: Parts/Labor: 2 years For product related questions please contact Hisense at 1-877-465-3566","hisense 8,000 btu portable air conditioner with dual hose and inverter","warning: cancer and reproductive harm. for more information go to: www.p65warnings.ca.gov . the hisense 8000 btu portable air conditioner provides fast cooling with its dual hose design, by eliminating the vacuum effect of standard portable air conditioners. the inverter technology delivers quiet, efficient, and consistent cooling. the easy-to-install snap-together window kit fits windows 25"" to 50"" wide, helping preserve the external appearance of your home. the connectlife app and included remote control put easy operation right at your fingertips. backed by a 2-year warranty on both parts and labor. accessories included: remote control easy installation window kit product features: dual-hose vent system inverter technology for ultra quiet operation and energy saving easy snap window kit assembly wi-fi connectivity with free connectlife app removable and washable filter 3 operating mode and fan speed 24-hr on/off timer dimensions & more info: 17.6"" w x 28.1"" h x 13.5"" d 59.7 lbs 115v made in thailand warranty: parts/labor: 2 years for product related questions please contact hisense at 1-877-465-3566","Hisense 8,000 BTU Portable Air Conditioner with Dual Hose and Inverter WARNING: Cancer and Reproductive Harm. For more information go to: www.P65Warnings.ca.gov . The Hisense 8000 BTU Portable Air Conditioner provides Fast Cooling with its Dual Hose design, by eliminating the vacuum effect of standard portable air conditioners. The Inverter technology delivers quiet, efficient, and consistent cooling. The easy-to-install snap-together window kit fits windows 25"" to 50"" wide, helping preserve the external appearance of your home. The ConnectLife app and included remote control put easy operation right at your fingertips. Backed by a 2-year warranty on both parts and labor. Accessories Included: Remote control Easy installation window kit Product Features: Dual-Hose vent system Inverter technology for ultra quiet operation and energy saving Easy snap window kit assembly Wi-Fi connectivity with free ConnectLife App Removable and washable filter 3 operating mode and fan speed 24-hr on/off timer Dimensions & More Info: 17.6"" W x 28.1"" H x 13.5"" D 59.7 lbs 115V Made in Thailand Warranty: Parts/Labor: 2 years For product related questions please contact Hisense at 1-877-465-3566"
Kutano 2-Door Reach-In Refrigerator,2699.99,costco.com,https://www.costco.com/commercial-restaurant.html,2025-01-18 22:31:01,commercial-restaurant,,https://www.costco.com/kutano-2-door-reach-in-refrigerator%2c-stainless-steel.product.100901238.html,"Model: KUTR2SS Reach-In Refrigerator Stainless steel Dimensions: 84.75""H x 55.25""W x 31.25""D Weight: 465 lbs. Capacity: 49 cu. ft. Shipping dimensions:92""H  x 57""W x 38""D",kutano 2-door reach-in refrigerator,"model: kutr2ss reach-in refrigerator stainless steel dimensions: 84.75""h x 55.25""w x 31.25""d weight: 465 lbs. capacity: 49 cu. ft. shipping dimensions:92""h  x 57""w x 38""d","Kutano 2-Door Reach-In Refrigerator Model: KUTR2SS Reach-In Refrigerator Stainless steel Dimensions: 84.75""H x 55.25""W x 31.25""D Weight: 465 lbs. Capacity: 49 cu. ft. Shipping dimensions:92""H  x 57""W x 38""D"
Kutano 2-Door Reach-In Freezer,2999.99,costco.com,https://www.costco.com/commercial-restaurant.html,2025-01-18 22:31:01,commercial-restaurant,,https://www.costco.com/kutano-2-door-reach-in-freezer%2c-stainless-steel.product.100901286.html,"WARNING: Cancer and Reproductive Harm. For more information go to: www.P65Warnings.ca.gov . Model: KUTF2SS Reach-In Freezer Stainless steel Capacity: 49 cu. ft. Dimensions: 84.75""H x 55.25""W x 31.25""D Weight: 500 lbs. Shipping dimensions: 89""H x 60""W x 36""D",kutano 2-door reach-in freezer,"warning: cancer and reproductive harm. for more information go to: www.p65warnings.ca.gov . model: kutf2ss reach-in freezer stainless steel capacity: 49 cu. ft. dimensions: 84.75""h x 55.25""w x 31.25""d weight: 500 lbs. shipping dimensions: 89""h x 60""w x 36""d","Kutano 2-Door Reach-In Freezer WARNING: Cancer and Reproductive Harm. For more information go to: www.P65Warnings.ca.gov . Model: KUTF2SS Reach-In Freezer Stainless steel Capacity: 49 cu. ft. Dimensions: 84.75""H x 55.25""W x 31.25""D Weight: 500 lbs. Shipping dimensions: 89""H x 60""W x 36""D"
"Uniflow Commercial Ice Machine, 75 lb Capacity",1899.99,costco.com,https://www.costco.com/commercial-restaurant.html,2025-01-18 22:31:01,commercial-restaurant,,https://www.costco.com/uniflow-commercial-ice-machine%2c-75-lb-capacity%2c-stainless-steel.product.100894352.html,"WARNING: Cancer and Reproductive Harm. For more information go to: www.P65Warnings.ca.gov . Uniflow Intelligent Series self-contained, air-cooled ice machines are perfect for any free-standing or built-in application. Producing full dice cubes, each unit features a sanitary self-contained storage bin. The durable stainless steel and black trim exterior is easy to clean and service. The digital controls and front-breathing design with vertical evaporator will deliver years of reliable ice production. Model: UIM225NB Commercial Ice Machine Intelligent Series Stainless steel, black trim exterior Ice bin storage capacity: 75 lbs (34 kg) Daily ice production: 225 lbs (102 kg) Dimensions: 24""W x 24""L x 39""H Weight: 141 lbs (64 kg) More Information: Internal blue LED light 6” adjustable leveling legs Includes ice scoop with internal scoop holder Antimicrobial agent within polyethylene storage bin liner for improved sanitation Certifications:  NSF, UL","uniflow commercial ice machine, 75 lb capacity","warning: cancer and reproductive harm. for more information go to: www.p65warnings.ca.gov . uniflow intelligent series self-contained, air-cooled ice machines are perfect for any free-standing or built-in application. producing full dice cubes, each unit features a sanitary self-contained storage bin. the durable stainless steel and black trim exterior is easy to clean and service. the digital controls and front-breathing design with vertical evaporator will deliver years of reliable ice production. model: uim225nb commercial ice machine intelligent series stainless steel, black trim exterior ice bin storage capacity: 75 lbs (34 kg) daily ice production: 225 lbs (102 kg) dimensions: 24""w x 24""l x 39""h weight: 141 lbs (64 kg) more information: internal blue led light 6” adjustable leveling legs includes ice scoop with internal scoop holder antimicrobial agent within polyethylene storage bin liner for improved sanitation certifications:  nsf, ul","Uniflow Commercial Ice Machine, 75 lb Capacity WARNING: Cancer and Reproductive Harm. For more information go to: www.P65Warnings.ca.gov . Uniflow Intelligent Series self-contained, air-cooled ice machines are perfect for any free-standing or built-in application. Producing full dice cubes, each unit features a sanitary self-contained storage bin. The durable stainless steel and black trim exterior is easy to clean and service. The digital controls and front-breathing design with vertical evaporator will deliver years of reliable ice production. Model: UIM225NB Commercial Ice Machine Intelligent Series Stainless steel, black trim exterior Ice bin storage capacity: 75 lbs (34 kg) Daily ice production: 225 lbs (102 kg) Dimensions: 24""W x 24""L x 39""H Weight: 141 lbs (64 kg) More Information: Internal blue LED light 6” adjustable leveling legs Includes ice scoop with internal scoop holder Antimicrobial agent within polyethylene storage bin liner for improved sanitation Certifications:  NSF, UL"
Kutano Reach-In Freezer with Solid Door,1899.99,costco.com,https://www.costco.com/commercial-restaurant.html,2025-01-18 22:31:01,commercial-restaurant,,https://www.costco.com/kutano-reach-in-freezer-with-solid-door%2c-stainless-steel.product.4000050712.html,"WARNING: Cancer and Reproductive Harm. For more information go to: www.P65Warnings.ca.gov . Model: KUTF1SS Reach-In Freezer with Solid Door Stainless Steel Capacity: 23 cu. ft. Dimensions: 27.625""W x 31.25""D x 80""H Weight: 315 lbs. Shipping dimensions: 29""W x 34""D x 86""H More Information: “Ecomate” (GWP) (ODP) insulation, 2-3/8” thick; In step door design and full-length handle; Field reversible door; Door locks with universal key; Hermetic compressor, self-contained refrigeration with epoxy coated evaporator; Automatic evaporator: Paper fins not utilized in the evaporation process; Electronic controller with digital display; Accepts 18” x 26” sheet pans; LED lighting R-290 Hydrocarbon meet DOE's Energy Conservation standards Meets the NSF-7 standard for food safety; ETL Listed",kutano reach-in freezer with solid door,"warning: cancer and reproductive harm. for more information go to: www.p65warnings.ca.gov . model: kutf1ss reach-in freezer with solid door stainless steel capacity: 23 cu. ft. dimensions: 27.625""w x 31.25""d x 80""h weight: 315 lbs. shipping dimensions: 29""w x 34""d x 86""h more information: “ecomate” (gwp) (odp) insulation, 2-3/8” thick; in step door design and full-length handle; field reversible door; door locks with universal key; hermetic compressor, self-contained refrigeration with epoxy coated evaporator; automatic evaporator: paper fins not utilized in the evaporation process; electronic controller with digital display; accepts 18” x 26” sheet pans; led lighting r-290 hydrocarbon meet doe's energy conservation standards meets the nsf-7 standard for food safety; etl listed","Kutano Reach-In Freezer with Solid Door WARNING: Cancer and Reproductive Harm. For more information go to: www.P65Warnings.ca.gov . Model: KUTF1SS Reach-In Freezer with Solid Door Stainless Steel Capacity: 23 cu. ft. Dimensions: 27.625""W x 31.25""D x 80""H Weight: 315 lbs. Shipping dimensions: 29""W x 34""D x 86""H More Information: “Ecomate” (GWP) (ODP) insulation, 2-3/8” thick; In step door design and full-length handle; Field reversible door; Door locks with universal key; Hermetic compressor, self-contained refrigeration with epoxy coated evaporator; Automatic evaporator: Paper fins not utilized in the evaporation process; Electronic controller with digital display; Accepts 18” x 26” sheet pans; LED lighting R-290 Hydrocarbon meet DOE's Energy Conservation standards Meets the NSF-7 standard for food safety; ETL Listed"
Kutano 2-Door Sandwich/Salad Top Prep Table,2049.99,costco.com,https://www.costco.com/commercial-restaurant.html,2025-01-18 22:31:01,commercial-restaurant,,https://www.costco.com/kutano-2-door-sandwichsalad-top-prep-table%2c-stainless-steel.product.100893858.html,"WARNING: Cancer and Reproductive Harm. For more information go to: www.P65Warnings.ca.gov . Model: KUT2D48PT Sandwich/Salad Top Prep Table Dimensions: 43""H x 48""W x 30""D Weight: 280 lbs. Shipping dimensions: 52""H  x 51""W x 38""D",kutano 2-door sandwich/salad top prep table,"warning: cancer and reproductive harm. for more information go to: www.p65warnings.ca.gov . model: kut2d48pt sandwich/salad top prep table dimensions: 43""h x 48""w x 30""d weight: 280 lbs. shipping dimensions: 52""h  x 51""w x 38""d","Kutano 2-Door Sandwich/Salad Top Prep Table WARNING: Cancer and Reproductive Harm. For more information go to: www.P65Warnings.ca.gov . Model: KUT2D48PT Sandwich/Salad Top Prep Table Dimensions: 43""H x 48""W x 30""D Weight: 280 lbs. Shipping dimensions: 52""H  x 51""W x 38""D"
"Kutano 27"" Salad and Sandwich Prep Table",1199.99,costco.com,https://www.costco.com/commercial-restaurant.html,2025-01-18 22:31:01,commercial-restaurant,,https://www.costco.com/kutano-27%22-salad-and-sandwich-prep-table%2c-stainless-steel.product.4000050949.html,"WARNING: Cancer and Reproductive Harm. For more information go to: www.P65Warnings.ca.gov . Model: KUT271DPT 27"" Salad and Sandwich Prep Table Shelf Dimensions: 14 3/4""L x 22""D Dimensions: 27""W x 30""D x 43""H Weight: 188 lbs. Stainless Steel More Information: Hermetic compressor: Self-contained refrigeration with epoxy coated evaporator Automatic evaporator: Paper fins not utilized in the evaporation process Full length removable white Nylamid NSF, 10” cutting board Complete stainless-steel interior with coved corner floors to meet NSF standards Ecomate (GWP) (ODP) insulation, 2” thick","kutano 27"" salad and sandwich prep table","warning: cancer and reproductive harm. for more information go to: www.p65warnings.ca.gov . model: kut271dpt 27"" salad and sandwich prep table shelf dimensions: 14 3/4""l x 22""d dimensions: 27""w x 30""d x 43""h weight: 188 lbs. stainless steel more information: hermetic compressor: self-contained refrigeration with epoxy coated evaporator automatic evaporator: paper fins not utilized in the evaporation process full length removable white nylamid nsf, 10” cutting board complete stainless-steel interior with coved corner floors to meet nsf standards ecomate (gwp) (odp) insulation, 2” thick","Kutano 27"" Salad and Sandwich Prep Table WARNING: Cancer and Reproductive Harm. For more information go to: www.P65Warnings.ca.gov . Model: KUT271DPT 27"" Salad and Sandwich Prep Table Shelf Dimensions: 14 3/4""L x 22""D Dimensions: 27""W x 30""D x 43""H Weight: 188 lbs. Stainless Steel More Information: Hermetic compressor: Self-contained refrigeration with epoxy coated evaporator Automatic evaporator: Paper fins not utilized in the evaporation process Full length removable white Nylamid NSF, 10” cutting board Complete stainless-steel interior with coved corner floors to meet NSF standards Ecomate (GWP) (ODP) insulation, 2” thick"
Kutano Reach-In Refrigerator with Solid Door,1799.99,costco.com,https://www.costco.com/commercial-restaurant.html,2025-01-18 22:31:01,commercial-restaurant,,https://www.costco.com/kutano-reach-in-refrigerator-with-solid-door%2c-stainless-steel.product.4000050711.html,"WARNING: Cancer and Reproductive Harm. For more information go to: www.P65Warnings.ca.gov . Model: KTR1SS Reach-In Refrigerator with Solid Door Stainless Steel Capacity: 23 cu. ft. Dimensions: 27.625""W x 31.25""D x 80""H Weight: 295 lbs. Shipping dimensions: 29""W x 34""D x 86""H More Information: “Ecomate” (GWP) (ODP) insulation, 2-3/8” thick In step door design and full-length handle Field reversible door Door locks with universal key Hermetic compressor, self-contained refrigeration with epoxy coated evaporator Automatic evaporator: Paper fins not utilized in the evaporation process Electronic controller with digital display Accepts 18” x 26” sheet pans Standard with 5” castors, front with brakes LED lighting R-290 Hydrocarbon meet DOE's Energy Conservation standards Meets the NSF-7 standard for food safety",kutano reach-in refrigerator with solid door,"warning: cancer and reproductive harm. for more information go to: www.p65warnings.ca.gov . model: ktr1ss reach-in refrigerator with solid door stainless steel capacity: 23 cu. ft. dimensions: 27.625""w x 31.25""d x 80""h weight: 295 lbs. shipping dimensions: 29""w x 34""d x 86""h more information: “ecomate” (gwp) (odp) insulation, 2-3/8” thick in step door design and full-length handle field reversible door door locks with universal key hermetic compressor, self-contained refrigeration with epoxy coated evaporator automatic evaporator: paper fins not utilized in the evaporation process electronic controller with digital display accepts 18” x 26” sheet pans standard with 5” castors, front with brakes led lighting r-290 hydrocarbon meet doe's energy conservation standards meets the nsf-7 standard for food safety","Kutano Reach-In Refrigerator with Solid Door WARNING: Cancer and Reproductive Harm. For more information go to: www.P65Warnings.ca.gov . Model: KTR1SS Reach-In Refrigerator with Solid Door Stainless Steel Capacity: 23 cu. ft. Dimensions: 27.625""W x 31.25""D x 80""H Weight: 295 lbs. Shipping dimensions: 29""W x 34""D x 86""H More Information: “Ecomate” (GWP) (ODP) insulation, 2-3/8” thick In step door design and full-length handle Field reversible door Door locks with universal key Hermetic compressor, self-contained refrigeration with epoxy coated evaporator Automatic evaporator: Paper fins not utilized in the evaporation process Electronic controller with digital display Accepts 18” x 26” sheet pans Standard with 5” castors, front with brakes LED lighting R-290 Hydrocarbon meet DOE's Energy Conservation standards Meets the NSF-7 standard for food safety"
"Kutano Natural Gas Fryer, 3-Burner, 50 lb Capacity, 105K BTU",999.99,costco.com,https://www.costco.com/commercial-restaurant.html,2025-01-18 22:31:01,commercial-restaurant,,https://www.costco.com/kutano-natural-gas-fryer%2c-3-burner%2c-50-lb-capacity%2c-105k-btu%2c-stainless-steel.product.100893853.html,"WARNING: Cancer and Reproductive Harm. For more information go to: www.P65Warnings.ca.gov . Model: KUT50FRN 3-Burner Natural Gas Fryer 35K BTU per burner (105K total BTU heat output) 2 nickel coated fryer baskets included 6"" adjustable legs 16 gauge stainless steel tank Dimensions: 16""W x 31.75""D x 46.13""H Shipping weight: 167 lbs. Shipping dimensions: 17""W x 33""D x 41""H","kutano natural gas fryer, 3-burner, 50 lb capacity, 105k btu","warning: cancer and reproductive harm. for more information go to: www.p65warnings.ca.gov . model: kut50frn 3-burner natural gas fryer 35k btu per burner (105k total btu heat output) 2 nickel coated fryer baskets included 6"" adjustable legs 16 gauge stainless steel tank dimensions: 16""w x 31.75""d x 46.13""h shipping weight: 167 lbs. shipping dimensions: 17""w x 33""d x 41""h","Kutano Natural Gas Fryer, 3-Burner, 50 lb Capacity, 105K BTU WARNING: Cancer and Reproductive Harm. For more information go to: www.P65Warnings.ca.gov . Model: KUT50FRN 3-Burner Natural Gas Fryer 35K BTU per burner (105K total BTU heat output) 2 nickel coated fryer baskets included 6"" adjustable legs 16 gauge stainless steel tank Dimensions: 16""W x 31.75""D x 46.13""H Shipping weight: 167 lbs. Shipping dimensions: 17""W x 33""D x 41""H"
"Kutano 36"" Restaurant Range, Gas, 6-Burner",1399.99,costco.com,https://www.costco.com/commercial-restaurant.html,2025-01-18 22:31:01,commercial-restaurant,,https://www.costco.com/kutano-36%22-restaurant-range%2c-gas%2c-6-burner%2c-stainless-steel.product.100893864.html,"WARNING: Cancer and Reproductive Harm. For more information go to: www.P65Warnings.ca.gov . Model: KUT6BR Restaurant Gas Range Stainless steel Dimensions: 56.50""H x 36""W x 33.50""D Weight: 405 lbs. Shipping dimensions: 41""H x 40""W x 38""D","kutano 36"" restaurant range, gas, 6-burner","warning: cancer and reproductive harm. for more information go to: www.p65warnings.ca.gov . model: kut6br restaurant gas range stainless steel dimensions: 56.50""h x 36""w x 33.50""d weight: 405 lbs. shipping dimensions: 41""h x 40""w x 38""d","Kutano 36"" Restaurant Range, Gas, 6-Burner WARNING: Cancer and Reproductive Harm. For more information go to: www.P65Warnings.ca.gov . Model: KUT6BR Restaurant Gas Range Stainless steel Dimensions: 56.50""H x 36""W x 33.50""D Weight: 405 lbs. Shipping dimensions: 41""H x 40""W x 38""D"
Kutano Merchandiser Refrigerator,1699.99,costco.com,https://www.costco.com/commercial-restaurant.html,2025-01-18 22:31:01,commercial-restaurant,,https://www.costco.com/kutano-merchandiser-refrigerator%2c-black.product.4000140441.html,"WARNING: Cancer and Reproductive Harm. For more information go to: www.P65Warnings.ca.gov . Model: KUTGDM-1 Merchandiser Refrigerator Black Capacity: 23.0 cu. ft. Dimensions: 27.5""W x 83.875""H x 31.25""D Weight: 293 lbs. Shipping dimensions: 29""W x 86""H x 34""D More Information: One piece magnetic gasket is removable without tools “Ecomate” (GWP) (ODP) insulation, 2-3/8” thick In step door design and full-length handle One-piece magnetic door gasket, removable without tools Zamak hinges for a durable long-lasting door Field reversible door Hermetic compressor, self-contained refrigeration with epoxy coated evaporator Automatic evaporator: Paper fins not utilized in the evaporation process Electronic controller with digital display Standard with 3” castors Meets the NSF-7 standard for food safety",kutano merchandiser refrigerator,"warning: cancer and reproductive harm. for more information go to: www.p65warnings.ca.gov . model: kutgdm-1 merchandiser refrigerator black capacity: 23.0 cu. ft. dimensions: 27.5""w x 83.875""h x 31.25""d weight: 293 lbs. shipping dimensions: 29""w x 86""h x 34""d more information: one piece magnetic gasket is removable without tools “ecomate” (gwp) (odp) insulation, 2-3/8” thick in step door design and full-length handle one-piece magnetic door gasket, removable without tools zamak hinges for a durable long-lasting door field reversible door hermetic compressor, self-contained refrigeration with epoxy coated evaporator automatic evaporator: paper fins not utilized in the evaporation process electronic controller with digital display standard with 3” castors meets the nsf-7 standard for food safety","Kutano Merchandiser Refrigerator WARNING: Cancer and Reproductive Harm. For more information go to: www.P65Warnings.ca.gov . Model: KUTGDM-1 Merchandiser Refrigerator Black Capacity: 23.0 cu. ft. Dimensions: 27.5""W x 83.875""H x 31.25""D Weight: 293 lbs. Shipping dimensions: 29""W x 86""H x 34""D More Information: One piece magnetic gasket is removable without tools “Ecomate” (GWP) (ODP) insulation, 2-3/8” thick In step door design and full-length handle One-piece magnetic door gasket, removable without tools Zamak hinges for a durable long-lasting door Field reversible door Hermetic compressor, self-contained refrigeration with epoxy coated evaporator Automatic evaporator: Paper fins not utilized in the evaporation process Electronic controller with digital display Standard with 3” castors Meets the NSF-7 standard for food safety"
Tiger 5.5-Cup Micom Rice Cooker and Warmer,99.99,costco.com,https://www.costco.com/small-kitchen-appliances.html,2025-01-18 22:31:01,small-appliances,,https://www.costco.com/tiger-5.5-cup-micom-rice-cooker-and-warmer.product.100410800.html,"Designated Chemical Disclosure Enjoy delicious and flavorful rice in your household with Tiger’s Micom Rice Cooker & Warmer. With easy preparation, you can select between 10 settings to prepare a variety of dishes. The rice cooker will make necessary temperature and time adjustments based on your cooking setting selection. With Tiger’s own “tacook” cooking plate, you can synchronize cooking rice and a main dish at the same time. You can also use the rice cooker for different dishes using the slow cook or steam settings. Accessories Included: Cooking plate (BPA free) Rice measuring cup Spatula Spatula holder Recipe book Features: 5.5 cup (uncooked) capacity 10 cooking menu settings: Plain, Quick (for reduced rice cooking time), Brown, Multigrain, Mixed, Sweet, Porridge, Slow Cook, Steam, and Synchro-Cook Tiger’s own “tacook” cooking plate can cook rice and a main dish without the flavors affecting each other 1.7mm non-stick inner pot allows the heat to circulate evenly while preventing the rice from sticking to the pot Easy-to-read LCD control panel displays menu selection, time (24-hour format), and countdown to the cooking completion Automatic “Keep Warm” after cooking completion for up to 12 hours without drying or burning Reheat warm cooked rice and oatmeal back to cooked temperature Store 2 preset cooking timer (for breakfast and dinner) to set cooking completion time to your desire Removable inner pressure control cap Made in Japan. Warranty: 1 year limited",tiger 5.5-cup micom rice cooker and warmer,"designated chemical disclosure enjoy delicious and flavorful rice in your household with tiger’s micom rice cooker & warmer. with easy preparation, you can select between 10 settings to prepare a variety of dishes. the rice cooker will make necessary temperature and time adjustments based on your cooking setting selection. with tiger’s own “tacook” cooking plate, you can synchronize cooking rice and a main dish at the same time. you can also use the rice cooker for different dishes using the slow cook or steam settings. accessories included: cooking plate (bpa free) rice measuring cup spatula spatula holder recipe book features: 5.5 cup (uncooked) capacity 10 cooking menu settings: plain, quick (for reduced rice cooking time), brown, multigrain, mixed, sweet, porridge, slow cook, steam, and synchro-cook tiger’s own “tacook” cooking plate can cook rice and a main dish without the flavors affecting each other 1.7mm non-stick inner pot allows the heat to circulate evenly while preventing the rice from sticking to the pot easy-to-read lcd control panel displays menu selection, time (24-hour format), and countdown to the cooking completion automatic “keep warm” after cooking completion for up to 12 hours without drying or burning reheat warm cooked rice and oatmeal back to cooked temperature store 2 preset cooking timer (for breakfast and dinner) to set cooking completion time to your desire removable inner pressure control cap made in japan. warranty: 1 year limited","Tiger 5.5-Cup Micom Rice Cooker and Warmer Designated Chemical Disclosure Enjoy delicious and flavorful rice in your household with Tiger’s Micom Rice Cooker & Warmer. With easy preparation, you can select between 10 settings to prepare a variety of dishes. The rice cooker will make necessary temperature and time adjustments based on your cooking setting selection. With Tiger’s own “tacook” cooking plate, you can synchronize cooking rice and a main dish at the same time. You can also use the rice cooker for different dishes using the slow cook or steam settings. Accessories Included: Cooking plate (BPA free) Rice measuring cup Spatula Spatula holder Recipe book Features: 5.5 cup (uncooked) capacity 10 cooking menu settings: Plain, Quick (for reduced rice cooking time), Brown, Multigrain, Mixed, Sweet, Porridge, Slow Cook, Steam, and Synchro-Cook Tiger’s own “tacook” cooking plate can cook rice and a main dish without the flavors affecting each other 1.7mm non-stick inner pot allows the heat to circulate evenly while preventing the rice from sticking to the pot Easy-to-read LCD control panel displays menu selection, time (24-hour format), and countdown to the cooking completion Automatic “Keep Warm” after cooking completion for up to 12 hours without drying or burning Reheat warm cooked rice and oatmeal back to cooked temperature Store 2 preset cooking timer (for breakfast and dinner) to set cooking completion time to your desire Removable inner pressure control cap Made in Japan. Warranty: 1 year limited"
Hamilton Beach FlexBrew 2-Way Single Serve Coffee Maker,79.99,costco.com,https://www.costco.com/small-kitchen-appliances.html,2025-01-18 22:31:01,small-appliances,,https://www.costco.com/hamilton-beach-flexbrew-2-way-single-serve-coffee-maker.product.100665646.html,"No two coffee drinkers are the same so when you make coffee at home, the flexibility to customize how and what you brew is key. From fresh grounds to K-Cup®* pods, the FlexBrew® 2-Way Coffee Maker gives you the options to please fans of all types of coffees. TWO WAYS TO BREW. Brew a full pot using your favorite grounds on the carafe side, or make a cup for yourself using a K-Cup®* pod or grounds on the single-serve side with this 2-in-1 coffee maker. SINGLE-SERVE: BREW WITH K-Cup®* PODS OR WITHOUT. Pod holder and single-serve grounds basket are included. Features cup rest that adjusts to fit tall mugs and doubles as storage. Pod-piercing needle removes for easy cleaning to prevent clogging. 12-CUP CARAFE SIDE. Features programmable timer, auto pause and serve and 2-hour auto shutoff. SEPARATE WATER RESERVOIRS. Each brewer has its own water reservoir that’s easy to fill and features a water window, so you always know which brewer has how much water. BREWING FLEXIBILITY. The Hamilton Beach FlexBrew 2-Way Coffee Maker has the option to please fans of all types of coffees and quantities, making it the perfect gift for a home with multiple coffee drinkers. Product Features: Brew a single cup or a full pot Use a single-serve pod or ground coffee Compatible with any K-Cup®* pod 2 easy-fill reservoirs and easy-view water windows Single brewing side lets you brew into a cup or travel mug Carafe side with programmable timer and auto shutoff Bold or regular brew strength options Stainless steel accents Brew a full pot of coffee the way you always have Easy-fill reservoir and water window Programmable timer with 2 hour automatic shutoff Automatic pause & serve Brews up to 10 oz. with K-Cup®* pack or 14 oz. with ground coffee Includes single-serve pack holder and brew basket Storage area inside cup rest for single-serve pack holder or brew basket *Filters and Mugs not included",hamilton beach flexbrew 2-way single serve coffee maker,"no two coffee drinkers are the same so when you make coffee at home, the flexibility to customize how and what you brew is key. from fresh grounds to k-cup®* pods, the flexbrew® 2-way coffee maker gives you the options to please fans of all types of coffees. two ways to brew. brew a full pot using your favorite grounds on the carafe side, or make a cup for yourself using a k-cup®* pod or grounds on the single-serve side with this 2-in-1 coffee maker. single-serve: brew with k-cup®* pods or without. pod holder and single-serve grounds basket are included. features cup rest that adjusts to fit tall mugs and doubles as storage. pod-piercing needle removes for easy cleaning to prevent clogging. 12-cup carafe side. features programmable timer, auto pause and serve and 2-hour auto shutoff. separate water reservoirs. each brewer has its own water reservoir that’s easy to fill and features a water window, so you always know which brewer has how much water. brewing flexibility. the hamilton beach flexbrew 2-way coffee maker has the option to please fans of all types of coffees and quantities, making it the perfect gift for a home with multiple coffee drinkers. product features: brew a single cup or a full pot use a single-serve pod or ground coffee compatible with any k-cup®* pod 2 easy-fill reservoirs and easy-view water windows single brewing side lets you brew into a cup or travel mug carafe side with programmable timer and auto shutoff bold or regular brew strength options stainless steel accents brew a full pot of coffee the way you always have easy-fill reservoir and water window programmable timer with 2 hour automatic shutoff automatic pause & serve brews up to 10 oz. with k-cup®* pack or 14 oz. with ground coffee includes single-serve pack holder and brew basket storage area inside cup rest for single-serve pack holder or brew basket *filters and mugs not included","Hamilton Beach FlexBrew 2-Way Single Serve Coffee Maker No two coffee drinkers are the same so when you make coffee at home, the flexibility to customize how and what you brew is key. From fresh grounds to K-Cup®* pods, the FlexBrew® 2-Way Coffee Maker gives you the options to please fans of all types of coffees. TWO WAYS TO BREW. Brew a full pot using your favorite grounds on the carafe side, or make a cup for yourself using a K-Cup®* pod or grounds on the single-serve side with this 2-in-1 coffee maker. SINGLE-SERVE: BREW WITH K-Cup®* PODS OR WITHOUT. Pod holder and single-serve grounds basket are included. Features cup rest that adjusts to fit tall mugs and doubles as storage. Pod-piercing needle removes for easy cleaning to prevent clogging. 12-CUP CARAFE SIDE. Features programmable timer, auto pause and serve and 2-hour auto shutoff. SEPARATE WATER RESERVOIRS. Each brewer has its own water reservoir that’s easy to fill and features a water window, so you always know which brewer has how much water. BREWING FLEXIBILITY. The Hamilton Beach FlexBrew 2-Way Coffee Maker has the option to please fans of all types of coffees and quantities, making it the perfect gift for a home with multiple coffee drinkers. Product Features: Brew a single cup or a full pot Use a single-serve pod or ground coffee Compatible with any K-Cup®* pod 2 easy-fill reservoirs and easy-view water windows Single brewing side lets you brew into a cup or travel mug Carafe side with programmable timer and auto shutoff Bold or regular brew strength options Stainless steel accents Brew a full pot of coffee the way you always have Easy-fill reservoir and water window Programmable timer with 2 hour automatic shutoff Automatic pause & serve Brews up to 10 oz. with K-Cup®* pack or 14 oz. with ground coffee Includes single-serve pack holder and brew basket Storage area inside cup rest for single-serve pack holder or brew basket *Filters and Mugs not included"
Frigidaire  Bottom Loading Water Cooler,179.99,costco.com,https://www.costco.com/small-kitchen-appliances.html,2025-01-18 22:31:01,small-appliances,,https://www.costco.com/frigidaire-stainless-steel-bottom-loading-water-cooler.product.100493343.html,"This Frigidaire Water Cooler offers an exterior cabinet that is a beautiful sparkling stainless steel, giving it an upscale look. Bottom-Loading technology hides the bottle from sight. Lifting heavy bottles and cleaning accidental spills are eliminated with this Frigidaire bottom load water cooler. Product Features: Hot and cold water bottom loading water dispenser in Stainless steel Indicators show water shortage, heating and cooling status and power indicator Ice cold  water at 0.74 GPH Steaming hot water at 1.32 GPH Constantly cold water 41°F Constantly hot water 194°F True toddler safety hot water lock LED night light Energy star compliant Bottom loading design with hidden bottle storage Stainless Steel finish Hot, normal and cold water buttons Cooling and heating indicator lights Fits standard 5 gallon bottles Removable drip tray for easy clean up Quiet cooling and heating Hot and cold water dispensing with safety lock for hot water dispensing Stainless steel welded internal reservoirs using 304 grade stainless steel Compressor cooling Heating power/Cooling power: 550W/80W Hot water tank capacity: 0.27 Gallon (1L) Cold water tank capacity: 1.0 Gallon (3.8L) Adjustable front leveling legs ABS food grade plastic Dimensions: 12.20""W x 12.59""D x 44.09""H, 38 lbs Made in China Warranty: Parts/Labor: 1 year For product related questions please contact Curtis International Ltd at 1-800-968-9853",frigidaire  bottom loading water cooler,"this frigidaire water cooler offers an exterior cabinet that is a beautiful sparkling stainless steel, giving it an upscale look. bottom-loading technology hides the bottle from sight. lifting heavy bottles and cleaning accidental spills are eliminated with this frigidaire bottom load water cooler. product features: hot and cold water bottom loading water dispenser in stainless steel indicators show water shortage, heating and cooling status and power indicator ice cold  water at 0.74 gph steaming hot water at 1.32 gph constantly cold water 41°f constantly hot water 194°f true toddler safety hot water lock led night light energy star compliant bottom loading design with hidden bottle storage stainless steel finish hot, normal and cold water buttons cooling and heating indicator lights fits standard 5 gallon bottles removable drip tray for easy clean up quiet cooling and heating hot and cold water dispensing with safety lock for hot water dispensing stainless steel welded internal reservoirs using 304 grade stainless steel compressor cooling heating power/cooling power: 550w/80w hot water tank capacity: 0.27 gallon (1l) cold water tank capacity: 1.0 gallon (3.8l) adjustable front leveling legs abs food grade plastic dimensions: 12.20""w x 12.59""d x 44.09""h, 38 lbs made in china warranty: parts/labor: 1 year for product related questions please contact curtis international ltd at 1-800-968-9853","Frigidaire  Bottom Loading Water Cooler This Frigidaire Water Cooler offers an exterior cabinet that is a beautiful sparkling stainless steel, giving it an upscale look. Bottom-Loading technology hides the bottle from sight. Lifting heavy bottles and cleaning accidental spills are eliminated with this Frigidaire bottom load water cooler. Product Features: Hot and cold water bottom loading water dispenser in Stainless steel Indicators show water shortage, heating and cooling status and power indicator Ice cold  water at 0.74 GPH Steaming hot water at 1.32 GPH Constantly cold water 41°F Constantly hot water 194°F True toddler safety hot water lock LED night light Energy star compliant Bottom loading design with hidden bottle storage Stainless Steel finish Hot, normal and cold water buttons Cooling and heating indicator lights Fits standard 5 gallon bottles Removable drip tray for easy clean up Quiet cooling and heating Hot and cold water dispensing with safety lock for hot water dispensing Stainless steel welded internal reservoirs using 304 grade stainless steel Compressor cooling Heating power/Cooling power: 550W/80W Hot water tank capacity: 0.27 Gallon (1L) Cold water tank capacity: 1.0 Gallon (3.8L) Adjustable front leveling legs ABS food grade plastic Dimensions: 12.20""W x 12.59""D x 44.09""H, 38 lbs Made in China Warranty: Parts/Labor: 1 year For product related questions please contact Curtis International Ltd at 1-800-968-9853"
Ninja 14-in-1 Double Oven with FlexDoor,279.99,costco.com,https://www.costco.com/small-kitchen-appliances.html,2025-01-18 22:31:01,small-appliances,,https://www.costco.com/ninja-14-in-1-double-oven-with-flexdoor.product.4000212760.html,"Meet the Ninja® Double Oven, the countertop oven that unlocks the power of two ovens in the counter space of one. Only Ninja has the FlexDoor™ that creates 2 separate ovens so you can cook 2 meals, 2 ways at different temperatures and cooking times. Use just the Top Rapid Oven for quick snacks, sides, and sheet pan meals—or the Bottom Convection & Air Fry Oven for larger roasts, bakes, or air frying up to 6 lbs of wings. You can also sync both independent ovens to cook a full course meal that finishes cooking at the same time with Smart Finish™ technology. While your meal cooks, FlavorSeal technology prevents flavor crossover between ovens. Two oven cavities in one eliminate back-to-back cooking for 65% faster meal-making than your traditional oven so you can put your wall oven out of business. Plus, this countertop dual oven features 14 cooking functions for the ultimate versatility. Accessories Included: 1800W Double Oven Unit (2) Sheet Pans Air Fry Basket (2) Wire Racks Removeable Crumb Tray Roast Tray Ninja NeverStick™ Premium 9"" Round Cake Pan Ninja NeverStick™ Premium 8"" Square Cake Pan Recipe Book Product Features: Flexdoor™ creates two separate ovens. Access just the top for quick meals and snacks, or open the full door so you can cook 2 meals, 2 ways on the top and bottom. FlavorSeal Technology prevents smells from crossing between ovens, so your flavors stay separate. SmartFinish™ technology syncs both independent ovens to cook 2 meals, 2 different ways that finish at the same time. Eliminate back-to-back cooking for 65% faster meal-making than your traditional oven. 14 cooking functions. Bake, broil, reheat, keep warm, bagel, toast, and cookies in the Top Rapid Oven. Air fry, convection bake, pizza, air roast, whole roast, dehydrate, and proof in the Bottom Convection & Air Fry Oven. Family-sized capacity to feed up to 8 people. Two independent ovens let you cook a meal for the kids and a separate meal for the parents at the same time for easy family dinners. Sync both ovens to cook a full meal that finishes cooking at the same time with Smart Finish™ technology. Dimensions & More Info: Type of material made out of: Metal, rubber, plastic 18.6” L x 16.39” W x 13.26” H 31 lbs 1800-Watts, 120 Volts Made in China Warranty: Parts/Labor: 1-year limited warranty The One (1) Year Limited Warranty applies to purchases made from authorized retailers of SharkNinja Operating LLC. Warranty coverage applies to the original owner and to the original product only and is not transferable. SharkNinja warrants that the unit shall be free from defects in material and workmanship for a period of one (1) year from the date of purchase when it is used under normal household conditions and maintained according to the requirements outlined in the Owner’s Guide, subject to the listed conditions and exclusions:",ninja 14-in-1 double oven with flexdoor,"meet the ninja® double oven, the countertop oven that unlocks the power of two ovens in the counter space of one. only ninja has the flexdoor™ that creates 2 separate ovens so you can cook 2 meals, 2 ways at different temperatures and cooking times. use just the top rapid oven for quick snacks, sides, and sheet pan meals—or the bottom convection & air fry oven for larger roasts, bakes, or air frying up to 6 lbs of wings. you can also sync both independent ovens to cook a full course meal that finishes cooking at the same time with smart finish™ technology. while your meal cooks, flavorseal technology prevents flavor crossover between ovens. two oven cavities in one eliminate back-to-back cooking for 65% faster meal-making than your traditional oven so you can put your wall oven out of business. plus, this countertop dual oven features 14 cooking functions for the ultimate versatility. accessories included: 1800w double oven unit (2) sheet pans air fry basket (2) wire racks removeable crumb tray roast tray ninja neverstick™ premium 9"" round cake pan ninja neverstick™ premium 8"" square cake pan recipe book product features: flexdoor™ creates two separate ovens. access just the top for quick meals and snacks, or open the full door so you can cook 2 meals, 2 ways on the top and bottom. flavorseal technology prevents smells from crossing between ovens, so your flavors stay separate. smartfinish™ technology syncs both independent ovens to cook 2 meals, 2 different ways that finish at the same time. eliminate back-to-back cooking for 65% faster meal-making than your traditional oven. 14 cooking functions. bake, broil, reheat, keep warm, bagel, toast, and cookies in the top rapid oven. air fry, convection bake, pizza, air roast, whole roast, dehydrate, and proof in the bottom convection & air fry oven. family-sized capacity to feed up to 8 people. two independent ovens let you cook a meal for the kids and a separate meal for the parents at the same time for easy family dinners. sync both ovens to cook a full meal that finishes cooking at the same time with smart finish™ technology. dimensions & more info: type of material made out of: metal, rubber, plastic 18.6” l x 16.39” w x 13.26” h 31 lbs 1800-watts, 120 volts made in china warranty: parts/labor: 1-year limited warranty the one (1) year limited warranty applies to purchases made from authorized retailers of sharkninja operating llc. warranty coverage applies to the original owner and to the original product only and is not transferable. sharkninja warrants that the unit shall be free from defects in material and workmanship for a period of one (1) year from the date of purchase when it is used under normal household conditions and maintained according to the requirements outlined in the owner’s guide, subject to the listed conditions and exclusions:","Ninja 14-in-1 Double Oven with FlexDoor Meet the Ninja® Double Oven, the countertop oven that unlocks the power of two ovens in the counter space of one. Only Ninja has the FlexDoor™ that creates 2 separate ovens so you can cook 2 meals, 2 ways at different temperatures and cooking times. Use just the Top Rapid Oven for quick snacks, sides, and sheet pan meals—or the Bottom Convection & Air Fry Oven for larger roasts, bakes, or air frying up to 6 lbs of wings. You can also sync both independent ovens to cook a full course meal that finishes cooking at the same time with Smart Finish™ technology. While your meal cooks, FlavorSeal technology prevents flavor crossover between ovens. Two oven cavities in one eliminate back-to-back cooking for 65% faster meal-making than your traditional oven so you can put your wall oven out of business. Plus, this countertop dual oven features 14 cooking functions for the ultimate versatility. Accessories Included: 1800W Double Oven Unit (2) Sheet Pans Air Fry Basket (2) Wire Racks Removeable Crumb Tray Roast Tray Ninja NeverStick™ Premium 9"" Round Cake Pan Ninja NeverStick™ Premium 8"" Square Cake Pan Recipe Book Product Features: Flexdoor™ creates two separate ovens. Access just the top for quick meals and snacks, or open the full door so you can cook 2 meals, 2 ways on the top and bottom. FlavorSeal Technology prevents smells from crossing between ovens, so your flavors stay separate. SmartFinish™ technology syncs both independent ovens to cook 2 meals, 2 different ways that finish at the same time. Eliminate back-to-back cooking for 65% faster meal-making than your traditional oven. 14 cooking functions. Bake, broil, reheat, keep warm, bagel, toast, and cookies in the Top Rapid Oven. Air fry, convection bake, pizza, air roast, whole roast, dehydrate, and proof in the Bottom Convection & Air Fry Oven. Family-sized capacity to feed up to 8 people. Two independent ovens let you cook a meal for the kids and a separate meal for the parents at the same time for easy family dinners. Sync both ovens to cook a full meal that finishes cooking at the same time with Smart Finish™ technology. Dimensions & More Info: Type of material made out of: Metal, rubber, plastic 18.6” L x 16.39” W x 13.26” H 31 lbs 1800-Watts, 120 Volts Made in China Warranty: Parts/Labor: 1-year limited warranty The One (1) Year Limited Warranty applies to purchases made from authorized retailers of SharkNinja Operating LLC. Warranty coverage applies to the original owner and to the original product only and is not transferable. SharkNinja warrants that the unit shall be free from defects in material and workmanship for a period of one (1) year from the date of purchase when it is used under normal household conditions and maintained according to the requirements outlined in the Owner’s Guide, subject to the listed conditions and exclusions:"
Capresso Metal Die-Cast Housing Conical Burr Coffee Grinder,99.99,costco.com,https://www.costco.com/small-kitchen-appliances.html,2025-01-18 22:31:01,small-appliances,,https://www.costco.com/capresso-metal-die-cast-housing-conical-burr-coffee-grinder.product.11378793.html,"All New JURA/CAPRESSO Items are tested before being shipped out to ensure the product is in perfect operating condition for the customer, because of these tests you may find coffee beans or water residue in your machine. For maximum aroma and flavor retention nothing beats the Infinity Conical Burr Grinder series.  The Metal Die-Cast Housing makes the grinder quieter, has less friction and is twice as heavy then non-metal grinders.  Computer controlled special grinding heads cut the angles and shapes of the steel burrs to within 0.1 mm precision (1/250 of 1 inch). Burrs are produced as matched pairs and are hand-assembled in Switzerland for precise fit. The multiple gear motor produces the slowest grinding action (< 450 rpm) resulting in highest precision grinding from Turkish fine to percolator coarse. Product Features: Heavy-duty brushed Metal die-cast housing Extremely wide range from Turkish fine to coarse for all kinds of coffee preparation Clearly marked fineness settings: 4 extra fine, fine, regular, & coarse; total of 16 settings Commercial grade, solid conical steel burrs w/advanced cutting design for high precision grinding Gear reduction motor grinds slow w/reduced noise & little static build-up Slowest grinding speed in its class creates less friction & heat build up preserving max aroma & flavor in any grind setting Safety lock system Upper conical burr removable for easy cleaning Tight fitting ground coffee container (holds up to 4 oz. of ground coffee) See through bean container holds up to 8.8 oz. of beans Timer can be set to grind from 5 to 60 seconds Pulse grinding possible Elegant, timeless and user-friendly design Cleaning brush and measuring scoop included Dimensions & More Info: 10.8” L x 5.4” W x 7.7” H; Weight: 6.1 lbs. Watt/Volt/Hertz: 100W, 120V, 60Hz UL Listed 1 Year Limited Warranty for Household Use Made in China Warranty: 1-year limited warranty for Household use For further product information please call Jura-Capresso at 1-800-767-3554.",capresso metal die-cast housing conical burr coffee grinder,"all new jura/capresso items are tested before being shipped out to ensure the product is in perfect operating condition for the customer, because of these tests you may find coffee beans or water residue in your machine. for maximum aroma and flavor retention nothing beats the infinity conical burr grinder series.  the metal die-cast housing makes the grinder quieter, has less friction and is twice as heavy then non-metal grinders.  computer controlled special grinding heads cut the angles and shapes of the steel burrs to within 0.1 mm precision (1/250 of 1 inch). burrs are produced as matched pairs and are hand-assembled in switzerland for precise fit. the multiple gear motor produces the slowest grinding action (< 450 rpm) resulting in highest precision grinding from turkish fine to percolator coarse. product features: heavy-duty brushed metal die-cast housing extremely wide range from turkish fine to coarse for all kinds of coffee preparation clearly marked fineness settings: 4 extra fine, fine, regular, & coarse; total of 16 settings commercial grade, solid conical steel burrs w/advanced cutting design for high precision grinding gear reduction motor grinds slow w/reduced noise & little static build-up slowest grinding speed in its class creates less friction & heat build up preserving max aroma & flavor in any grind setting safety lock system upper conical burr removable for easy cleaning tight fitting ground coffee container (holds up to 4 oz. of ground coffee) see through bean container holds up to 8.8 oz. of beans timer can be set to grind from 5 to 60 seconds pulse grinding possible elegant, timeless and user-friendly design cleaning brush and measuring scoop included dimensions & more info: 10.8” l x 5.4” w x 7.7” h; weight: 6.1 lbs. watt/volt/hertz: 100w, 120v, 60hz ul listed 1 year limited warranty for household use made in china warranty: 1-year limited warranty for household use for further product information please call jura-capresso at 1-800-767-3554.","Capresso Metal Die-Cast Housing Conical Burr Coffee Grinder All New JURA/CAPRESSO Items are tested before being shipped out to ensure the product is in perfect operating condition for the customer, because of these tests you may find coffee beans or water residue in your machine. For maximum aroma and flavor retention nothing beats the Infinity Conical Burr Grinder series.  The Metal Die-Cast Housing makes the grinder quieter, has less friction and is twice as heavy then non-metal grinders.  Computer controlled special grinding heads cut the angles and shapes of the steel burrs to within 0.1 mm precision (1/250 of 1 inch). Burrs are produced as matched pairs and are hand-assembled in Switzerland for precise fit. The multiple gear motor produces the slowest grinding action (< 450 rpm) resulting in highest precision grinding from Turkish fine to percolator coarse. Product Features: Heavy-duty brushed Metal die-cast housing Extremely wide range from Turkish fine to coarse for all kinds of coffee preparation Clearly marked fineness settings: 4 extra fine, fine, regular, & coarse; total of 16 settings Commercial grade, solid conical steel burrs w/advanced cutting design for high precision grinding Gear reduction motor grinds slow w/reduced noise & little static build-up Slowest grinding speed in its class creates less friction & heat build up preserving max aroma & flavor in any grind setting Safety lock system Upper conical burr removable for easy cleaning Tight fitting ground coffee container (holds up to 4 oz. of ground coffee) See through bean container holds up to 8.8 oz. of beans Timer can be set to grind from 5 to 60 seconds Pulse grinding possible Elegant, timeless and user-friendly design Cleaning brush and measuring scoop included Dimensions & More Info: 10.8” L x 5.4” W x 7.7” H; Weight: 6.1 lbs. Watt/Volt/Hertz: 100W, 120V, 60Hz UL Listed 1 Year Limited Warranty for Household Use Made in China Warranty: 1-year limited warranty for Household use For further product information please call Jura-Capresso at 1-800-767-3554."
Cuisinart Burr Grind & Brew 12 Cup Automatic Coffee Maker,129.99,costco.com,https://www.costco.com/small-kitchen-appliances.html,2025-01-18 22:31:01,small-appliances,,https://www.costco.com/cuisinart-burr-grind-%2526-brew-12-cup-automatic-coffee-maker.product.100490264.html,Designated Chemical Disclosure,cuisinart burr grind & brew 12 cup automatic coffee maker,designated chemical disclosure,Cuisinart Burr Grind & Brew 12 Cup Automatic Coffee Maker Designated Chemical Disclosure
Cuckoo 6 Cup Micom Rice Cooker,69.99,costco.com,https://www.costco.com/small-kitchen-appliances.html,2025-01-18 22:31:01,small-appliances,,https://www.costco.com/cuckoo-6-cup-micom-rice-cooker.product.100648984.html,"WARNING: Cancer and Reproductive Harm - www.P65Warnings.ca.gov . Cuckoo Electronics brings the best in high performance rice cooking technology in a sophisticated design. This multifunctional rice cooker allows you to cook all of your favorite grains at the touch of a button as well as cook your favorite, soups, stews, sauces and much more. Use precision cooking on your favorite rice dishes by selecting up to 16 customizable textures and flavors– all at your fingertips. Accessories Included: Non-Stick Inner Pot User Manual Rice Paddle Rice Measuring Cup Product Features: 10 Versatile Menu Options (Including Multi Cook, Multigrain, Brown, Steam, etc.) Create up to 16 different rice textures and flavors with 'My Mode' Adjustable Keep Warm Temperatures and Reheating Options Energy Saving with faster cooking times Eco-friendly 6 cup uncooked rice capacity (12 cups cooked) Dimensions & More Info: Plastic, Metal 9.5"" x 12.5"" x 8.5"" 7 lbs 580 Watts Made in Korea Warranty: 1 Year Limited Liability Warranty (Does not cover accessories) For product related questions please contact CUCKOO Electronics America at 213-228-5330",cuckoo 6 cup micom rice cooker,"warning: cancer and reproductive harm - www.p65warnings.ca.gov . cuckoo electronics brings the best in high performance rice cooking technology in a sophisticated design. this multifunctional rice cooker allows you to cook all of your favorite grains at the touch of a button as well as cook your favorite, soups, stews, sauces and much more. use precision cooking on your favorite rice dishes by selecting up to 16 customizable textures and flavors– all at your fingertips. accessories included: non-stick inner pot user manual rice paddle rice measuring cup product features: 10 versatile menu options (including multi cook, multigrain, brown, steam, etc.) create up to 16 different rice textures and flavors with 'my mode' adjustable keep warm temperatures and reheating options energy saving with faster cooking times eco-friendly 6 cup uncooked rice capacity (12 cups cooked) dimensions & more info: plastic, metal 9.5"" x 12.5"" x 8.5"" 7 lbs 580 watts made in korea warranty: 1 year limited liability warranty (does not cover accessories) for product related questions please contact cuckoo electronics america at 213-228-5330","Cuckoo 6 Cup Micom Rice Cooker WARNING: Cancer and Reproductive Harm - www.P65Warnings.ca.gov . Cuckoo Electronics brings the best in high performance rice cooking technology in a sophisticated design. This multifunctional rice cooker allows you to cook all of your favorite grains at the touch of a button as well as cook your favorite, soups, stews, sauces and much more. Use precision cooking on your favorite rice dishes by selecting up to 16 customizable textures and flavors– all at your fingertips. Accessories Included: Non-Stick Inner Pot User Manual Rice Paddle Rice Measuring Cup Product Features: 10 Versatile Menu Options (Including Multi Cook, Multigrain, Brown, Steam, etc.) Create up to 16 different rice textures and flavors with 'My Mode' Adjustable Keep Warm Temperatures and Reheating Options Energy Saving with faster cooking times Eco-friendly 6 cup uncooked rice capacity (12 cups cooked) Dimensions & More Info: Plastic, Metal 9.5"" x 12.5"" x 8.5"" 7 lbs 580 Watts Made in Korea Warranty: 1 Year Limited Liability Warranty (Does not cover accessories) For product related questions please contact CUCKOO Electronics America at 213-228-5330"
"JURA E6 Automatic Coffee Machine, Piano ",1399.99,costco.com,https://www.costco.com/small-kitchen-appliances.html,2025-01-18 22:31:01,small-appliances,,https://www.costco.com/jura-e6-automatic-coffee-machine%2c-piano-black.product.4000151201.html,"Even more aroma for even more enjoyment The Professional Aroma Grinder helps to create the perfect coffee that is second to none. Thanks to perfected grinder geometry, the quality of the grind is more consistent, and this performance is maintained over its entire service life. This optimizes aroma extraction and achieves an aroma increase of 12.2% compared to conventional grinders. Discover completely new sides to your favorite coffee specialty. Cappuccino made to perfection With the proven Easy Cappuccino function, you can enjoy superb cappuccino at the touch of a button. The milk nozzle, which was specially developed for cappuccino, ensures uniquely soft, fine milk foam that perfectly complements the coffee and promises true perfection. The ultimate solution for cappuccino lovers. Perfection made easy The clearly presented 2.8"" color display, six ideally placed buttons and an intuitive operating concept enable convenient operation of the E6, whether you want simple coffee preparation, to set individual preferences or use the self-explanatory cleaning functions. The E6 is also compatible with J.O.E.®, which allows you to prepare specialty coffees, set and store personal preferences and easily send your guests' coffee orders directly to the coffee machine from your smartphone. Sustainable design With its quiet elegance, the design of the E6 reflects the unique technology hidden behind its timeless exterior. The linear geometry with sophisticated chrome accents ensures a distinct visual that focuses uncompromisingly on first-class coffee and blends harmoniously into any décor. Both in terms of the selection of specialties and its design, the E6 purposely avoids any excess that could distract from its true essence: The perfect cup of coffee. Accessories Included: Jura Starter Kit User Manual Product Features: Professional Aroma Grinder grinds fresh, whole beans and ensures more aromatic coffee through more consistent grinding. Grinder is adjustable.. The advanced eighth-generation brewing unit with 3D brewing technology ensures ultimate flavor and aroma. JURA's exclusive Pulse Extraction Process, also known as P.E.P.®, ensures the optimum extraction time by pulsing the hot water through the ground coffee at the optimum frequency for the amount of water. Fine Foam Frother prepares fine, compact milk foam making it possible to prepare trend specialties to professional barista standards. The milk system should be cleaned daily using the included container when preparing milk specialties. The milk system can also be rinsed intermittently in between preparations. This versatile machine can also deliver hot water on demand for tea or Americano, with three programmable hot water temperatures. Holds 10 oz. of fresh, whole beans and has an aroma preservation lid to keep beans fresh to guarantee a fresh cup of coffee every time. The 64 oz. water tank is front loading and has an RFID chip which communicates with the CLEARYL Smart filter and advises the uses when it’s time to be replaced. The CLEARYL Smart filter maintains water purity as part of the brand’s commitment to maximizing quality and taste. Programmable Color Display Height Adjustable Dual Coffee Spouts Dimensions & More Info: 11 in W x 13.8 in H x 17.6 in D 20 Lbs 230 V | 1450 W Made in Portugal Warranty: 2 Year limited warranty For product related questions please contact “Jura” at 1-800-220-5701","jura e6 automatic coffee machine, piano ","even more aroma for even more enjoyment the professional aroma grinder helps to create the perfect coffee that is second to none. thanks to perfected grinder geometry, the quality of the grind is more consistent, and this performance is maintained over its entire service life. this optimizes aroma extraction and achieves an aroma increase of 12.2% compared to conventional grinders. discover completely new sides to your favorite coffee specialty. cappuccino made to perfection with the proven easy cappuccino function, you can enjoy superb cappuccino at the touch of a button. the milk nozzle, which was specially developed for cappuccino, ensures uniquely soft, fine milk foam that perfectly complements the coffee and promises true perfection. the ultimate solution for cappuccino lovers. perfection made easy the clearly presented 2.8"" color display, six ideally placed buttons and an intuitive operating concept enable convenient operation of the e6, whether you want simple coffee preparation, to set individual preferences or use the self-explanatory cleaning functions. the e6 is also compatible with j.o.e.®, which allows you to prepare specialty coffees, set and store personal preferences and easily send your guests' coffee orders directly to the coffee machine from your smartphone. sustainable design with its quiet elegance, the design of the e6 reflects the unique technology hidden behind its timeless exterior. the linear geometry with sophisticated chrome accents ensures a distinct visual that focuses uncompromisingly on first-class coffee and blends harmoniously into any décor. both in terms of the selection of specialties and its design, the e6 purposely avoids any excess that could distract from its true essence: the perfect cup of coffee. accessories included: jura starter kit user manual product features: professional aroma grinder grinds fresh, whole beans and ensures more aromatic coffee through more consistent grinding. grinder is adjustable.. the advanced eighth-generation brewing unit with 3d brewing technology ensures ultimate flavor and aroma. jura's exclusive pulse extraction process, also known as p.e.p.®, ensures the optimum extraction time by pulsing the hot water through the ground coffee at the optimum frequency for the amount of water. fine foam frother prepares fine, compact milk foam making it possible to prepare trend specialties to professional barista standards. the milk system should be cleaned daily using the included container when preparing milk specialties. the milk system can also be rinsed intermittently in between preparations. this versatile machine can also deliver hot water on demand for tea or americano, with three programmable hot water temperatures. holds 10 oz. of fresh, whole beans and has an aroma preservation lid to keep beans fresh to guarantee a fresh cup of coffee every time. the 64 oz. water tank is front loading and has an rfid chip which communicates with the clearyl smart filter and advises the uses when it’s time to be replaced. the clearyl smart filter maintains water purity as part of the brand’s commitment to maximizing quality and taste. programmable color display height adjustable dual coffee spouts dimensions & more info: 11 in w x 13.8 in h x 17.6 in d 20 lbs 230 v | 1450 w made in portugal warranty: 2 year limited warranty for product related questions please contact “jura” at 1-800-220-5701","JURA E6 Automatic Coffee Machine, Piano  Even more aroma for even more enjoyment The Professional Aroma Grinder helps to create the perfect coffee that is second to none. Thanks to perfected grinder geometry, the quality of the grind is more consistent, and this performance is maintained over its entire service life. This optimizes aroma extraction and achieves an aroma increase of 12.2% compared to conventional grinders. Discover completely new sides to your favorite coffee specialty. Cappuccino made to perfection With the proven Easy Cappuccino function, you can enjoy superb cappuccino at the touch of a button. The milk nozzle, which was specially developed for cappuccino, ensures uniquely soft, fine milk foam that perfectly complements the coffee and promises true perfection. The ultimate solution for cappuccino lovers. Perfection made easy The clearly presented 2.8"" color display, six ideally placed buttons and an intuitive operating concept enable convenient operation of the E6, whether you want simple coffee preparation, to set individual preferences or use the self-explanatory cleaning functions. The E6 is also compatible with J.O.E.®, which allows you to prepare specialty coffees, set and store personal preferences and easily send your guests' coffee orders directly to the coffee machine from your smartphone. Sustainable design With its quiet elegance, the design of the E6 reflects the unique technology hidden behind its timeless exterior. The linear geometry with sophisticated chrome accents ensures a distinct visual that focuses uncompromisingly on first-class coffee and blends harmoniously into any décor. Both in terms of the selection of specialties and its design, the E6 purposely avoids any excess that could distract from its true essence: The perfect cup of coffee. Accessories Included: Jura Starter Kit User Manual Product Features: Professional Aroma Grinder grinds fresh, whole beans and ensures more aromatic coffee through more consistent grinding. Grinder is adjustable.. The advanced eighth-generation brewing unit with 3D brewing technology ensures ultimate flavor and aroma. JURA's exclusive Pulse Extraction Process, also known as P.E.P.®, ensures the optimum extraction time by pulsing the hot water through the ground coffee at the optimum frequency for the amount of water. Fine Foam Frother prepares fine, compact milk foam making it possible to prepare trend specialties to professional barista standards. The milk system should be cleaned daily using the included container when preparing milk specialties. The milk system can also be rinsed intermittently in between preparations. This versatile machine can also deliver hot water on demand for tea or Americano, with three programmable hot water temperatures. Holds 10 oz. of fresh, whole beans and has an aroma preservation lid to keep beans fresh to guarantee a fresh cup of coffee every time. The 64 oz. water tank is front loading and has an RFID chip which communicates with the CLEARYL Smart filter and advises the uses when it’s time to be replaced. The CLEARYL Smart filter maintains water purity as part of the brand’s commitment to maximizing quality and taste. Programmable Color Display Height Adjustable Dual Coffee Spouts Dimensions & More Info: 11 in W x 13.8 in H x 17.6 in D 20 Lbs 230 V | 1450 W Made in Portugal Warranty: 2 Year limited warranty For product related questions please contact “Jura” at 1-800-220-5701"
Philips 800 Series Automatic Espresso Machine,399.99,costco.com,https://www.costco.com/small-kitchen-appliances.html,2025-01-18 22:31:01,small-appliances,,https://www.costco.com/philips-800-series-automatic-espresso-machine.product.4000161076.html,"Two delicious coffees from fresh beans, with ease, thanks to the intuitive touch display. Enjoy the delicious taste and aroma of coffee from fresh beans, at the perfect temperature, thanks to our intelligent brewing system. The classic milk frother allows you to create a silky-smooth cappuccino or latte macchiato with ease. Accessories Included: Grease tube Measuring scoop Water hardness test strip Product Features: Coffee from fresh beans – easily make delicious coffee drinks from fresh beans, exactly the way you like it, with the touch of a button. Automatic descaling for your convenience - it is easy to clean and maintain your coffee machine with the automatic program which notifies when you have to descale it. You can adjust the frequency of this procedure to match the water hardness at home. Adjust aroma strength and quantity via My Coffee Choice - adjust the strength and quantity of your beverage with the My Coffee Choice menu. Easily choose from three different settings to suit your preferences. Dishwasher safe parts for your convenience - for your convenience, you can put the milk system, drip tray and the coffee ground container in the dishwasher. This will save time and ensure a hygienic cleaning. Easy cleaning thanks to fully removable brew group - the brew group is the heart of every fully automatic coffee machine and should be cleaned regularly. The removable brew group allows you to clean it thoroughly just by rinsing it under the tap. Easy selection of your coffee with intuitive touch display - The irresistible taste and aroma of coffee from fresh beans is just one touch away. Our intuitive touch display allows you to easily select your favorite coffee. 20,000 cups of finest coffee with durable ceramic grinders - Bring out the full flavor of your coffee with our hard-wearing ceramic grinder. Our sharp-edged grinders extract the best aroma and flavor from your beans. Made from 100% ceramic material which ensures they last for at least 20,000 cups. Easily adjust to your taste with 12-step grinder levels - our durable ceramic grinders can be adjusted in 12 steps, so you can turn your beans into anything from ultra-fine powder to coarse grindings. The perfect temperature, aroma and crema cup after cup – the Aroma extract system intelligently strikes the optimum balance between brewing temperature and aroma extraction by keeping the water temperature between 194°F and 208°F, while regulating the water flow rate, so you can enjoy delicious coffees. Up to 5,000 cups without descaling thanks to AquaClean water filter* – by changing the filter after being prompted by the machine, you will not need to descale your machine for up to 5,000 cups**, while enjoying clear and purified water. *AquaClean filter compatible; not included. Sold separately. **Based on 8 filters replacement as indicated by the machine. Actual number of cups depends on selected coffee varieties, rinsing and cleaning patterns. Dimensions & More Info: Type of material made out of: plastic, stainless steel 9.69 in. x 17.05 in. x 14.61 in. 16.5lbs 1500 W Designed in Italy, Made in Romania For product related questions please contact Versuni at +1-833-737-1212; Monday to Friday: 09:00am - 06:00pm EST",philips 800 series automatic espresso machine,"two delicious coffees from fresh beans, with ease, thanks to the intuitive touch display. enjoy the delicious taste and aroma of coffee from fresh beans, at the perfect temperature, thanks to our intelligent brewing system. the classic milk frother allows you to create a silky-smooth cappuccino or latte macchiato with ease. accessories included: grease tube measuring scoop water hardness test strip product features: coffee from fresh beans – easily make delicious coffee drinks from fresh beans, exactly the way you like it, with the touch of a button. automatic descaling for your convenience - it is easy to clean and maintain your coffee machine with the automatic program which notifies when you have to descale it. you can adjust the frequency of this procedure to match the water hardness at home. adjust aroma strength and quantity via my coffee choice - adjust the strength and quantity of your beverage with the my coffee choice menu. easily choose from three different settings to suit your preferences. dishwasher safe parts for your convenience - for your convenience, you can put the milk system, drip tray and the coffee ground container in the dishwasher. this will save time and ensure a hygienic cleaning. easy cleaning thanks to fully removable brew group - the brew group is the heart of every fully automatic coffee machine and should be cleaned regularly. the removable brew group allows you to clean it thoroughly just by rinsing it under the tap. easy selection of your coffee with intuitive touch display - the irresistible taste and aroma of coffee from fresh beans is just one touch away. our intuitive touch display allows you to easily select your favorite coffee. 20,000 cups of finest coffee with durable ceramic grinders - bring out the full flavor of your coffee with our hard-wearing ceramic grinder. our sharp-edged grinders extract the best aroma and flavor from your beans. made from 100% ceramic material which ensures they last for at least 20,000 cups. easily adjust to your taste with 12-step grinder levels - our durable ceramic grinders can be adjusted in 12 steps, so you can turn your beans into anything from ultra-fine powder to coarse grindings. the perfect temperature, aroma and crema cup after cup – the aroma extract system intelligently strikes the optimum balance between brewing temperature and aroma extraction by keeping the water temperature between 194°f and 208°f, while regulating the water flow rate, so you can enjoy delicious coffees. up to 5,000 cups without descaling thanks to aquaclean water filter* – by changing the filter after being prompted by the machine, you will not need to descale your machine for up to 5,000 cups**, while enjoying clear and purified water. *aquaclean filter compatible; not included. sold separately. **based on 8 filters replacement as indicated by the machine. actual number of cups depends on selected coffee varieties, rinsing and cleaning patterns. dimensions & more info: type of material made out of: plastic, stainless steel 9.69 in. x 17.05 in. x 14.61 in. 16.5lbs 1500 w designed in italy, made in romania for product related questions please contact versuni at +1-833-737-1212; monday to friday: 09:00am - 06:00pm est","Philips 800 Series Automatic Espresso Machine Two delicious coffees from fresh beans, with ease, thanks to the intuitive touch display. Enjoy the delicious taste and aroma of coffee from fresh beans, at the perfect temperature, thanks to our intelligent brewing system. The classic milk frother allows you to create a silky-smooth cappuccino or latte macchiato with ease. Accessories Included: Grease tube Measuring scoop Water hardness test strip Product Features: Coffee from fresh beans – easily make delicious coffee drinks from fresh beans, exactly the way you like it, with the touch of a button. Automatic descaling for your convenience - it is easy to clean and maintain your coffee machine with the automatic program which notifies when you have to descale it. You can adjust the frequency of this procedure to match the water hardness at home. Adjust aroma strength and quantity via My Coffee Choice - adjust the strength and quantity of your beverage with the My Coffee Choice menu. Easily choose from three different settings to suit your preferences. Dishwasher safe parts for your convenience - for your convenience, you can put the milk system, drip tray and the coffee ground container in the dishwasher. This will save time and ensure a hygienic cleaning. Easy cleaning thanks to fully removable brew group - the brew group is the heart of every fully automatic coffee machine and should be cleaned regularly. The removable brew group allows you to clean it thoroughly just by rinsing it under the tap. Easy selection of your coffee with intuitive touch display - The irresistible taste and aroma of coffee from fresh beans is just one touch away. Our intuitive touch display allows you to easily select your favorite coffee. 20,000 cups of finest coffee with durable ceramic grinders - Bring out the full flavor of your coffee with our hard-wearing ceramic grinder. Our sharp-edged grinders extract the best aroma and flavor from your beans. Made from 100% ceramic material which ensures they last for at least 20,000 cups. Easily adjust to your taste with 12-step grinder levels - our durable ceramic grinders can be adjusted in 12 steps, so you can turn your beans into anything from ultra-fine powder to coarse grindings. The perfect temperature, aroma and crema cup after cup – the Aroma extract system intelligently strikes the optimum balance between brewing temperature and aroma extraction by keeping the water temperature between 194°F and 208°F, while regulating the water flow rate, so you can enjoy delicious coffees. Up to 5,000 cups without descaling thanks to AquaClean water filter* – by changing the filter after being prompted by the machine, you will not need to descale your machine for up to 5,000 cups**, while enjoying clear and purified water. *AquaClean filter compatible; not included. Sold separately. **Based on 8 filters replacement as indicated by the machine. Actual number of cups depends on selected coffee varieties, rinsing and cleaning patterns. Dimensions & More Info: Type of material made out of: plastic, stainless steel 9.69 in. x 17.05 in. x 14.61 in. 16.5lbs 1500 W Designed in Italy, Made in Romania For product related questions please contact Versuni at +1-833-737-1212; Monday to Friday: 09:00am - 06:00pm EST"
Cuisinart Digital Air Fryer Toaster Oven,199.99,costco.com,https://www.costco.com/small-kitchen-appliances.html,2025-01-18 22:31:01,small-appliances,,https://www.costco.com/cuisinart-digital-air-fryer-toaster-oven.product.100979581.html,Designated Chemical Disclosure,cuisinart digital air fryer toaster oven,designated chemical disclosure,Cuisinart Digital Air Fryer Toaster Oven Designated Chemical Disclosure
Ninja Foodi PossibleCooker PRO 8.5-Quart Multi-Cooker,89.99,costco.com,https://www.costco.com/small-kitchen-appliances.html,2025-01-18 22:31:01,small-appliances,,https://www.costco.com/ninja-foodi-possiblecooker-pro-8.5-quart-multi-cooker.product.4000179229.html,Designated Chemical Disclosure,ninja foodi possiblecooker pro 8.5-quart multi-cooker,designated chemical disclosure,Ninja Foodi PossibleCooker PRO 8.5-Quart Multi-Cooker Designated Chemical Disclosure
L'OR BARISTA Coffee & Espresso Machine,119.99,costco.com,https://www.costco.com/small-kitchen-appliances.html,2025-01-18 22:31:01,small-appliances,,https://www.costco.com/l'or-barista-coffee-%2526-espresso-machine.product.4000264149.html,"CAPSULE COMPATIBILITY: Brews L'OR single-serve coffee and espresso capsules, Peet's Coffee® single-serve capsules exclusively made for L'OR, and *Nespresso Original machine capsules. L'OR is not affiliated with the *Nespresso® brand.",l'or barista coffee & espresso machine,"capsule compatibility: brews l'or single-serve coffee and espresso capsules, peet's coffee® single-serve capsules exclusively made for l'or, and *nespresso original machine capsules. l'or is not affiliated with the *nespresso® brand.","L'OR BARISTA Coffee & Espresso Machine CAPSULE COMPATIBILITY: Brews L'OR single-serve coffee and espresso capsules, Peet's Coffee® single-serve capsules exclusively made for L'OR, and *Nespresso Original machine capsules. L'OR is not affiliated with the *Nespresso® brand."
Nutribullet Ultra Deluxe Single-Serve Blender,79.99,costco.com,https://www.costco.com/small-kitchen-appliances.html,2025-01-18 22:31:01,small-appliances,January Savings,https://www.costco.com/nutribullet-ultra-deluxe-single-serve-blender.product.4000248234.html,"The Ultra takes the essence of the original nutribullet blender and advances it forward with increased wattage, more durable blades, an intuitive illuminated interface, and a sleek silhouette. Accessories Included: (1) 1200W Power Base (1) Titanium Coated Stainless Steel Single Serve Extractor Blade (1) 24 oz Cup (1) 24oz Handled Travel Cup (2) 32 oz cups (3) Flip Top Lids (4) Stainless Steel Straws (1) Cleaning Brush Product Features: 1200 Watts An intuitive illuminated interface Two blending options- automated or pulse. Blending cups are made with Tritan Renew – a 50% post-consumer recycled material. Specialized design that produces lower-frequency sound. Takes up minimal space on the kitchen counter. Each blade comes with a 5-year limited warranty. Dimensions & More Info: Base: 4.75"" x 5"" x 7.9"" 7.93lbs 1200 Watts 18,000±15% RPM Made in China Warranty: One-year limited warranty for motor base, cups, straws and to go lids 5-year limited warranty for Rapid Extractor Blades For product related questions please contact nutribullet at 1-800-523-5993.",nutribullet ultra deluxe single-serve blender,"the ultra takes the essence of the original nutribullet blender and advances it forward with increased wattage, more durable blades, an intuitive illuminated interface, and a sleek silhouette. accessories included: (1) 1200w power base (1) titanium coated stainless steel single serve extractor blade (1) 24 oz cup (1) 24oz handled travel cup (2) 32 oz cups (3) flip top lids (4) stainless steel straws (1) cleaning brush product features: 1200 watts an intuitive illuminated interface two blending options- automated or pulse. blending cups are made with tritan renew – a 50% post-consumer recycled material. specialized design that produces lower-frequency sound. takes up minimal space on the kitchen counter. each blade comes with a 5-year limited warranty. dimensions & more info: base: 4.75"" x 5"" x 7.9"" 7.93lbs 1200 watts 18,000±15% rpm made in china warranty: one-year limited warranty for motor base, cups, straws and to go lids 5-year limited warranty for rapid extractor blades for product related questions please contact nutribullet at 1-800-523-5993.","Nutribullet Ultra Deluxe Single-Serve Blender The Ultra takes the essence of the original nutribullet blender and advances it forward with increased wattage, more durable blades, an intuitive illuminated interface, and a sleek silhouette. Accessories Included: (1) 1200W Power Base (1) Titanium Coated Stainless Steel Single Serve Extractor Blade (1) 24 oz Cup (1) 24oz Handled Travel Cup (2) 32 oz cups (3) Flip Top Lids (4) Stainless Steel Straws (1) Cleaning Brush Product Features: 1200 Watts An intuitive illuminated interface Two blending options- automated or pulse. Blending cups are made with Tritan Renew – a 50% post-consumer recycled material. Specialized design that produces lower-frequency sound. Takes up minimal space on the kitchen counter. Each blade comes with a 5-year limited warranty. Dimensions & More Info: Base: 4.75"" x 5"" x 7.9"" 7.93lbs 1200 Watts 18,000±15% RPM Made in China Warranty: One-year limited warranty for motor base, cups, straws and to go lids 5-year limited warranty for Rapid Extractor Blades For product related questions please contact nutribullet at 1-800-523-5993."
Sur La Table Digital Kettle with Infuser,34.99,costco.com,https://www.costco.com/small-kitchen-appliances.html,2025-01-18 22:31:01,small-appliances,,https://www.costco.com/sur-la-table-digital-kettle-with-infuser.product.4000215594.html,"The Sur La Table Digital Kettle with Infuser offers one-touch convenience for all your hot beverage needs. This 7-function kettle offers five different tea settings ensuring the optimal temperature for extracting the best flavor from a variety of options.  Hot water boils in minutes at the touch of a button so you are ready for soups, cocoa, and other hot beverages. With an easy to use and clean stainless-steel infuser, you can customize your beverage with your favorite teas and flavors! Product Features 7 functions LED Digital touchscreen display One-touch presets for a variety of tea including:  Herbal, Black, Oolong, White, Green and Delicate One-touch Boil Water function Infuser for optimal flavor extraction 60oz / 7.5 cup capacity 1500 Watts Easy open lid Spout filter Keep warm Accessories Included: Stainless-steel infuser Power base Spout filter Dimensions & More Info: Stainless-steel and glass 8.7” x 6.18” x 9.41” 3.3lbs 1500 Watts Made in China Warranty: Parts/Labor: 1 Year For product related questions please contact Customer Service at 1-877-246-0990",sur la table digital kettle with infuser,"the sur la table digital kettle with infuser offers one-touch convenience for all your hot beverage needs. this 7-function kettle offers five different tea settings ensuring the optimal temperature for extracting the best flavor from a variety of options.  hot water boils in minutes at the touch of a button so you are ready for soups, cocoa, and other hot beverages. with an easy to use and clean stainless-steel infuser, you can customize your beverage with your favorite teas and flavors! product features 7 functions led digital touchscreen display one-touch presets for a variety of tea including:  herbal, black, oolong, white, green and delicate one-touch boil water function infuser for optimal flavor extraction 60oz / 7.5 cup capacity 1500 watts easy open lid spout filter keep warm accessories included: stainless-steel infuser power base spout filter dimensions & more info: stainless-steel and glass 8.7” x 6.18” x 9.41” 3.3lbs 1500 watts made in china warranty: parts/labor: 1 year for product related questions please contact customer service at 1-877-246-0990","Sur La Table Digital Kettle with Infuser The Sur La Table Digital Kettle with Infuser offers one-touch convenience for all your hot beverage needs. This 7-function kettle offers five different tea settings ensuring the optimal temperature for extracting the best flavor from a variety of options.  Hot water boils in minutes at the touch of a button so you are ready for soups, cocoa, and other hot beverages. With an easy to use and clean stainless-steel infuser, you can customize your beverage with your favorite teas and flavors! Product Features 7 functions LED Digital touchscreen display One-touch presets for a variety of tea including:  Herbal, Black, Oolong, White, Green and Delicate One-touch Boil Water function Infuser for optimal flavor extraction 60oz / 7.5 cup capacity 1500 Watts Easy open lid Spout filter Keep warm Accessories Included: Stainless-steel infuser Power base Spout filter Dimensions & More Info: Stainless-steel and glass 8.7” x 6.18” x 9.41” 3.3lbs 1500 Watts Made in China Warranty: Parts/Labor: 1 Year For product related questions please contact Customer Service at 1-877-246-0990"
Ninja Foodi 10-in-1 Flip Air Fryer Oven,179.99,costco.com,https://www.costco.com/small-kitchen-appliances.html,2025-01-18 22:31:01,small-appliances,,https://www.costco.com/ninja-foodi-10-in-1-flip-air-fryer-oven.product.4000105708.html,WARNING: Cancer and Reproductive Harm. For more information go to: www.P65Warnings.ca.gov . Designated Chemical Disclosure,ninja foodi 10-in-1 flip air fryer oven,warning: cancer and reproductive harm. for more information go to: www.p65warnings.ca.gov . designated chemical disclosure,Ninja Foodi 10-in-1 Flip Air Fryer Oven WARNING: Cancer and Reproductive Harm. For more information go to: www.P65Warnings.ca.gov . Designated Chemical Disclosure
"Keurig K-Supreme Plus Special Edition Single Serve Coffee Maker, with 18 K-Cup Pods",129.99,costco.com,https://www.costco.com/small-kitchen-appliances.html?currentPage=2&pageSize=24,2025-01-18 22:31:01,small-appliances,,https://www.costco.com/keurig-k-supreme-plus-special-edition-single-serve-coffee-maker%2c-with-18-k-cup-pods.product.4000065675.html,"Elevate your everyday coffee experience to delicious new heights with the Keurig® K-Supreme Plus® Special Edition Single Serve coffee maker. Innovative MultiStream Technology™ saturates the grounds more evenly to extract* more flavor and aroma, so you can enjoy an exceptionally flavorful experience in every cup. Programmable preferences for up to 3 users, customizable settings for strength and temperature, and a sleek stainless-steel metal wrap make it a supremely striking standout in any kitchen. Accessories Included: 18 K-Cup® Pods, Water Filter + Handle, My K-Cup® Universal Reusable Coffee Filter Product Features: Programmable Favorites: Save individual brewing preferences for up to 3 users. Customize Your Cup: With 5 strengths and 5 temperature options, or make it iced by brewing hot over ice and enjoying cold Multiple Brew Sizes: Brew a 4, 6, 8, 10, or 12 oz. cup. 78 oz. Removable Reservoir: Allows you to brew up to 9 cups before having to refill, saving you time. Fast & Fresh-Brewed: Coffee made in minutes. Back-To-Back Brewing: Immediately brew a second cup, no need to wait for reheating. Travel Mug Friendly: Removable drip tray accommodates travel mugs up to 7” tall. Digital Display Screen: Just insert any K-Cup® pod and use the simple interface to brew a delicious cup. Compatible with the My K-Cup® Universal Reusable Coffee Filter: Brew your own ground coffee (sold separately). For great tasting coffee, keep your brewer running at peak performance by descaling your brewer every 3 months, or when the descale notification turns on. *Descaling kit not included. Dimensions & More: 13.35” L x 8.31” W x 12.24” H; Weight: 7.5 lbs Height with handle open: 16.93” Cord Length: ~34.65” Voltage: 120VAC","keurig k-supreme plus special edition single serve coffee maker, with 18 k-cup pods","elevate your everyday coffee experience to delicious new heights with the keurig® k-supreme plus® special edition single serve coffee maker. innovative multistream technology™ saturates the grounds more evenly to extract* more flavor and aroma, so you can enjoy an exceptionally flavorful experience in every cup. programmable preferences for up to 3 users, customizable settings for strength and temperature, and a sleek stainless-steel metal wrap make it a supremely striking standout in any kitchen. accessories included: 18 k-cup® pods, water filter + handle, my k-cup® universal reusable coffee filter product features: programmable favorites: save individual brewing preferences for up to 3 users. customize your cup: with 5 strengths and 5 temperature options, or make it iced by brewing hot over ice and enjoying cold multiple brew sizes: brew a 4, 6, 8, 10, or 12 oz. cup. 78 oz. removable reservoir: allows you to brew up to 9 cups before having to refill, saving you time. fast & fresh-brewed: coffee made in minutes. back-to-back brewing: immediately brew a second cup, no need to wait for reheating. travel mug friendly: removable drip tray accommodates travel mugs up to 7” tall. digital display screen: just insert any k-cup® pod and use the simple interface to brew a delicious cup. compatible with the my k-cup® universal reusable coffee filter: brew your own ground coffee (sold separately). for great tasting coffee, keep your brewer running at peak performance by descaling your brewer every 3 months, or when the descale notification turns on. *descaling kit not included. dimensions & more: 13.35” l x 8.31” w x 12.24” h; weight: 7.5 lbs height with handle open: 16.93” cord length: ~34.65” voltage: 120vac","Keurig K-Supreme Plus Special Edition Single Serve Coffee Maker, with 18 K-Cup Pods Elevate your everyday coffee experience to delicious new heights with the Keurig® K-Supreme Plus® Special Edition Single Serve coffee maker. Innovative MultiStream Technology™ saturates the grounds more evenly to extract* more flavor and aroma, so you can enjoy an exceptionally flavorful experience in every cup. Programmable preferences for up to 3 users, customizable settings for strength and temperature, and a sleek stainless-steel metal wrap make it a supremely striking standout in any kitchen. Accessories Included: 18 K-Cup® Pods, Water Filter + Handle, My K-Cup® Universal Reusable Coffee Filter Product Features: Programmable Favorites: Save individual brewing preferences for up to 3 users. Customize Your Cup: With 5 strengths and 5 temperature options, or make it iced by brewing hot over ice and enjoying cold Multiple Brew Sizes: Brew a 4, 6, 8, 10, or 12 oz. cup. 78 oz. Removable Reservoir: Allows you to brew up to 9 cups before having to refill, saving you time. Fast & Fresh-Brewed: Coffee made in minutes. Back-To-Back Brewing: Immediately brew a second cup, no need to wait for reheating. Travel Mug Friendly: Removable drip tray accommodates travel mugs up to 7” tall. Digital Display Screen: Just insert any K-Cup® pod and use the simple interface to brew a delicious cup. Compatible with the My K-Cup® Universal Reusable Coffee Filter: Brew your own ground coffee (sold separately). For great tasting coffee, keep your brewer running at peak performance by descaling your brewer every 3 months, or when the descale notification turns on. *Descaling kit not included. Dimensions & More: 13.35” L x 8.31” W x 12.24” H; Weight: 7.5 lbs Height with handle open: 16.93” Cord Length: ~34.65” Voltage: 120VAC"
Sodastream Terra CQC Bundle,64.99,costco.com,https://www.costco.com/small-kitchen-appliances.html?currentPage=2&pageSize=24,2025-01-18 22:31:01,small-appliances,,https://www.costco.com/sodastream-terra-cqc-bundle.product.4000153599.html,"SodaStream's Sparkling Water Maker turn plain water into fresh sparkling water in seconds. Designed for the modern kitchen, it features the new Quick Connect technology for fast and easy CO2 cylinder insertion. Includes: (1) Terra Sodastream Machine (2) Quick Connect 60L CO2 Cylinder (2) 1 Liter Dishwasher Safe Bottle Features: Dishwasher safe, BPA free, reusable bottles Compact and sleek with a wider carbonating button Quick Connect CO2 technology for fast, ""one click"" cylinder insertion No batteries or electricity required Use a damp cloth to clean the machine Dimensions: 7.79"" L  x 7.79"" W x 17.2"" H (Machine) 6.28 lbs. Made in Israel For product related questions please contact 1 (800) 763-2258 Monday-Friday 9 AM - 7 PM EST",sodastream terra cqc bundle,"sodastream's sparkling water maker turn plain water into fresh sparkling water in seconds. designed for the modern kitchen, it features the new quick connect technology for fast and easy co2 cylinder insertion. includes: (1) terra sodastream machine (2) quick connect 60l co2 cylinder (2) 1 liter dishwasher safe bottle features: dishwasher safe, bpa free, reusable bottles compact and sleek with a wider carbonating button quick connect co2 technology for fast, ""one click"" cylinder insertion no batteries or electricity required use a damp cloth to clean the machine dimensions: 7.79"" l  x 7.79"" w x 17.2"" h (machine) 6.28 lbs. made in israel for product related questions please contact 1 (800) 763-2258 monday-friday 9 am - 7 pm est","Sodastream Terra CQC Bundle SodaStream's Sparkling Water Maker turn plain water into fresh sparkling water in seconds. Designed for the modern kitchen, it features the new Quick Connect technology for fast and easy CO2 cylinder insertion. Includes: (1) Terra Sodastream Machine (2) Quick Connect 60L CO2 Cylinder (2) 1 Liter Dishwasher Safe Bottle Features: Dishwasher safe, BPA free, reusable bottles Compact and sleek with a wider carbonating button Quick Connect CO2 technology for fast, ""one click"" cylinder insertion No batteries or electricity required Use a damp cloth to clean the machine Dimensions: 7.79"" L  x 7.79"" W x 17.2"" H (Machine) 6.28 lbs. Made in Israel For product related questions please contact 1 (800) 763-2258 Monday-Friday 9 AM - 7 PM EST"
bella Fold & Store Warming Tray,39.99,costco.com,https://www.costco.com/small-kitchen-appliances.html?currentPage=2&pageSize=24,2025-01-18 22:31:01,small-appliances,,https://www.costco.com/bella-fold-%2526-store-warming-tray.product.4000327777.html,"Party prep made simple. Part of our Fits-anywhere™ kitchenware system, the bella Fold & Store Warming Tray keeps food warm buffet-style and is designed to save space, folding from 24.8” wide to just 8.3” wide for easy storage and transport. Perfect for hosting the girls for brunch, family holidays, or game day tailgating, this party helper features 300 watts of power, adjustable heat settings, and a useful timer. Product Features: Easy-to-read digital touchscreen control panel for simple operation Adjustable heat/time settings with auto shut-off Timer can be set from 1 to 4 hours Compatible with oven-safe cookware Detachable power cord for clutter-free storage Wipes clean with ease Modern touches like rounded corners, soft matte finish and subtle fluting Dimensions & More Info: 24.92” L x 17.40” W x 1.29” H 5.51 lbs For product related questions please contact bella at help@bellahousewares.com",bella fold & store warming tray,"party prep made simple. part of our fits-anywhere™ kitchenware system, the bella fold & store warming tray keeps food warm buffet-style and is designed to save space, folding from 24.8” wide to just 8.3” wide for easy storage and transport. perfect for hosting the girls for brunch, family holidays, or game day tailgating, this party helper features 300 watts of power, adjustable heat settings, and a useful timer. product features: easy-to-read digital touchscreen control panel for simple operation adjustable heat/time settings with auto shut-off timer can be set from 1 to 4 hours compatible with oven-safe cookware detachable power cord for clutter-free storage wipes clean with ease modern touches like rounded corners, soft matte finish and subtle fluting dimensions & more info: 24.92” l x 17.40” w x 1.29” h 5.51 lbs for product related questions please contact bella at help@bellahousewares.com","bella Fold & Store Warming Tray Party prep made simple. Part of our Fits-anywhere™ kitchenware system, the bella Fold & Store Warming Tray keeps food warm buffet-style and is designed to save space, folding from 24.8” wide to just 8.3” wide for easy storage and transport. Perfect for hosting the girls for brunch, family holidays, or game day tailgating, this party helper features 300 watts of power, adjustable heat settings, and a useful timer. Product Features: Easy-to-read digital touchscreen control panel for simple operation Adjustable heat/time settings with auto shut-off Timer can be set from 1 to 4 hours Compatible with oven-safe cookware Detachable power cord for clutter-free storage Wipes clean with ease Modern touches like rounded corners, soft matte finish and subtle fluting Dimensions & More Info: 24.92” L x 17.40” W x 1.29” H 5.51 lbs For product related questions please contact bella at help@bellahousewares.com"
Almond Cow Complete Plant-Based Milk System,199.99,costco.com,https://www.costco.com/small-kitchen-appliances.html?currentPage=2&pageSize=24,2025-01-18 22:31:01,small-appliances,,https://www.costco.com/almond-cow-complete-plant-based-milk-system.product.4000288422.html,Limit 5 per member,almond cow complete plant-based milk system,limit 5 per member,Almond Cow Complete Plant-Based Milk System Limit 5 per member
"Ninja Blast Personal Blender, 2-pack",59.99,costco.com,https://www.costco.com/small-kitchen-appliances.html?currentPage=2&pageSize=24,2025-01-18 22:31:01,small-appliances,,https://www.costco.com/ninja-blast-personal-blender%2c-2-pack.product.4000270204.html,WARNING: Cancer and Reproductive Harm. For more information go to: www.P65Warnings.ca.gov .,"ninja blast personal blender, 2-pack",warning: cancer and reproductive harm. for more information go to: www.p65warnings.ca.gov .,"Ninja Blast Personal Blender, 2-pack WARNING: Cancer and Reproductive Harm. For more information go to: www.P65Warnings.ca.gov ."
Brita Hub Instant Powerful Countertop Water Filtration Device,149.99,costco.com,https://www.costco.com/small-kitchen-appliances.html?currentPage=2&pageSize=24,2025-01-18 22:31:01,small-appliances,,https://www.costco.com/brita-hub-instant-powerful-countertop-water-filtration-device.product.4000180592.html,"The Brita Hub Instant Countertop Water Filtration Device powered by Hamilton Beach uses Brita's best filter ever to reduce 70+ contaminants. It's easy to set up for instant, powerful water filtration. Includes two 6-month Brita Hub filters. Accessories Included: 2 Brita Hub Filters 96 ounce removable reservoir Product Features: BRITA'S BEST FILTER EVER: This unique instant water filtration device provides Brita's best water filtration ever. The Brita Hub™ filter reduces 70+ contaminants including lead, chlorine, microplastics and more.* GREAT TASTE, LESS WASTE: Get great tasting water without the waste. By switching to this Brita water filter dispenser, your family can save money and replace around 1800 single-use plastic water bottles a year.** CONVENIENT, EASY SETUP IN MINUTES: No installation or tools required. Simply insert the filter, fill the 12 cup removable reservoir on the countertop water filter, plug in and flush the system twice to begin enjoying. SPECIAL EDITION WITH 2 FILTERS FOR 1 YEAR OF FILTRATION: Each Brita Hub™ water filter lasts 6 months*** and filters 120 gallons of water. When it's time to replace, the filter is easy to change. Additional Brita Hub™ filters (Model CT01) sold separately. EASY PUSH-BUTTON DISPENSING: Enjoy refreshing water any time with the push of a button. Simply choose between 12 oz. and 20 oz. presets, or use manual mode to fill your glass or bottle. The spout fits glasses and water bottles up to 12"" tall. *Visit www.brita.com/performance-data for more details. Substances reduced may not be in all users' water. **Each Brita Hub™ filter replaces up to 900 16.9 oz. [single-use] plastic bottles. ***Based on 120 gallon filter life and average household usage of 11 glasses per day. Dimensions & More Info: 7.5 in. x 11.4 in. x 14.4 in. 10 Lbs 29 Watts Made in China Warranty: This product is warranted to be free from defects in material and workmanship for a period of two (2) years from the date of original purchase. During this period, your exclusive remedy is replacement of this product, or any component found to be defective, at our option. We will be responsible for the costs associated with returning a product or component under this warranty using a shipping method of our choice. If the product or component is unavailable, we will replace with a similar one of equal or greater value. For product related questions please contact Brita LP at 1-800-863-3975 or visit brita.com/support.",brita hub instant powerful countertop water filtration device,"the brita hub instant countertop water filtration device powered by hamilton beach uses brita's best filter ever to reduce 70+ contaminants. it's easy to set up for instant, powerful water filtration. includes two 6-month brita hub filters. accessories included: 2 brita hub filters 96 ounce removable reservoir product features: brita's best filter ever: this unique instant water filtration device provides brita's best water filtration ever. the brita hub™ filter reduces 70+ contaminants including lead, chlorine, microplastics and more.* great taste, less waste: get great tasting water without the waste. by switching to this brita water filter dispenser, your family can save money and replace around 1800 single-use plastic water bottles a year.** convenient, easy setup in minutes: no installation or tools required. simply insert the filter, fill the 12 cup removable reservoir on the countertop water filter, plug in and flush the system twice to begin enjoying. special edition with 2 filters for 1 year of filtration: each brita hub™ water filter lasts 6 months*** and filters 120 gallons of water. when it's time to replace, the filter is easy to change. additional brita hub™ filters (model ct01) sold separately. easy push-button dispensing: enjoy refreshing water any time with the push of a button. simply choose between 12 oz. and 20 oz. presets, or use manual mode to fill your glass or bottle. the spout fits glasses and water bottles up to 12"" tall. *visit www.brita.com/performance-data for more details. substances reduced may not be in all users' water. **each brita hub™ filter replaces up to 900 16.9 oz. [single-use] plastic bottles. ***based on 120 gallon filter life and average household usage of 11 glasses per day. dimensions & more info: 7.5 in. x 11.4 in. x 14.4 in. 10 lbs 29 watts made in china warranty: this product is warranted to be free from defects in material and workmanship for a period of two (2) years from the date of original purchase. during this period, your exclusive remedy is replacement of this product, or any component found to be defective, at our option. we will be responsible for the costs associated with returning a product or component under this warranty using a shipping method of our choice. if the product or component is unavailable, we will replace with a similar one of equal or greater value. for product related questions please contact brita lp at 1-800-863-3975 or visit brita.com/support.","Brita Hub Instant Powerful Countertop Water Filtration Device The Brita Hub Instant Countertop Water Filtration Device powered by Hamilton Beach uses Brita's best filter ever to reduce 70+ contaminants. It's easy to set up for instant, powerful water filtration. Includes two 6-month Brita Hub filters. Accessories Included: 2 Brita Hub Filters 96 ounce removable reservoir Product Features: BRITA'S BEST FILTER EVER: This unique instant water filtration device provides Brita's best water filtration ever. The Brita Hub™ filter reduces 70+ contaminants including lead, chlorine, microplastics and more.* GREAT TASTE, LESS WASTE: Get great tasting water without the waste. By switching to this Brita water filter dispenser, your family can save money and replace around 1800 single-use plastic water bottles a year.** CONVENIENT, EASY SETUP IN MINUTES: No installation or tools required. Simply insert the filter, fill the 12 cup removable reservoir on the countertop water filter, plug in and flush the system twice to begin enjoying. SPECIAL EDITION WITH 2 FILTERS FOR 1 YEAR OF FILTRATION: Each Brita Hub™ water filter lasts 6 months*** and filters 120 gallons of water. When it's time to replace, the filter is easy to change. Additional Brita Hub™ filters (Model CT01) sold separately. EASY PUSH-BUTTON DISPENSING: Enjoy refreshing water any time with the push of a button. Simply choose between 12 oz. and 20 oz. presets, or use manual mode to fill your glass or bottle. The spout fits glasses and water bottles up to 12"" tall. *Visit www.brita.com/performance-data for more details. Substances reduced may not be in all users' water. **Each Brita Hub™ filter replaces up to 900 16.9 oz. [single-use] plastic bottles. ***Based on 120 gallon filter life and average household usage of 11 glasses per day. Dimensions & More Info: 7.5 in. x 11.4 in. x 14.4 in. 10 Lbs 29 Watts Made in China Warranty: This product is warranted to be free from defects in material and workmanship for a period of two (2) years from the date of original purchase. During this period, your exclusive remedy is replacement of this product, or any component found to be defective, at our option. We will be responsible for the costs associated with returning a product or component under this warranty using a shipping method of our choice. If the product or component is unavailable, we will replace with a similar one of equal or greater value. For product related questions please contact Brita LP at 1-800-863-3975 or visit brita.com/support."
Hamilton Beach Professional Super Chute Easy Clean Juice Extractor,119.99,costco.com,https://www.costco.com/small-kitchen-appliances.html?currentPage=2&pageSize=24,2025-01-18 22:31:01,small-appliances,,https://www.costco.com/hamilton-beach-professional-super-chute-easy-clean-juice-extractor.product.4000154387.html,"Make fresh, healthy juice in seconds with the Hamilton Beach® Professional Super Chute™ Easy Clean Juice Extractor. The 3.5"" Super Chute virtually eliminates pre-cutting to save time and the Easy Sweep™ tool cuts strainer cleaning time in half. Accessories Included: Easy Sweep cleaning tool 34 ounce pitcher with foam separator on its lid Product Features: MAKE FRESH, HEALTHY JUICE IN SECONDS. Juicing at home is a fast, fun way to get your daily nutrients. Make juice with classic produce such as oranges, apples and carrots, or create on-trend juice blends with celery, ginger, kale, spinach and beets. SAVES TIME — 3.5"" SUPER CHUTE. The extra-large feed chute virtually eliminates pre-cutting and fits a whole apple, peeled orange or handful of kale. You'll enjoy fast, continuous juicing and the large pulp bin lets you juice more and empty less. EASY TO CLEAN — PATENTED EASY SWEEP™ CLEANING TOOL. The Easy Sweep™ cleaning tool sweeps the strainer clean in one simple motion, cutting the strainer cleaning time of this juicer machine in half. The BPA-free pitcher, lid, pulp bin, cleaning tool and pusher go in the dishwasher for fast, easy cleanup. MAKES 16 OZ. OF JUICE IN JUST 10 SECONDS. Why buy juice when you can make your own in 10 seconds flat? The powerful 1100 watt dual-speed motor of this juice extractor gives you faster juicing and provides maximum juice yield. ENJOY DELICIOUS, FOAM-FREE JUICE. The large 34 oz. pitcher of this fruit and vegetable juicer has a froth separator on its lid so you'll pour clear, foam-free juice into your glass. Dimensions & More Info: Type of material made from: Plastic and metal 9.5” L x 16.7” W x 17.2” H 15.5 lbs 1100-Watts Made in China Warranty: Can be found on pg-12 of the Use and Care Guide. Parts/Labor: 5-year limited warranty",hamilton beach professional super chute easy clean juice extractor,"make fresh, healthy juice in seconds with the hamilton beach® professional super chute™ easy clean juice extractor. the 3.5"" super chute virtually eliminates pre-cutting to save time and the easy sweep™ tool cuts strainer cleaning time in half. accessories included: easy sweep cleaning tool 34 ounce pitcher with foam separator on its lid product features: make fresh, healthy juice in seconds. juicing at home is a fast, fun way to get your daily nutrients. make juice with classic produce such as oranges, apples and carrots, or create on-trend juice blends with celery, ginger, kale, spinach and beets. saves time — 3.5"" super chute. the extra-large feed chute virtually eliminates pre-cutting and fits a whole apple, peeled orange or handful of kale. you'll enjoy fast, continuous juicing and the large pulp bin lets you juice more and empty less. easy to clean — patented easy sweep™ cleaning tool. the easy sweep™ cleaning tool sweeps the strainer clean in one simple motion, cutting the strainer cleaning time of this juicer machine in half. the bpa-free pitcher, lid, pulp bin, cleaning tool and pusher go in the dishwasher for fast, easy cleanup. makes 16 oz. of juice in just 10 seconds. why buy juice when you can make your own in 10 seconds flat? the powerful 1100 watt dual-speed motor of this juice extractor gives you faster juicing and provides maximum juice yield. enjoy delicious, foam-free juice. the large 34 oz. pitcher of this fruit and vegetable juicer has a froth separator on its lid so you'll pour clear, foam-free juice into your glass. dimensions & more info: type of material made from: plastic and metal 9.5” l x 16.7” w x 17.2” h 15.5 lbs 1100-watts made in china warranty: can be found on pg-12 of the use and care guide. parts/labor: 5-year limited warranty","Hamilton Beach Professional Super Chute Easy Clean Juice Extractor Make fresh, healthy juice in seconds with the Hamilton Beach® Professional Super Chute™ Easy Clean Juice Extractor. The 3.5"" Super Chute virtually eliminates pre-cutting to save time and the Easy Sweep™ tool cuts strainer cleaning time in half. Accessories Included: Easy Sweep cleaning tool 34 ounce pitcher with foam separator on its lid Product Features: MAKE FRESH, HEALTHY JUICE IN SECONDS. Juicing at home is a fast, fun way to get your daily nutrients. Make juice with classic produce such as oranges, apples and carrots, or create on-trend juice blends with celery, ginger, kale, spinach and beets. SAVES TIME — 3.5"" SUPER CHUTE. The extra-large feed chute virtually eliminates pre-cutting and fits a whole apple, peeled orange or handful of kale. You'll enjoy fast, continuous juicing and the large pulp bin lets you juice more and empty less. EASY TO CLEAN — PATENTED EASY SWEEP™ CLEANING TOOL. The Easy Sweep™ cleaning tool sweeps the strainer clean in one simple motion, cutting the strainer cleaning time of this juicer machine in half. The BPA-free pitcher, lid, pulp bin, cleaning tool and pusher go in the dishwasher for fast, easy cleanup. MAKES 16 OZ. OF JUICE IN JUST 10 SECONDS. Why buy juice when you can make your own in 10 seconds flat? The powerful 1100 watt dual-speed motor of this juice extractor gives you faster juicing and provides maximum juice yield. ENJOY DELICIOUS, FOAM-FREE JUICE. The large 34 oz. pitcher of this fruit and vegetable juicer has a froth separator on its lid so you'll pour clear, foam-free juice into your glass. Dimensions & More Info: Type of material made from: Plastic and metal 9.5” L x 16.7” W x 17.2” H 15.5 lbs 1100-Watts Made in China Warranty: Can be found on pg-12 of the Use and Care Guide. Parts/Labor: 5-year limited warranty"
"LG LT1000P3 Water Filter, 3-pack",94.99,costco.com,https://www.costco.com/small-kitchen-appliances.html?currentPage=2&pageSize=24,2025-01-18 22:31:01,small-appliances,,https://www.costco.com/lg-lt1000p3-water-filter%2c-3-pack.product.4000068123.html,Compatible Refrigerator Model LFCC22426S LFXS26972S LMXC22526D LRFCS2503 LRFWS2906D LRMVC2306D LRSXC2306S LFCC22426S LFXS26973D LMXC22596D LRFCS2503S LRFWS2906S LRMVC2306S LRSXC2306V LFCC23596S LFXS26973S LMXC22596M LRFCS2503S LRFWS2906V LRMVS2806 LRSXS2706B LFCC23596S LFXS26973W LMXC22596S LRFCS25D3 LRFWS2906V LRMVS2806D LRSXS2706S LFCS27596S LFXS27466S LMXC22626D LRFDC2406D LRFXC2406D LRMVS2806S LRSXS2706V LFCS27596S LFXS28566 LMXC22626S LRFDC2406S LRFXC2406S LRMVS3006 LRSXS2706W LFCS28768S LFXS28566D LMXC23796D LRFDS2503S LRFXC2416 LRMVS3006D LRVFC2406D LFXC22525D LFXS28566M LMXC23796M LRFDS3006D LRFXC2416D LRMVS3006S LRVFC2406M LFXC22525S LFXS28566S LMXC23796S LRFDS3006S LRFXC2416S LRMWS2906D LRVFC2406S LFXC22526 LFXS28596D LMXS22526S LRFDS3016D LRFXS2503 LRMWS2906S LRYKC2606S LFXC22526D LFXS28596M LMXS28596 LRFDS3016S LRFXS2503D LRMXC2206D LSFXC2496D LFXC22526S LFXS28596S LMXS28596D LRFGC2706D LRFXS2503S LRMXC2206S LSFXC2496S LFXC22596 LFXS28968D LMXS28596M LRFGC2706S LRFXS2513 LRMXS2806D LSXC22396D LFXC22596D LFXS28968S LMXS28596S LRFLC2706D LRFXS2513S LRMXS2806D LSXC22396S LFXC22596M LFXS30796D LMXS28626D LRFOC2606D LRMDC2306D LRMXS2806S LSXC22436S Please see PDF attachment below for extended compatible refrigerator models.,"lg lt1000p3 water filter, 3-pack",compatible refrigerator model lfcc22426s lfxs26972s lmxc22526d lrfcs2503 lrfws2906d lrmvc2306d lrsxc2306s lfcc22426s lfxs26973d lmxc22596d lrfcs2503s lrfws2906s lrmvc2306s lrsxc2306v lfcc23596s lfxs26973s lmxc22596m lrfcs2503s lrfws2906v lrmvs2806 lrsxs2706b lfcc23596s lfxs26973w lmxc22596s lrfcs25d3 lrfws2906v lrmvs2806d lrsxs2706s lfcs27596s lfxs27466s lmxc22626d lrfdc2406d lrfxc2406d lrmvs2806s lrsxs2706v lfcs27596s lfxs28566 lmxc22626s lrfdc2406s lrfxc2406s lrmvs3006 lrsxs2706w lfcs28768s lfxs28566d lmxc23796d lrfds2503s lrfxc2416 lrmvs3006d lrvfc2406d lfxc22525d lfxs28566m lmxc23796m lrfds3006d lrfxc2416d lrmvs3006s lrvfc2406m lfxc22525s lfxs28566s lmxc23796s lrfds3006s lrfxc2416s lrmws2906d lrvfc2406s lfxc22526 lfxs28596d lmxs22526s lrfds3016d lrfxs2503 lrmws2906s lrykc2606s lfxc22526d lfxs28596m lmxs28596 lrfds3016s lrfxs2503d lrmxc2206d lsfxc2496d lfxc22526s lfxs28596s lmxs28596d lrfgc2706d lrfxs2503s lrmxc2206s lsfxc2496s lfxc22596 lfxs28968d lmxs28596m lrfgc2706s lrfxs2513 lrmxs2806d lsxc22396d lfxc22596d lfxs28968s lmxs28596s lrflc2706d lrfxs2513s lrmxs2806d lsxc22396s lfxc22596m lfxs30796d lmxs28626d lrfoc2606d lrmdc2306d lrmxs2806s lsxc22436s please see pdf attachment below for extended compatible refrigerator models.,"LG LT1000P3 Water Filter, 3-pack Compatible Refrigerator Model LFCC22426S LFXS26972S LMXC22526D LRFCS2503 LRFWS2906D LRMVC2306D LRSXC2306S LFCC22426S LFXS26973D LMXC22596D LRFCS2503S LRFWS2906S LRMVC2306S LRSXC2306V LFCC23596S LFXS26973S LMXC22596M LRFCS2503S LRFWS2906V LRMVS2806 LRSXS2706B LFCC23596S LFXS26973W LMXC22596S LRFCS25D3 LRFWS2906V LRMVS2806D LRSXS2706S LFCS27596S LFXS27466S LMXC22626D LRFDC2406D LRFXC2406D LRMVS2806S LRSXS2706V LFCS27596S LFXS28566 LMXC22626S LRFDC2406S LRFXC2406S LRMVS3006 LRSXS2706W LFCS28768S LFXS28566D LMXC23796D LRFDS2503S LRFXC2416 LRMVS3006D LRVFC2406D LFXC22525D LFXS28566M LMXC23796M LRFDS3006D LRFXC2416D LRMVS3006S LRVFC2406M LFXC22525S LFXS28566S LMXC23796S LRFDS3006S LRFXC2416S LRMWS2906D LRVFC2406S LFXC22526 LFXS28596D LMXS22526S LRFDS3016D LRFXS2503 LRMWS2906S LRYKC2606S LFXC22526D LFXS28596M LMXS28596 LRFDS3016S LRFXS2503D LRMXC2206D LSFXC2496D LFXC22526S LFXS28596S LMXS28596D LRFGC2706D LRFXS2503S LRMXC2206S LSFXC2496S LFXC22596 LFXS28968D LMXS28596M LRFGC2706S LRFXS2513 LRMXS2806D LSXC22396D LFXC22596D LFXS28968S LMXS28596S LRFLC2706D LRFXS2513S LRMXS2806D LSXC22396S LFXC22596M LFXS30796D LMXS28626D LRFOC2606D LRMDC2306D LRMXS2806S LSXC22436S Please see PDF attachment below for extended compatible refrigerator models."
Ninja Professional Blender with Auto IQ,69.99,costco.com,https://www.costco.com/small-kitchen-appliances.html?currentPage=2&pageSize=24,2025-01-18 22:31:01,small-appliances,,https://www.costco.com/ninja-professional-blender-with-auto-iq.product.4000262482.html,WARNING: Cancer and Reproductive Harm. For more information go to: www.P65Warnings.ca.gov .,ninja professional blender with auto iq,warning: cancer and reproductive harm. for more information go to: www.p65warnings.ca.gov .,Ninja Professional Blender with Auto IQ WARNING: Cancer and Reproductive Harm. For more information go to: www.P65Warnings.ca.gov .
Weston 6-Tray Digital Food Dehydrator,79.99,costco.com,https://www.costco.com/small-kitchen-appliances.html?currentPage=2&pageSize=24,2025-01-18 22:31:01,small-appliances,,https://www.costco.com/weston-6-tray-digital-food-dehydrator.product.4000111493.html,"The Weston 6 Tray Digital Food Dehydrator is the perfect tool to preserve foods for later use. Dry the season's harvest, make jerky and a variety of snacks. Ideal for making banana chips, fruit roll-ups, dried herbs, fruits & vegetables. The adjustable digital thermostat lets you adjust the drying temperature from 100°-160° F degrees, and has a 48 hour timer with automatic shut off. The continuous air flow provides even drying for better taste. Includes one fine-mesh sheet for drying small foods like herbs, and one solid sheet for making fruit leather. Accessories Included: Solid sheet for making fruit leather Mesh sheet for drying herbs Use and care guide Product Features: Extra heating power with an 800 watt system helps dry food faster and is 60% larger than the standard 6 tray dehydrator. Extra large drying capacity, 7.4 sq ft, and is 48% larger than the standard 6 tray dehydrator. The digital control panel features 48 hour timer with automatic shutoff and adjustable thermostat (100-160 degrees) Spread pureed fruit on the solid sheet to make fruit leather. Use the mesh sheet to dry garden herbs. Easy clean-up with dishwasher safe parts. Dimensions & More: Materials: Plastic & Base has a Stainless-Steel Wrap 12.4” L x 15.5” W x 13” H; Weight 10.0 lbs 800-Watts, 120 Volts Made in China Warranty: Can be found on pg-16 of Use and Care Guide. This product is warranted to be free from defects in material and workmanship for a period of one (1) year from the date of original purchase. During this period, your exclusive remedy is repair or replacement of this product or any component found to be defective, at our option. If the product or component is no longer available, we will replace with a similar one of equal or greater value.",weston 6-tray digital food dehydrator,"the weston 6 tray digital food dehydrator is the perfect tool to preserve foods for later use. dry the season's harvest, make jerky and a variety of snacks. ideal for making banana chips, fruit roll-ups, dried herbs, fruits & vegetables. the adjustable digital thermostat lets you adjust the drying temperature from 100°-160° f degrees, and has a 48 hour timer with automatic shut off. the continuous air flow provides even drying for better taste. includes one fine-mesh sheet for drying small foods like herbs, and one solid sheet for making fruit leather. accessories included: solid sheet for making fruit leather mesh sheet for drying herbs use and care guide product features: extra heating power with an 800 watt system helps dry food faster and is 60% larger than the standard 6 tray dehydrator. extra large drying capacity, 7.4 sq ft, and is 48% larger than the standard 6 tray dehydrator. the digital control panel features 48 hour timer with automatic shutoff and adjustable thermostat (100-160 degrees) spread pureed fruit on the solid sheet to make fruit leather. use the mesh sheet to dry garden herbs. easy clean-up with dishwasher safe parts. dimensions & more: materials: plastic & base has a stainless-steel wrap 12.4” l x 15.5” w x 13” h; weight 10.0 lbs 800-watts, 120 volts made in china warranty: can be found on pg-16 of use and care guide. this product is warranted to be free from defects in material and workmanship for a period of one (1) year from the date of original purchase. during this period, your exclusive remedy is repair or replacement of this product or any component found to be defective, at our option. if the product or component is no longer available, we will replace with a similar one of equal or greater value.","Weston 6-Tray Digital Food Dehydrator The Weston 6 Tray Digital Food Dehydrator is the perfect tool to preserve foods for later use. Dry the season's harvest, make jerky and a variety of snacks. Ideal for making banana chips, fruit roll-ups, dried herbs, fruits & vegetables. The adjustable digital thermostat lets you adjust the drying temperature from 100°-160° F degrees, and has a 48 hour timer with automatic shut off. The continuous air flow provides even drying for better taste. Includes one fine-mesh sheet for drying small foods like herbs, and one solid sheet for making fruit leather. Accessories Included: Solid sheet for making fruit leather Mesh sheet for drying herbs Use and care guide Product Features: Extra heating power with an 800 watt system helps dry food faster and is 60% larger than the standard 6 tray dehydrator. Extra large drying capacity, 7.4 sq ft, and is 48% larger than the standard 6 tray dehydrator. The digital control panel features 48 hour timer with automatic shutoff and adjustable thermostat (100-160 degrees) Spread pureed fruit on the solid sheet to make fruit leather. Use the mesh sheet to dry garden herbs. Easy clean-up with dishwasher safe parts. Dimensions & More: Materials: Plastic & Base has a Stainless-Steel Wrap 12.4” L x 15.5” W x 13” H; Weight 10.0 lbs 800-Watts, 120 Volts Made in China Warranty: Can be found on pg-16 of Use and Care Guide. This product is warranted to be free from defects in material and workmanship for a period of one (1) year from the date of original purchase. During this period, your exclusive remedy is repair or replacement of this product or any component found to be defective, at our option. If the product or component is no longer available, we will replace with a similar one of equal or greater value."
FoodSaver Preserve Vacuum Sealing System Starter Kit with Bags and Rolls,119.99,costco.com,https://www.costco.com/small-kitchen-appliances.html?currentPage=2&pageSize=24,2025-01-18 22:31:01,small-appliances,,https://www.costco.com/foodsaver-preserve-vacuum-sealing-system-starter-kit-with-bags-and-rolls.product.4000297539.html,"Keep food fresh up to 5x longer then ordinary storage methods with the FoodSaver Preserve Vacuum Sealing System. This vacuum sealer machine uses innovative technologies to remove air and create an airtight seal, helping to prevent freezer burn, preserve freshness, and save you money. Choose from 4 different sealing modes for maximum versatility: Dry, Moist, Pulse, and Sous Vide. Built-in roll storage and cutter bar let you easily create custom-size bags, and built-in bag alignment plus an extra wide sealing strip helps cut down on bag waste. The included FoodSaver® Handheld Sealer is designed to work with FoodSaver® vacuum zipper bags, containers, canisters, and all other FoodSaver® accessories including wine stoppers, jar sealers and the Quick Marinator, without requiring additional adapters, or parts. Ideal for storing refrigerated and pantry foods, keeping them fresh longer compared to unwrapped foods. The stylish matte black finish adds a modern touch to any kitchen, and built-in cord storage keeps countertops clean and tidy when the sealer is not in use. This starter kit includes a six-month supply of bags and rolls so you can start sealing right away! Save more with a FoodSaver Vacuum Sealer, and get the most out of your food today. Accessories Included: (5) 11"" x 10' rolls (3) 8"" x 10' rolls, 3 precut quart-size bags 2 precut gallon-size bags 3 quart-size zipper bags 2 gallon-size zipper bags Handheld accessory Product Features: Built-in cord storage Extra-wide sealing strip Dimensions & More Info: Plastic 7.9” W x 16.1” L x 4.5” H 4.8 Lbs 120 Watts Made in China Warranty 5-Year Limited Warranty For product related questions, please contact “FoodSaver” at 1-877-777-8042",foodsaver preserve vacuum sealing system starter kit with bags and rolls,"keep food fresh up to 5x longer then ordinary storage methods with the foodsaver preserve vacuum sealing system. this vacuum sealer machine uses innovative technologies to remove air and create an airtight seal, helping to prevent freezer burn, preserve freshness, and save you money. choose from 4 different sealing modes for maximum versatility: dry, moist, pulse, and sous vide. built-in roll storage and cutter bar let you easily create custom-size bags, and built-in bag alignment plus an extra wide sealing strip helps cut down on bag waste. the included foodsaver® handheld sealer is designed to work with foodsaver® vacuum zipper bags, containers, canisters, and all other foodsaver® accessories including wine stoppers, jar sealers and the quick marinator, without requiring additional adapters, or parts. ideal for storing refrigerated and pantry foods, keeping them fresh longer compared to unwrapped foods. the stylish matte black finish adds a modern touch to any kitchen, and built-in cord storage keeps countertops clean and tidy when the sealer is not in use. this starter kit includes a six-month supply of bags and rolls so you can start sealing right away! save more with a foodsaver vacuum sealer, and get the most out of your food today. accessories included: (5) 11"" x 10' rolls (3) 8"" x 10' rolls, 3 precut quart-size bags 2 precut gallon-size bags 3 quart-size zipper bags 2 gallon-size zipper bags handheld accessory product features: built-in cord storage extra-wide sealing strip dimensions & more info: plastic 7.9” w x 16.1” l x 4.5” h 4.8 lbs 120 watts made in china warranty 5-year limited warranty for product related questions, please contact “foodsaver” at 1-877-777-8042","FoodSaver Preserve Vacuum Sealing System Starter Kit with Bags and Rolls Keep food fresh up to 5x longer then ordinary storage methods with the FoodSaver Preserve Vacuum Sealing System. This vacuum sealer machine uses innovative technologies to remove air and create an airtight seal, helping to prevent freezer burn, preserve freshness, and save you money. Choose from 4 different sealing modes for maximum versatility: Dry, Moist, Pulse, and Sous Vide. Built-in roll storage and cutter bar let you easily create custom-size bags, and built-in bag alignment plus an extra wide sealing strip helps cut down on bag waste. The included FoodSaver® Handheld Sealer is designed to work with FoodSaver® vacuum zipper bags, containers, canisters, and all other FoodSaver® accessories including wine stoppers, jar sealers and the Quick Marinator, without requiring additional adapters, or parts. Ideal for storing refrigerated and pantry foods, keeping them fresh longer compared to unwrapped foods. The stylish matte black finish adds a modern touch to any kitchen, and built-in cord storage keeps countertops clean and tidy when the sealer is not in use. This starter kit includes a six-month supply of bags and rolls so you can start sealing right away! Save more with a FoodSaver Vacuum Sealer, and get the most out of your food today. Accessories Included: (5) 11"" x 10' rolls (3) 8"" x 10' rolls, 3 precut quart-size bags 2 precut gallon-size bags 3 quart-size zipper bags 2 gallon-size zipper bags Handheld accessory Product Features: Built-in cord storage Extra-wide sealing strip Dimensions & More Info: Plastic 7.9” W x 16.1” L x 4.5” H 4.8 Lbs 120 Watts Made in China Warranty 5-Year Limited Warranty For product related questions, please contact “FoodSaver” at 1-877-777-8042"
"Nespresso Essenza Mini Espresso Machine by Breville, with Aeroccino Milk Frother",189.99,costco.com,https://www.costco.com/small-kitchen-appliances.html?currentPage=3&pageSize=24,2025-01-18 22:31:01,small-appliances,,https://www.costco.com/nespresso-essenza-mini-espresso-machine-by-breville%2c-with-aeroccino-milk-frother.product.4000294009.html,"Nespresso has delivered its most pure and sleek compact machine yet, without any compromise on taste! The Nespresso Essenza Mini espresso machine bundled with the Aeroccino 3 milk frother offers 2 programmable cup sizes, is intuitive, easy to use, and creates perfect espresso coffee just the way you like it. This surprisingly small machine crafts great espresso in just a few minutes thanks to its high-pressure pump and fast heat-up system. Each machine includes a complimentary welcome set with a range of Nespresso capsules with unique aromatic profiles. Accessories Included: Aeroccino Milk Frother Tasting Box of Nespresso Capsules Product Features: 2 programmable cup sizes 20.3 oz water tank capacity Thermoblock heating system Removable drip tray 25 second heat up time Dimensions & More Info: Type of material made out of: Made of 23.4% recycled plastic 3.3"" W x 12.7"" D x 8.0"" H 5.1 lbs Wattage 1260 Made in Hungary Warranty: Parts/Labor: 1 year","nespresso essenza mini espresso machine by breville, with aeroccino milk frother","nespresso has delivered its most pure and sleek compact machine yet, without any compromise on taste! the nespresso essenza mini espresso machine bundled with the aeroccino 3 milk frother offers 2 programmable cup sizes, is intuitive, easy to use, and creates perfect espresso coffee just the way you like it. this surprisingly small machine crafts great espresso in just a few minutes thanks to its high-pressure pump and fast heat-up system. each machine includes a complimentary welcome set with a range of nespresso capsules with unique aromatic profiles. accessories included: aeroccino milk frother tasting box of nespresso capsules product features: 2 programmable cup sizes 20.3 oz water tank capacity thermoblock heating system removable drip tray 25 second heat up time dimensions & more info: type of material made out of: made of 23.4% recycled plastic 3.3"" w x 12.7"" d x 8.0"" h 5.1 lbs wattage 1260 made in hungary warranty: parts/labor: 1 year","Nespresso Essenza Mini Espresso Machine by Breville, with Aeroccino Milk Frother Nespresso has delivered its most pure and sleek compact machine yet, without any compromise on taste! The Nespresso Essenza Mini espresso machine bundled with the Aeroccino 3 milk frother offers 2 programmable cup sizes, is intuitive, easy to use, and creates perfect espresso coffee just the way you like it. This surprisingly small machine crafts great espresso in just a few minutes thanks to its high-pressure pump and fast heat-up system. Each machine includes a complimentary welcome set with a range of Nespresso capsules with unique aromatic profiles. Accessories Included: Aeroccino Milk Frother Tasting Box of Nespresso Capsules Product Features: 2 programmable cup sizes 20.3 oz water tank capacity Thermoblock heating system Removable drip tray 25 second heat up time Dimensions & More Info: Type of material made out of: Made of 23.4% recycled plastic 3.3"" W x 12.7"" D x 8.0"" H 5.1 lbs Wattage 1260 Made in Hungary Warranty: Parts/Labor: 1 year"
"Kirkland Signature Vacuum Sealing Bags, Assortment Pack",23.99,costco.com,https://www.costco.com/small-kitchen-appliances.html?currentPage=3&pageSize=24,2025-01-18 22:31:01,small-appliances,,https://www.costco.com/kirkland-signature-vacuum-sealing-bags%2c-assortment-pack.product.100796371.html,"Get the most out of every meal with these durable and versatile Kirkland Signature Vacuum Sealing Bags. Compatible with most vacuum sealing systems, these bags lock in the freshness and flavors of food so you can store and enjoy later. These puncture-resistant, BPA-Free bags include rolls that can be custom cut to fit a variety of foods and 50 bags that are precut to a 1qt size. Seal left overs or bulk buy foods and freeze or refrigerate for later. Also a great way to marinate and season food, these vacuum sealing bags are must have for any kitchen. Accessories Included: 3 Rolls 8 in × 20 ft (20.3 cm × 6.1 m) 4 Rolls 11 in × 16 ft (27.9 cm × 4.88 m) 50 Pre-cut 1 QT Bags 8 in × 10 in (20.3 cm × 25.4 cm) Features: Extends the lifespan of food Locks out the air preventing food from dehydration Preserves food without chemicals and additives Great way to marinate and season food Easy and efficient type of packaging Bags and rolls are BPA-free Great for sous vide cooking Cut rolls to any size you need Dimensions & More: 100% Plastic Film (PE/PA) 3 Rolls 8 in × 20 ft (20.3 cm × 6.1 m) 4 Rolls 11 in × 16 ft (27.9 cm × 4.88 m) 50 Pre-cut 1 QT Bags 8 in × 10 in (20.3 cm × 25.4 cm) 5.20 Lbs","kirkland signature vacuum sealing bags, assortment pack","get the most out of every meal with these durable and versatile kirkland signature vacuum sealing bags. compatible with most vacuum sealing systems, these bags lock in the freshness and flavors of food so you can store and enjoy later. these puncture-resistant, bpa-free bags include rolls that can be custom cut to fit a variety of foods and 50 bags that are precut to a 1qt size. seal left overs or bulk buy foods and freeze or refrigerate for later. also a great way to marinate and season food, these vacuum sealing bags are must have for any kitchen. accessories included: 3 rolls 8 in × 20 ft (20.3 cm × 6.1 m) 4 rolls 11 in × 16 ft (27.9 cm × 4.88 m) 50 pre-cut 1 qt bags 8 in × 10 in (20.3 cm × 25.4 cm) features: extends the lifespan of food locks out the air preventing food from dehydration preserves food without chemicals and additives great way to marinate and season food easy and efficient type of packaging bags and rolls are bpa-free great for sous vide cooking cut rolls to any size you need dimensions & more: 100% plastic film (pe/pa) 3 rolls 8 in × 20 ft (20.3 cm × 6.1 m) 4 rolls 11 in × 16 ft (27.9 cm × 4.88 m) 50 pre-cut 1 qt bags 8 in × 10 in (20.3 cm × 25.4 cm) 5.20 lbs","Kirkland Signature Vacuum Sealing Bags, Assortment Pack Get the most out of every meal with these durable and versatile Kirkland Signature Vacuum Sealing Bags. Compatible with most vacuum sealing systems, these bags lock in the freshness and flavors of food so you can store and enjoy later. These puncture-resistant, BPA-Free bags include rolls that can be custom cut to fit a variety of foods and 50 bags that are precut to a 1qt size. Seal left overs or bulk buy foods and freeze or refrigerate for later. Also a great way to marinate and season food, these vacuum sealing bags are must have for any kitchen. Accessories Included: 3 Rolls 8 in × 20 ft (20.3 cm × 6.1 m) 4 Rolls 11 in × 16 ft (27.9 cm × 4.88 m) 50 Pre-cut 1 QT Bags 8 in × 10 in (20.3 cm × 25.4 cm) Features: Extends the lifespan of food Locks out the air preventing food from dehydration Preserves food without chemicals and additives Great way to marinate and season food Easy and efficient type of packaging Bags and rolls are BPA-free Great for sous vide cooking Cut rolls to any size you need Dimensions & More: 100% Plastic Film (PE/PA) 3 Rolls 8 in × 20 ft (20.3 cm × 6.1 m) 4 Rolls 11 in × 16 ft (27.9 cm × 4.88 m) 50 Pre-cut 1 QT Bags 8 in × 10 in (20.3 cm × 25.4 cm) 5.20 Lbs"
Ninja Foodi 6-in-1 10-qt. XL 2-Basket Air Fryer with DualZone Technology,159.99,costco.com,https://www.costco.com/small-kitchen-appliances.html?currentPage=3&pageSize=24,2025-01-18 22:31:01,small-appliances,,https://www.costco.com/ninja-foodi-6-in-1-10-qt.-xl-2-basket-air-fryer-with-dualzone-technology.product.4000270653.html,WARNING: Cancer and Reproductive Harm. For more information go to: www.P65Warnings.ca.gov . Designated Chemical Disclosure,ninja foodi 6-in-1 10-qt. xl 2-basket air fryer with dualzone technology,warning: cancer and reproductive harm. for more information go to: www.p65warnings.ca.gov . designated chemical disclosure,Ninja Foodi 6-in-1 10-qt. XL 2-Basket Air Fryer with DualZone Technology WARNING: Cancer and Reproductive Harm. For more information go to: www.P65Warnings.ca.gov . Designated Chemical Disclosure
FoodSaver Vacuum Sealer Rolls and Bags Variety Pack,29.99,costco.com,https://www.costco.com/small-kitchen-appliances.html?currentPage=3&pageSize=24,2025-01-18 22:31:01,small-appliances,,https://www.costco.com/foodsaver-vacuum-sealer-rolls-and-bags-variety-pack.product.4000301349.html,Limit 5 Per Member,foodsaver vacuum sealer rolls and bags variety pack,limit 5 per member,FoodSaver Vacuum Sealer Rolls and Bags Variety Pack Limit 5 Per Member
"bella 12"" x 22"" XL Griddle with Warming Tray",39.99,costco.com,https://www.costco.com/small-kitchen-appliances.html?currentPage=3&pageSize=24,2025-01-18 22:31:01,small-appliances,,https://www.costco.com/bella-12%22-x-22%22-xl-griddle-with-warming-tray.product.4000295711.html,WARNING: Cancer and Reproductive Harm. For more information go to: www.P65Warnings.ca.gov .,"bella 12"" x 22"" xl griddle with warming tray",warning: cancer and reproductive harm. for more information go to: www.p65warnings.ca.gov .,"bella 12"" x 22"" XL Griddle with Warming Tray WARNING: Cancer and Reproductive Harm. For more information go to: www.P65Warnings.ca.gov ."
Zojirushi 5.5-Cup Micom Rice Cooker and Warmer (1 Liter),124.99,costco.com,https://www.costco.com/small-kitchen-appliances.html?currentPage=3&pageSize=24,2025-01-18 22:31:01,small-appliances,,https://www.costco.com/zojirushi-5.5-cup-micom-rice-cooker-and-warmer-1-liter%2c-white.product.4000318171.html,"Designated Chemical Disclosure This Micom Rice Cooker & Warmer features micro computerized Fuzzy logic technology and is equipped with healthy GABA brown rice setting and convenient Jasmine rice setting. It also comes with a BPA-free steaming basket which allows this rice cooker to cook more than just rice! Accessories: Spatula Spatula Holder Steaming Basket Measuring Cup Warranty Card Instruction Manual Product Features: Micro computerized Fuzzy logic technology Healthy GABA brown rice menu setting Convenient Jasmine rice menu setting Triple heater: Heaters on the bottom, side and lid generate ideal temperature for precise cooking results Double sensors: Sensors on the lid and the base of cooker fine-tunes the cooking cycle to deliver perfect rice Delay timer (2 settings) Automatic keep warm and extended keep warm Dimensions & More Info: Type of material made out of: Polypropylene and aluminum 10 in x 13.13 in by 8.63 in 7.0 Lbs 610 Watts Made in China For product related questions, please contact “Zojirushi Customer Service“ at 1-800-733-6270",zojirushi 5.5-cup micom rice cooker and warmer (1 liter),"designated chemical disclosure this micom rice cooker & warmer features micro computerized fuzzy logic technology and is equipped with healthy gaba brown rice setting and convenient jasmine rice setting. it also comes with a bpa-free steaming basket which allows this rice cooker to cook more than just rice! accessories: spatula spatula holder steaming basket measuring cup warranty card instruction manual product features: micro computerized fuzzy logic technology healthy gaba brown rice menu setting convenient jasmine rice menu setting triple heater: heaters on the bottom, side and lid generate ideal temperature for precise cooking results double sensors: sensors on the lid and the base of cooker fine-tunes the cooking cycle to deliver perfect rice delay timer (2 settings) automatic keep warm and extended keep warm dimensions & more info: type of material made out of: polypropylene and aluminum 10 in x 13.13 in by 8.63 in 7.0 lbs 610 watts made in china for product related questions, please contact “zojirushi customer service“ at 1-800-733-6270","Zojirushi 5.5-Cup Micom Rice Cooker and Warmer (1 Liter) Designated Chemical Disclosure This Micom Rice Cooker & Warmer features micro computerized Fuzzy logic technology and is equipped with healthy GABA brown rice setting and convenient Jasmine rice setting. It also comes with a BPA-free steaming basket which allows this rice cooker to cook more than just rice! Accessories: Spatula Spatula Holder Steaming Basket Measuring Cup Warranty Card Instruction Manual Product Features: Micro computerized Fuzzy logic technology Healthy GABA brown rice menu setting Convenient Jasmine rice menu setting Triple heater: Heaters on the bottom, side and lid generate ideal temperature for precise cooking results Double sensors: Sensors on the lid and the base of cooker fine-tunes the cooking cycle to deliver perfect rice Delay timer (2 settings) Automatic keep warm and extended keep warm Dimensions & More Info: Type of material made out of: Polypropylene and aluminum 10 in x 13.13 in by 8.63 in 7.0 Lbs 610 Watts Made in China For product related questions, please contact “Zojirushi Customer Service“ at 1-800-733-6270"
Cuckoo 2 lb. Multifunctional Bread Maker,89.99,costco.com,https://www.costco.com/small-kitchen-appliances.html?currentPage=3&pageSize=24,2025-01-18 22:31:01,small-appliances,,https://www.costco.com/cuckoo-2-lb.-multifunctional-bread-maker.product.100752102.html,"WARNING: This product can expose you to DINP, which is known to the State of California to cause cancer. For more information go to: www.P65Warnings.ca.gov .",cuckoo 2 lb. multifunctional bread maker,"warning: this product can expose you to dinp, which is known to the state of california to cause cancer. for more information go to: www.p65warnings.ca.gov .","Cuckoo 2 lb. Multifunctional Bread Maker WARNING: This product can expose you to DINP, which is known to the State of California to cause cancer. For more information go to: www.P65Warnings.ca.gov ."
Cuisinart Long Slot Toaster,49.99,costco.com,https://www.costco.com/small-kitchen-appliances.html?currentPage=3&pageSize=24,2025-01-18 22:31:01,small-appliances,,https://www.costco.com/cuisinart-long-slot-toaster.product.4000310926.html,"Limit 5 per member Elevate your breakfast game with our long-slot toaster. Toast up to four regular-sized slices or two long sour dough or artisan breads simultaneously. Perfectly toast your bagels with the specialized bagel feature, which extends the toasting cycle for a crispy exterior and warm, soft interior. Reheat your toast without additional browning, turn frozen bread into a toasty delight, and customize your toasting level with our browning control lever, offering 7 different settings to achieve your preferred level of crispiness. Product Features: Extra-Large Dual 10-inch Toasting Slots for four regular-sized slices or two long artisan bread Extra-Lift Carriage Control Lever to bring the toast close to the top of the toaster for easy removal. Bagel feature (LED lights when selected) for extra time to toasting cycle Reheat feature (LED lights when selected) to reheat without toasting or browning Defrost feature (LED lights when selected) to defrost and toast frozen bread Browning feature which has a dial with 7 browning levels Cancel button will stop the toasting cycle Slide-Out Crumb Tray to easily remove crumbs Cord Storage to keep countertop neat Dimensions & More Info: Stainless Steel 19.13” L x 8.38” W x 9.25” H 6.000 Lbs Made in China Warranty: Limited 3-year warranty For product related questions, please contact Consumer Service Center toll-free at 1-800-726-0190 or write to: Cuisinart, 7475 North Glen Harbor Blvd., Glendale, AZ 85307.",cuisinart long slot toaster,"limit 5 per member elevate your breakfast game with our long-slot toaster. toast up to four regular-sized slices or two long sour dough or artisan breads simultaneously. perfectly toast your bagels with the specialized bagel feature, which extends the toasting cycle for a crispy exterior and warm, soft interior. reheat your toast without additional browning, turn frozen bread into a toasty delight, and customize your toasting level with our browning control lever, offering 7 different settings to achieve your preferred level of crispiness. product features: extra-large dual 10-inch toasting slots for four regular-sized slices or two long artisan bread extra-lift carriage control lever to bring the toast close to the top of the toaster for easy removal. bagel feature (led lights when selected) for extra time to toasting cycle reheat feature (led lights when selected) to reheat without toasting or browning defrost feature (led lights when selected) to defrost and toast frozen bread browning feature which has a dial with 7 browning levels cancel button will stop the toasting cycle slide-out crumb tray to easily remove crumbs cord storage to keep countertop neat dimensions & more info: stainless steel 19.13” l x 8.38” w x 9.25” h 6.000 lbs made in china warranty: limited 3-year warranty for product related questions, please contact consumer service center toll-free at 1-800-726-0190 or write to: cuisinart, 7475 north glen harbor blvd., glendale, az 85307.","Cuisinart Long Slot Toaster Limit 5 per member Elevate your breakfast game with our long-slot toaster. Toast up to four regular-sized slices or two long sour dough or artisan breads simultaneously. Perfectly toast your bagels with the specialized bagel feature, which extends the toasting cycle for a crispy exterior and warm, soft interior. Reheat your toast without additional browning, turn frozen bread into a toasty delight, and customize your toasting level with our browning control lever, offering 7 different settings to achieve your preferred level of crispiness. Product Features: Extra-Large Dual 10-inch Toasting Slots for four regular-sized slices or two long artisan bread Extra-Lift Carriage Control Lever to bring the toast close to the top of the toaster for easy removal. Bagel feature (LED lights when selected) for extra time to toasting cycle Reheat feature (LED lights when selected) to reheat without toasting or browning Defrost feature (LED lights when selected) to defrost and toast frozen bread Browning feature which has a dial with 7 browning levels Cancel button will stop the toasting cycle Slide-Out Crumb Tray to easily remove crumbs Cord Storage to keep countertop neat Dimensions & More Info: Stainless Steel 19.13” L x 8.38” W x 9.25” H 6.000 Lbs Made in China Warranty: Limited 3-year warranty For product related questions, please contact Consumer Service Center toll-free at 1-800-726-0190 or write to: Cuisinart, 7475 North Glen Harbor Blvd., Glendale, AZ 85307."
"Ninja Combi All-in-One Multicooker, Oven, and Air Fryer, Glass Lid",189.99,costco.com,https://www.costco.com/small-kitchen-appliances.html?currentPage=3&pageSize=24,2025-01-18 22:31:01,small-appliances,,https://www.costco.com/ninja-combi-all-in-one-multicooker%2c-oven%2c-and-air-fryer%2c-glass-lid.product.4000290289.html,Limit 5 per member,"ninja combi all-in-one multicooker, oven, and air fryer, glass lid",limit 5 per member,"Ninja Combi All-in-One Multicooker, Oven, and Air Fryer, Glass Lid Limit 5 per member"
Popsmith Popcorn Popper Starter Kit,169.99,costco.com,https://www.costco.com/small-kitchen-appliances.html?currentPage=3&pageSize=24,2025-01-18 22:31:01,small-appliances,,https://www.costco.com/popsmith-popcorn-popper-starter-kit.product.4000325314.html,"Designated Chemical Disclosure Make perfect movie theater popcorn at home with the Popsmith Popper. The all stainless steel popper's patented design allows for perfect savory buttery popcorn at  home. Compatible with all cooktops including induction burners. Easy to use in under 5 minutes, easy to clean, and dishwasher safe. Comes with 10 pre-measured popcorn kits which include everything you need to make perfect popcorn every single time. Popcorn kits include 100% coconut oil, locally sourced kernels from USA family farms and are vegan, gluten free, kosher, and non GMO. Popsmith is guaranteed to level up your next get together with neighbors and friends, family movie night, or Friday night in. You'll never go back to microwave popcorn again. Includes: (1) 6 Qt. stainless steel popcorn machine (2) 5-pack of Oh So Buttery pre-measured popcorn making kits Features: Make true movie theater popcorn at home. Multi-layered metal bottom and patented stirrer ensures no burnt batches or unpopped kernels Compatible with all cooktops, including Induction. Easy to clean. Dishwasher safe. 6-quart all stainless steel pot makes enough popcorn for up to 4 people. Made In: China Designed in: California For product related questions please contact Popsmith: hello@popsmith.com",popsmith popcorn popper starter kit,"designated chemical disclosure make perfect movie theater popcorn at home with the popsmith popper. the all stainless steel popper's patented design allows for perfect savory buttery popcorn at  home. compatible with all cooktops including induction burners. easy to use in under 5 minutes, easy to clean, and dishwasher safe. comes with 10 pre-measured popcorn kits which include everything you need to make perfect popcorn every single time. popcorn kits include 100% coconut oil, locally sourced kernels from usa family farms and are vegan, gluten free, kosher, and non gmo. popsmith is guaranteed to level up your next get together with neighbors and friends, family movie night, or friday night in. you'll never go back to microwave popcorn again. includes: (1) 6 qt. stainless steel popcorn machine (2) 5-pack of oh so buttery pre-measured popcorn making kits features: make true movie theater popcorn at home. multi-layered metal bottom and patented stirrer ensures no burnt batches or unpopped kernels compatible with all cooktops, including induction. easy to clean. dishwasher safe. 6-quart all stainless steel pot makes enough popcorn for up to 4 people. made in: china designed in: california for product related questions please contact popsmith: hello@popsmith.com","Popsmith Popcorn Popper Starter Kit Designated Chemical Disclosure Make perfect movie theater popcorn at home with the Popsmith Popper. The all stainless steel popper's patented design allows for perfect savory buttery popcorn at  home. Compatible with all cooktops including induction burners. Easy to use in under 5 minutes, easy to clean, and dishwasher safe. Comes with 10 pre-measured popcorn kits which include everything you need to make perfect popcorn every single time. Popcorn kits include 100% coconut oil, locally sourced kernels from USA family farms and are vegan, gluten free, kosher, and non GMO. Popsmith is guaranteed to level up your next get together with neighbors and friends, family movie night, or Friday night in. You'll never go back to microwave popcorn again. Includes: (1) 6 Qt. stainless steel popcorn machine (2) 5-pack of Oh So Buttery pre-measured popcorn making kits Features: Make true movie theater popcorn at home. Multi-layered metal bottom and patented stirrer ensures no burnt batches or unpopped kernels Compatible with all cooktops, including Induction. Easy to clean. Dishwasher safe. 6-quart all stainless steel pot makes enough popcorn for up to 4 people. Made In: China Designed in: California For product related questions please contact Popsmith: hello@popsmith.com"
bella 6-quart Programmable Slow Cooker with Additional 2-quart Slow Cooker Set,39.99,costco.com,https://www.costco.com/small-kitchen-appliances.html?currentPage=3&pageSize=24,2025-01-18 22:31:01,small-appliances,,https://www.costco.com/bella-6-quart-programmable-slow-cooker-with-additional-2-quart-slow-cooker-set.product.4000319456.html,Limit 5 per member,bella 6-quart programmable slow cooker with additional 2-quart slow cooker set,limit 5 per member,bella 6-quart Programmable Slow Cooker with Additional 2-quart Slow Cooker Set Limit 5 per member
Weston Meat Slicer,89.99,costco.com,https://www.costco.com/small-kitchen-appliances.html?currentPage=3&pageSize=24,2025-01-18 22:31:01,small-appliances,,https://www.costco.com/weston-meat-slicer.product.100676151.html,"Slice your favorite bulk meats into perfect deli slices using the compact Weston Meat Slicer with a 9&quot; blade. The adjustable thickness settings make it easy to slice from deli thin to over 1/2 inch thick. Use the food pusher with gripping teeth for controlled slicing. It has a smooth gliding carriage that helps make slicing easy, and a sturdy base with suction cup feet to make the slicer stable during operation. Features: Adjustable thickness from deli thin (for shaved cold cuts) to over ½ inch thick (for steaks and chops) Removable 8 5/8"" stainless steel blade Suction cups for stability Belt-driven motor Corrosion resistant coated steel and anodized aluminum body Tilt-out tray for cleaning",weston meat slicer,"slice your favorite bulk meats into perfect deli slices using the compact weston meat slicer with a 9&quot; blade. the adjustable thickness settings make it easy to slice from deli thin to over 1/2 inch thick. use the food pusher with gripping teeth for controlled slicing. it has a smooth gliding carriage that helps make slicing easy, and a sturdy base with suction cup feet to make the slicer stable during operation. features: adjustable thickness from deli thin (for shaved cold cuts) to over ½ inch thick (for steaks and chops) removable 8 5/8"" stainless steel blade suction cups for stability belt-driven motor corrosion resistant coated steel and anodized aluminum body tilt-out tray for cleaning","Weston Meat Slicer Slice your favorite bulk meats into perfect deli slices using the compact Weston Meat Slicer with a 9&quot; blade. The adjustable thickness settings make it easy to slice from deli thin to over 1/2 inch thick. Use the food pusher with gripping teeth for controlled slicing. It has a smooth gliding carriage that helps make slicing easy, and a sturdy base with suction cup feet to make the slicer stable during operation. Features: Adjustable thickness from deli thin (for shaved cold cuts) to over ½ inch thick (for steaks and chops) Removable 8 5/8"" stainless steel blade Suction cups for stability Belt-driven motor Corrosion resistant coated steel and anodized aluminum body Tilt-out tray for cleaning"
Hamilton Beach Programmable 6-Quart Slow Cooker,59.99,costco.com,https://www.costco.com/small-kitchen-appliances.html?currentPage=3&pageSize=24,2025-01-18 22:31:01,small-appliances,,https://www.costco.com/hamilton-beach-programmable-6-quart-slow-cooker.product.4000154391.html,"The Hamilton Beach Temp Tracker offers all the traditional benefits of slow cooking plus the ability to cook food to a specific temperature and maintain it for up to 24 hours – great for sous vide, poaching, simmering, braising, making yogurt & more. Accessories Included: Temperature Probe Product Features: INTEGRATED TEMPERATURE PROBE: Track your food’s temperature with the probe, minimizing the chances of overcooking and helping to ensure food safety when cooking beef, pork & poultry. MULTIPLE COOKING FUNCTIONS: Cook on Low, Medium or High with or without the probe; when the food is ready, the slow cooker shifts to Keep Warm or holds it at the selected temperature. EXPAND YOUR COOKING OPTIONS: Hold Temperature function lets you sous vide, prepare yogurt, poach, simmer, braise, make fondue & more. DIGITAL DISPLAY: Countdown timer displays remaining cooking time and toggles between the selected food temperature and a current internal temperature when the probe is in use. 6 QUART CAPACITY: Perfect size for a 6 lb. chicken or 4 lb. roast. Cook on low, medium, or high with or without the probe; when time is up, slow cooker shifts to warm Clip-tight lid for easy travel 4 probe locations: insert the probe in 1 of 4 areas, depending on what you’re cooking Convenient probe storage area Dimensions & More Info: Type of material made out of: Metal, ceramic, glass, and plastic 12” L x 17” W x 11.87” H 12 lbs 290-Watts Made in China Warranty: Can be found on pg-11 of the Use & Care Guide. Parts/Labor: 1-year limited warranty",hamilton beach programmable 6-quart slow cooker,"the hamilton beach temp tracker offers all the traditional benefits of slow cooking plus the ability to cook food to a specific temperature and maintain it for up to 24 hours – great for sous vide, poaching, simmering, braising, making yogurt & more. accessories included: temperature probe product features: integrated temperature probe: track your food’s temperature with the probe, minimizing the chances of overcooking and helping to ensure food safety when cooking beef, pork & poultry. multiple cooking functions: cook on low, medium or high with or without the probe; when the food is ready, the slow cooker shifts to keep warm or holds it at the selected temperature. expand your cooking options: hold temperature function lets you sous vide, prepare yogurt, poach, simmer, braise, make fondue & more. digital display: countdown timer displays remaining cooking time and toggles between the selected food temperature and a current internal temperature when the probe is in use. 6 quart capacity: perfect size for a 6 lb. chicken or 4 lb. roast. cook on low, medium, or high with or without the probe; when time is up, slow cooker shifts to warm clip-tight lid for easy travel 4 probe locations: insert the probe in 1 of 4 areas, depending on what you’re cooking convenient probe storage area dimensions & more info: type of material made out of: metal, ceramic, glass, and plastic 12” l x 17” w x 11.87” h 12 lbs 290-watts made in china warranty: can be found on pg-11 of the use & care guide. parts/labor: 1-year limited warranty","Hamilton Beach Programmable 6-Quart Slow Cooker The Hamilton Beach Temp Tracker offers all the traditional benefits of slow cooking plus the ability to cook food to a specific temperature and maintain it for up to 24 hours – great for sous vide, poaching, simmering, braising, making yogurt & more. Accessories Included: Temperature Probe Product Features: INTEGRATED TEMPERATURE PROBE: Track your food’s temperature with the probe, minimizing the chances of overcooking and helping to ensure food safety when cooking beef, pork & poultry. MULTIPLE COOKING FUNCTIONS: Cook on Low, Medium or High with or without the probe; when the food is ready, the slow cooker shifts to Keep Warm or holds it at the selected temperature. EXPAND YOUR COOKING OPTIONS: Hold Temperature function lets you sous vide, prepare yogurt, poach, simmer, braise, make fondue & more. DIGITAL DISPLAY: Countdown timer displays remaining cooking time and toggles between the selected food temperature and a current internal temperature when the probe is in use. 6 QUART CAPACITY: Perfect size for a 6 lb. chicken or 4 lb. roast. Cook on low, medium, or high with or without the probe; when time is up, slow cooker shifts to warm Clip-tight lid for easy travel 4 probe locations: insert the probe in 1 of 4 areas, depending on what you’re cooking Convenient probe storage area Dimensions & More Info: Type of material made out of: Metal, ceramic, glass, and plastic 12” L x 17” W x 11.87” H 12 lbs 290-Watts Made in China Warranty: Can be found on pg-11 of the Use & Care Guide. Parts/Labor: 1-year limited warranty"
Nutribullet Flip Insulated Portable Blender,89.99,costco.com,https://www.costco.com/small-kitchen-appliances.html?currentPage=3&pageSize=24,2025-01-18 22:31:01,small-appliances,,https://www.costco.com/nutribullet-flip-insulated-portable-blender.product.4000323761.html,"A unique combination portable blender and insulated travel tumbler, the Flip features a hybrid blade and lid that lets you blend and sip without any disassembly required. Its 11.1V USB-C-charged battery is 50% more powerful than most portable blenders on the market, driving a high-torque motor built to handle your favorite frozen ingredients. Plus, its stainless steel cup keeps contents cold up to 24 hours, making it the perfect companion for road trips, gym sessions, and other thrilling adventures. Accessories: 22 oz Stainless Steel Insulated Cup 20 oz Tritan Cup (2) Dual Straw and Sip To Go Lid (2) Stainless Steel Straws Cleaning Brush Blade Cover USB-C Charging Cord Charging Block User Guide Recipe Book Product Features: 11.1 V Hybrid Motor Base. Portable blender that’s travel friendly size. Blend and Sip without any disassembly. Capable of blending ice and most frozen fruits. Stainless Steel Tumbler keeps contents cold up to 24 hours. USB-C Charging port included. Cleaning is quick and easy. Limited One Year Warranty Dimensions & More Info: Constructed out of: Stainless Steel / Tritan Plastic 4.21"" L x 4.33"" W x 9.48"" H 2.44 lbs 11.1 V Made in China For product related questions, please contact “Nutribullet Customer Service“ at 1-800-523-5993 (Mon-Fri 9am-8pm EST)",nutribullet flip insulated portable blender,"a unique combination portable blender and insulated travel tumbler, the flip features a hybrid blade and lid that lets you blend and sip without any disassembly required. its 11.1v usb-c-charged battery is 50% more powerful than most portable blenders on the market, driving a high-torque motor built to handle your favorite frozen ingredients. plus, its stainless steel cup keeps contents cold up to 24 hours, making it the perfect companion for road trips, gym sessions, and other thrilling adventures. accessories: 22 oz stainless steel insulated cup 20 oz tritan cup (2) dual straw and sip to go lid (2) stainless steel straws cleaning brush blade cover usb-c charging cord charging block user guide recipe book product features: 11.1 v hybrid motor base. portable blender that’s travel friendly size. blend and sip without any disassembly. capable of blending ice and most frozen fruits. stainless steel tumbler keeps contents cold up to 24 hours. usb-c charging port included. cleaning is quick and easy. limited one year warranty dimensions & more info: constructed out of: stainless steel / tritan plastic 4.21"" l x 4.33"" w x 9.48"" h 2.44 lbs 11.1 v made in china for product related questions, please contact “nutribullet customer service“ at 1-800-523-5993 (mon-fri 9am-8pm est)","Nutribullet Flip Insulated Portable Blender A unique combination portable blender and insulated travel tumbler, the Flip features a hybrid blade and lid that lets you blend and sip without any disassembly required. Its 11.1V USB-C-charged battery is 50% more powerful than most portable blenders on the market, driving a high-torque motor built to handle your favorite frozen ingredients. Plus, its stainless steel cup keeps contents cold up to 24 hours, making it the perfect companion for road trips, gym sessions, and other thrilling adventures. Accessories: 22 oz Stainless Steel Insulated Cup 20 oz Tritan Cup (2) Dual Straw and Sip To Go Lid (2) Stainless Steel Straws Cleaning Brush Blade Cover USB-C Charging Cord Charging Block User Guide Recipe Book Product Features: 11.1 V Hybrid Motor Base. Portable blender that’s travel friendly size. Blend and Sip without any disassembly. Capable of blending ice and most frozen fruits. Stainless Steel Tumbler keeps contents cold up to 24 hours. USB-C Charging port included. Cleaning is quick and easy. Limited One Year Warranty Dimensions & More Info: Constructed out of: Stainless Steel / Tritan Plastic 4.21"" L x 4.33"" W x 9.48"" H 2.44 lbs 11.1 V Made in China For product related questions, please contact “Nutribullet Customer Service“ at 1-800-523-5993 (Mon-Fri 9am-8pm EST)"
Midea 11-quart Dual Basket Air Fryer Oven,99.99,costco.com,https://www.costco.com/small-kitchen-appliances.html?currentPage=3&pageSize=24,2025-01-18 22:31:01,small-appliances,,https://www.costco.com/midea-11-quart-dual-basket-air-fryer-oven.product.4000188881.html,Limit 5 per member,midea 11-quart dual basket air fryer oven,limit 5 per member,Midea 11-quart Dual Basket Air Fryer Oven Limit 5 per member
Tramontina 4-piece Induction Cooking System,119.99,costco.com,https://www.costco.com/small-kitchen-appliances.html?currentPage=3&pageSize=24,2025-01-18 22:31:01,small-appliances,,https://www.costco.com/tramontina-4-piece-induction-cooking-system.product.100834095.html,"California Designated Chemical Disclosure Tramontina 4 Piece induction cooking system is an energy efficient way of cooking that is quick, safe, clean, and allows for precision heating control. This set comes with a portable induction cooktop and compatible cookware that is made of premium stainless steel, featuring a tri-ply clad construction, which makes the set ideal for induction cooking. Product Features: Cast Stainless Steel Handles — Riveted (Cookware) Compatible with all Cooktops (Cookware) Oven-Safe up to 450°F/232°C (Cookware) Dishwasher Safe (Cookware) Uses Standard 120V Power Source (Induction Cooktop) Level and Temp Modes Provide Versatile Cooking Functionality (Induction Cooktop) Timer Tracks Cooking Progress (Induction Cooktop) Overheat Protection (Induction Cooktop) Accessories Included: Induction Burner 10 ” SS Nonstick Sauté Pan 4 QT Covered Universal Pan (All cookware pieces are Tri-Ply Clad Stainless Steel – Induction Compatible) Dimensions & More Info: 14.57” x 11.42” x 2.17” - Cooktop 5.15 lbs. - Cooktop 1800 Watts For product related questions please contact Tramontina USA, Inc. at 1-800-221-7809.",tramontina 4-piece induction cooking system,"california designated chemical disclosure tramontina 4 piece induction cooking system is an energy efficient way of cooking that is quick, safe, clean, and allows for precision heating control. this set comes with a portable induction cooktop and compatible cookware that is made of premium stainless steel, featuring a tri-ply clad construction, which makes the set ideal for induction cooking. product features: cast stainless steel handles — riveted (cookware) compatible with all cooktops (cookware) oven-safe up to 450°f/232°c (cookware) dishwasher safe (cookware) uses standard 120v power source (induction cooktop) level and temp modes provide versatile cooking functionality (induction cooktop) timer tracks cooking progress (induction cooktop) overheat protection (induction cooktop) accessories included: induction burner 10 ” ss nonstick sauté pan 4 qt covered universal pan (all cookware pieces are tri-ply clad stainless steel – induction compatible) dimensions & more info: 14.57” x 11.42” x 2.17” - cooktop 5.15 lbs. - cooktop 1800 watts for product related questions please contact tramontina usa, inc. at 1-800-221-7809.","Tramontina 4-piece Induction Cooking System California Designated Chemical Disclosure Tramontina 4 Piece induction cooking system is an energy efficient way of cooking that is quick, safe, clean, and allows for precision heating control. This set comes with a portable induction cooktop and compatible cookware that is made of premium stainless steel, featuring a tri-ply clad construction, which makes the set ideal for induction cooking. Product Features: Cast Stainless Steel Handles — Riveted (Cookware) Compatible with all Cooktops (Cookware) Oven-Safe up to 450°F/232°C (Cookware) Dishwasher Safe (Cookware) Uses Standard 120V Power Source (Induction Cooktop) Level and Temp Modes Provide Versatile Cooking Functionality (Induction Cooktop) Timer Tracks Cooking Progress (Induction Cooktop) Overheat Protection (Induction Cooktop) Accessories Included: Induction Burner 10 ” SS Nonstick Sauté Pan 4 QT Covered Universal Pan (All cookware pieces are Tri-Ply Clad Stainless Steel – Induction Compatible) Dimensions & More Info: 14.57” x 11.42” x 2.17” - Cooktop 5.15 lbs. - Cooktop 1800 Watts For product related questions please contact Tramontina USA, Inc. at 1-800-221-7809."
